name,release_year,poster,imdbid,streaming,rent,buy,num_streaming
Biutiful,2010,https://images.justwatch.com/poster/251318105/s718/biutiful.jpg,tt1164999,"['Amazon Prime Video', 'Amazon Prime Video with Ads']","['Apple TV Store ($3.99)', 'Google Play Movies ($3.99)', 'YouTube ($3.99)']",['Amazon DVD / Blu-ray ($20.34)'],2
True Grit,2010,https://images.justwatch.com/poster/302144650/s718/true-grit.jpg,tt1403865,"['fuboTV', 'MGM+ Amazon Channel', 'MGM Plus Roku Premium Channel', 'Philo', 'Paramount Plus Essential']","['Amazon Video ($3.99)', 'Apple TV Store ($3.99)', 'Google Play Movies ($3.99)', 'YouTube ($3.99)', 'Fandango At Home ($3.99)', 'Spectrum On Demand ($3.99)']","['Barnes & Noble ($4.99)', 'Amazon DVD / Blu-ray ($7.88)']",5
The Social Network,2010,https://images.justwatch.com/poster/162723522/s718/the-social-network.jpg,tt1285016,[],"['Amazon Video ($3.99)', 'Apple TV Store ($3.99)', 'Google Play Movies ($3.99)', 'YouTube ($3.99)', 'Fandango At Home ($3.99)', 'Spectrum On Demand ($3.99)']","['Amazon DVD / Blu-ray ($9.99)', 'Barnes & Noble ($14.99)']",0
The King's Speech,2010,https://images.justwatch.com/poster/180532598/s718/the-kings-speech.jpg,tt1504320,"['Britbox Apple TV Channel ', 'MovieSphere+ Amazon Channel']","['Amazon Video ($3.99)', 'Apple TV Store ($3.99)', 'Google Play Movies ($3.99)', 'YouTube ($3.99)', 'Fandango At Home ($3.99)']",['Amazon DVD / Blu-ray ($11.28)'],2
127 Hours,2010,https://images.justwatch.com/poster/201604358/s718/127-hours.jpg,tt1542344,[],"['Amazon Video ($3.99)', 'Apple TV Store ($3.99)', 'Google Play Movies ($3.99)', 'YouTube ($3.99)', 'Fandango At Home ($3.99)']",['Amazon DVD / Blu-ray ($82)'],0
The Fighter,2010,https://images.justwatch.com/poster/322807470/s718/fighter-the.jpg,tt0964517,"['Paramount+ Amazon Channel', 'MGM Plus', 'Paramount Plus Essential', 'Paramount Plus Premium']","['Amazon Video ($3.99)', 'Apple TV Store ($3.99)', 'Google Play Movies ($3.99)', 'YouTube ($3.99)', 'Fandango At Home ($3.99)', 'Spectrum On Demand ($3.99)']","['Barnes & Noble ($12.99)', 'Amazon DVD / Blu-ray ($14.6)']",4
Winter's Bone,2010,https://images.justwatch.com/poster/181940177/s718/winters-bone.jpg,tt1399683,[],"['Amazon Video ($3.99)', 'Apple TV Store ($3.99)', 'Google Play Movies ($3.99)', 'Fandango At Home ($3.99)']","['YouTube ($12.99)', 'Amazon DVD / Blu-ray ($17.98)', 'Zavvi ($24.99)']",0
The Town,2010,https://images.justwatch.com/poster/153749975/s718/the-town.jpg,tt0840361,"['HBO Max', 'HBO Max Amazon Channel']","['Amazon Video ($3.99)', 'Apple TV Store ($3.99)', 'Google Play Movies ($3.99)', 'YouTube ($3.99)', 'Fandango At Home ($3.99)', 'Spectrum On Demand ($3.99)']","['Amazon DVD / Blu-ray ($None)', 'Barnes & Noble ($4.99)', 'GRUV ($7.99)']",2
The Kids Are All Right,2010,https://images.justwatch.com/poster/176257392/s718/the-kids-are-all-right.jpg,tt0842926,[],"['Amazon Video ($3.79)', 'Google Play Movies ($3.79)', 'YouTube ($3.79)', 'Apple TV Store ($3.99)', 'Fandango At Home ($3.99)']",['Amazon DVD / Blu-ray ($67.66)'],0
Rabbit Hole,2010,https://images.justwatch.com/poster/184660320/s718/rabbit-hole.jpg,tt0935075,"['Amazon Prime Video', 'Amazon Prime Video with Ads', 'MovieSphere+ Amazon Channel']","['Amazon Video ($3.99)', 'Google Play Movies ($3.99)', 'YouTube ($3.99)', 'Fandango At Home ($3.99)']",['Amazon DVD / Blu-ray ($25.19)'],3
Black Swan,2010,https://images.justwatch.com/poster/306878259/s718/black-swan.jpg,tt0947798,['Hulu'],"['Amazon Video ($3.99)', 'Apple TV Store ($3.99)', 'Google Play Movies ($3.99)', 'YouTube ($3.99)', 'Fandango At Home ($3.99)']","['Amazon DVD / Blu-ray ($9.33)', 'Barnes & Noble ($16.98)', 'GRUV ($19.98)']",1
Blue Valentine,2010,https://images.justwatch.com/poster/84178484/s718/blue-valentine.jpg,tt1120985,[],"['Amazon Video ($3.99)', 'Fandango At Home ($3.99)', 'FlixFling ($3.99)']",['Amazon DVD / Blu-ray ($20.81)'],0
Animal Kingdom,2010,https://images.justwatch.com/poster/10701096/s718/animal-kingdom.jpg,tt1313092,"['Amazon Prime Video', 'Amazon Prime Video with Ads']","['Amazon Video ($3.99)', 'Apple TV Store ($3.99)', 'Google Play Movies ($3.99)', 'YouTube ($3.99)', 'Fandango At Home ($3.99)']","['Amazon DVD / Blu-ray ($17.72)', 'Barnes & Noble ($19.98)']",2
How to Train Your Dragon,2010,https://images.justwatch.com/poster/8718449/s718/how-to-train-your-dragon.jpg,tt0892769,"['Netflix', 'Peacock Premium', 'Netflix Standard with Ads', 'Peacock Premium Plus']","['Amazon Video ($3.99)', 'Apple TV Store ($3.99)', 'Google Play Movies ($3.99)', 'YouTube ($3.99)', 'Fandango At Home ($3.99)']","['Amazon DVD / Blu-ray ($None)', 'GRUV ($7.99)', 'Barnes & Noble ($9.99)', 'Zavvi ($25.99)']",4
The Illusionist,2010,https://images.justwatch.com/poster/9627289/s718/the-illusionist-2010.jpg,tt0775489,[],"['Amazon Video ($3.99)', 'Apple TV Store ($3.99)', 'Google Play Movies ($3.99)', 'YouTube ($3.99)', 'Fandango At Home ($3.99)', 'Spectrum On Demand ($3.99)']",['Amazon DVD / Blu-ray ($9.22)'],0
Toy Story 3,2010,https://images.justwatch.com/poster/76716425/s718/toy-story-3-3d.jpg,tt0435761,['Disney Plus'],"['Amazon Video ($3.99)', 'Apple TV Store ($3.99)', 'Google Play Movies ($3.99)', 'YouTube ($3.99)', 'Fandango At Home ($3.99)']",['Amazon DVD / Blu-ray ($15.57)'],1
Alice in Wonderland,2010,https://images.justwatch.com/poster/137960527/s718/alice-in-wonderland-2010-0.jpg,tt1014759,['Disney Plus'],"['Amazon Video ($3.99)', 'Apple TV Store ($3.99)', 'Google Play Movies ($3.99)', 'YouTube ($3.99)', 'Fandango At Home ($3.99)']","['Amazon DVD / Blu-ray ($12.92)', 'Barnes & Noble ($14.99)']",1
Harry Potter and the Deathly Hallows: Part 1,2010,https://images.justwatch.com/poster/35403434/s718/harry-potter-7-deathly-hallows-part-1.jpg,tt0926084,"['HBO Max', 'HBO Max Amazon Channel', 'Peacock Premium', 'YouTube TV', 'Peacock Premium Plus']","['Plex ($2.99)', 'Spectrum On Demand ($3.99)', 'Amazon Video ($4.99)', 'Apple TV Store ($4.99)', 'Google Play Movies ($4.99)', 'YouTube ($4.99)', 'Fandango At Home ($4.99)']","['Amazon DVD / Blu-ray ($None)', 'GRUV ($13.99)', 'Barnes & Noble ($14.99)']",5
Inception,2010,https://images.justwatch.com/poster/302449148/s718/inception.jpg,tt1375666,"['HBO Max', 'HBO Max Amazon Channel', 'Cinemax Amazon Channel', 'Cinemax Apple TV Channel']","['Plex ($2.99)', 'Spectrum On Demand ($3.99)', 'Amazon Video ($4.99)', 'Apple TV Store ($4.99)', 'Google Play Movies ($4.99)', 'YouTube ($4.99)', 'Fandango At Home ($4.99)']","['Barnes & Noble ($4.99)', 'GRUV ($7.99)', 'Amazon DVD / Blu-ray ($9.99)', 'Zavvi ($43.99)']",4
I Am Love,2010,https://images.justwatch.com/poster/311488710/s718/i-am-love.jpg,tt1226236,"['Philo', 'Magnolia Selects Amazon Channel']","['Amazon Video ($2.99)', 'Fandango At Home ($2.99)', 'Apple TV Store ($3.99)', 'Google Play Movies ($3.99)', 'YouTube ($3.99)']","['Amazon DVD / Blu-ray ($8.49)', 'Barnes & Noble ($12.99)']",2
The Tempest,2010,https://images.justwatch.com/poster/209738970/s718/the-tempest-2010.jpg,tt1274300,['Marquee TV Amazon Channel'],"['Amazon Video ($3.99)', 'Apple TV Store ($3.99)', 'Google Play Movies ($3.99)', 'YouTube ($3.99)', 'Fandango At Home ($3.99)']","['GRUV ($21.99)', 'Amazon DVD / Blu-ray ($29.3)']",1
Exit Through the Gift Shop,2010,https://images.justwatch.com/poster/175711837/s718/exit-through-the-gift-shop.jpg,tt1587707,[],[],"['Amazon DVD / Blu-ray ($19.73)', 'Barnes & Noble ($29.99)']",0
Gasland,2010,https://images.justwatch.com/poster/261338827/s718/gasland.jpg,tt1558250,[],[],[],0
Inside Job,2010,https://images.justwatch.com/poster/10107324/s718/inside-job.jpg,tt1645089,['TCM'],"['Apple TV Store ($3.99)', 'Google Play Movies ($3.99)', 'YouTube ($3.99)', 'Fandango At Home ($3.99)']",['Barnes & Noble ($14.99)'],1
Restrepo,2010,https://images.justwatch.com/poster/62118736/s718/restrepo.jpg,tt1559549,[],['Apple TV Store ($3.99)'],['Amazon DVD / Blu-ray ($36.68)'],0
Waste Land,2010,https://images.justwatch.com/poster/179689831/s718/art-is-garbage.jpg,tt1268204,[],"['Amazon Video ($2.99)', 'Fandango At Home ($2.99)']",['Amazon DVD / Blu-ray ($15.81)'],0
Dogtooth,2009,https://images.justwatch.com/poster/133154145/s718/dogtooth.jpg,tt1379182,['Kino Film Collection'],"['Amazon Video ($2)', 'Fandango At Home ($2.99)', 'Apple TV Store ($3.99)', 'Google Play Movies ($3.99)', 'YouTube ($3.99)']","['Barnes & Noble ($14.99)', 'Amazon DVD / Blu-ray ($49.95)']",1
In a Better World,2010,https://images.justwatch.com/poster/181939453/s718/in-a-better-world.jpg,tt1340107,[],"['Amazon Video ($3.99)', 'Apple TV Store ($3.99)', 'Google Play Movies ($3.99)', 'YouTube ($3.99)', 'Fandango At Home ($3.99)']",['Amazon DVD / Blu-ray ($14.87)'],0
Incendies,2010,https://images.justwatch.com/poster/323070621/s718/incendies.jpg,tt1255953,[],"['Amazon Video ($3.99)', 'Apple TV Store ($3.99)', 'Google Play Movies ($3.99)', 'YouTube ($3.99)', 'Fandango At Home ($3.99)']","['Amazon DVD / Blu-ray ($None)', 'Barnes & Noble ($19.98)', 'Zavvi ($29.99)']",0
Outside the Law,2010,https://images.justwatch.com/poster/303795683/s718/outside-the-law.jpg,tt1229381,['Cohen Media Amazon Channel'],"['Google Play Movies ($4.99)', 'YouTube ($4.99)']","['Amazon DVD / Blu-ray ($3.57)', 'Barnes & Noble ($14.99)']",1
Barney's Version,2010,https://images.justwatch.com/poster/238715338/s718/barneys-version.jpg,tt1423894,['FilmBox+'],"['Amazon Video ($3.99)', 'Apple TV Store ($3.99)', 'Google Play Movies ($3.99)', 'YouTube ($3.99)', 'Fandango At Home ($3.99)']",['Amazon DVD / Blu-ray ($62)'],1
The Way Back,2010,https://images.justwatch.com/poster/319777969/s718/the-way-back.jpg,tt1023114,"['Philo', 'MUBI', 'MUBI Amazon Channel']","['Amazon Video ($2.99)', 'Fandango At Home ($2.99)', 'Apple TV Store ($3.99)', 'Spectrum On Demand ($3.99)', 'Google Play Movies ($4.99)', 'YouTube ($4.99)']","['Amazon DVD / Blu-ray ($9.98)', 'Barnes & Noble ($14.99)']",3
The Wolfman,2010,https://images.justwatch.com/poster/186293195/s718/the-wolfman.jpg,tt0780653,"['HBO Max', 'HBO Max Amazon Channel', 'Cinemax Amazon Channel', 'Cinemax Apple TV Channel']","['Amazon Video ($3.99)', 'Apple TV Store ($3.99)', 'Google Play Movies ($3.99)', 'YouTube ($3.99)', 'Fandango At Home ($3.99)']","['Amazon DVD / Blu-ray ($7.95)', 'Barnes & Noble ($14.99)']",4
Country Strong,2010,https://images.justwatch.com/poster/262658807/s718/country-strong.jpg,tt1555064,[],"['Amazon Video ($3.99)', 'Apple TV Store ($3.99)', 'Google Play Movies ($3.99)', 'YouTube ($3.99)', 'Fandango At Home ($3.99)']",['Amazon DVD / Blu-ray ($5.99)'],0
Tangled,2010,https://images.justwatch.com/poster/182677032/s718/tangled-2010.jpg,tt0398286,['Disney Plus'],"['Amazon Video ($3.99)', 'Apple TV Store ($3.99)', 'Google Play Movies ($3.99)', 'YouTube ($3.99)', 'Fandango At Home ($3.99)']","['Barnes & Noble ($19.98)', 'Amazon DVD / Blu-ray ($31.94)']",1
The Gruffalo,2009,https://images.justwatch.com/poster/250846137/s718/the-gruffalo.jpg,tt1461418,[],"['Amazon Video ($2.99)', 'Apple TV Store ($2.99)', 'Fandango At Home ($2.99)', 'Google Play Movies ($3.99)', 'YouTube ($3.99)']",['Amazon DVD / Blu-ray ($24.99)'],0
TRON: Legacy,2010,https://images.justwatch.com/poster/215546341/s718/tron-2-0.jpg,tt1104001,['Disney Plus'],"['Amazon Video ($3.99)', 'Google Play Movies ($3.99)', 'YouTube ($3.99)', 'Fandango At Home ($3.99)', 'Apple TV Store ($4.99)']","['Amazon DVD / Blu-ray ($8.23)', 'Barnes & Noble ($12.99)']",1
Unstoppable,2010,https://images.justwatch.com/poster/175666508/s718/8888.jpg,tt0477080,['Hulu'],"['Amazon Video ($3.99)', 'Google Play Movies ($3.99)', 'YouTube ($3.99)', 'Fandango At Home ($3.99)', 'Apple TV Store ($4.99)']",['Amazon DVD / Blu-ray ($25.28)'],1
Salt,2010,https://images.justwatch.com/poster/331689030/s718/salt-2010.jpg,tt0944835,"['Starz Apple TV Channel', 'Starz', 'Starz Amazon Channel']","['Amazon Video ($3.99)', 'Apple TV Store ($3.99)', 'Google Play Movies ($3.99)', 'YouTube ($3.99)', 'Fandango At Home ($3.99)']","['Barnes & Noble ($6.99)', 'Amazon DVD / Blu-ray ($9.99)']",3
Hereafter,2010,https://images.justwatch.com/poster/180536414/s718/hereafter.jpg,tt1212419,[],"['Amazon Video ($3.99)', 'Apple TV Store ($3.99)', 'Google Play Movies ($3.99)', 'YouTube ($3.99)', 'Fandango At Home ($3.99)']",['Amazon DVD / Blu-ray ($8.41)'],0
Iron Man 2,2010,https://images.justwatch.com/poster/31859826/s718/iron-man-ii.jpg,tt1228705,['Disney Plus'],"['Amazon Video ($3.99)', 'Apple TV Store ($3.99)', 'Google Play Movies ($3.99)', 'YouTube ($3.99)', 'Fandango At Home ($3.99)']",['Amazon DVD / Blu-ray ($16.26)'],1
Another Year,2010,https://images.justwatch.com/poster/9663687/s718/another-year.jpg,tt1431181,[],"['Amazon Video ($3.99)', 'Apple TV Store ($3.99)', 'Google Play Movies ($3.99)', 'YouTube ($3.99)', 'Fandango At Home ($3.99)']","['Barnes & Noble ($19.98)', 'Amazon DVD / Blu-ray ($30.16)']",0
A Better Life,2011,https://images.justwatch.com/poster/47667231/s718/una-vida-mejor.jpg,tt1554091,"['Amazon Prime Video', 'Amazon Prime Video with Ads']","['Amazon Video ($3.99)', 'Apple TV Store ($3.99)', 'Google Play Movies ($3.99)', 'YouTube ($3.99)', 'Fandango At Home ($3.99)']",['Amazon DVD / Blu-ray ($69.15)'],2
The Descendants,2011,https://images.justwatch.com/poster/307122303/s718/the-descendents.jpg,tt1033575,"['HBO Max', 'HBO Max Amazon Channel']","['Amazon Video ($3.99)', 'Google Play Movies ($3.99)', 'YouTube ($3.99)', 'Fandango At Home ($3.99)', 'Apple TV Store ($4.99)']","['Amazon DVD / Blu-ray ($7.2)', 'GRUV ($19.98)']",2
The Artist,2011,https://images.justwatch.com/poster/338490812/s718/the-artist.jpg,tt1655442,[],"['Amazon Prime Video ($3.99)', 'Amazon Video ($3.99)', 'Apple TV Store ($3.99)', 'Google Play Movies ($3.99)', 'YouTube ($3.99)', 'Fandango At Home ($3.99)']",['Amazon DVD / Blu-ray ($6.56)'],0
Tinker Tailor Soldier Spy,2011,https://images.justwatch.com/poster/245030423/s718/tinker-tailor-soldier-spy-2011.jpg,tt1340800,[],"['Amazon Video ($3.99)', 'Apple TV Store ($3.99)', 'Google Play Movies ($3.99)', 'YouTube ($3.99)', 'Fandango At Home ($3.99)']","['GRUV ($7.99)', 'Barnes & Noble ($10.49)', 'Amazon DVD / Blu-ray ($15.33)', 'Zavvi ($34.99)']",0
Moneyball,2011,https://images.justwatch.com/poster/174447381/s718/moneyball.jpg,tt1210166,"['YouTube TV', 'AMC', 'Philo']","['Amazon Video ($3.99)', 'Apple TV Store ($3.99)', 'Google Play Movies ($3.99)', 'YouTube ($3.99)', 'Fandango At Home ($3.99)', 'Spectrum On Demand ($3.99)']","['Barnes & Noble ($4.88)', 'Amazon DVD / Blu-ray ($13.98)']",3
My Week with Marilyn,2011,https://images.justwatch.com/poster/245642254/s718/my-week-with-marilyn.jpg,tt1655420,"['Peacock Premium', 'Britbox Apple TV Channel ', 'Peacock Premium Plus']","['Amazon Video ($3.99)', 'Apple TV Store ($3.99)', 'Google Play Movies ($3.99)', 'YouTube ($3.99)', 'Fandango At Home ($3.99)']","['Barnes & Noble ($9.99)', 'Amazon DVD / Blu-ray ($13.98)']",3
Warrior,2011,https://images.justwatch.com/poster/175253539/s718/warrior-2011.jpg,tt1291584,"['Amazon Prime Video', 'Amazon Prime Video with Ads']","['Amazon Video ($3.99)', 'Apple TV Store ($3.99)', 'Google Play Movies ($3.99)', 'YouTube ($3.99)', 'Fandango At Home ($3.99)', 'FlixFling ($3.99)']",['Amazon DVD / Blu-ray ($5.91)'],2
Beginners,2011,https://images.justwatch.com/poster/336534608/s718/beginners.jpg,tt1532503,[],"['Amazon Video ($3.79)', 'Google Play Movies ($3.79)', 'YouTube ($3.79)', 'Apple TV Store ($3.99)', 'Fandango At Home ($3.99)']","['Amazon DVD / Blu-ray ($None)', 'GRUV ($10)']",0
Extremely Loud & Incredibly Close,2011,https://images.justwatch.com/poster/237488918/s718/extremely-loud-and-incredibly-close.jpg,tt0477302,[],"['Amazon Video ($2.99)', 'Apple TV Store ($2.99)', 'Google Play Movies ($2.99)', 'YouTube ($2.99)', 'Fandango At Home ($2.99)', 'Spectrum On Demand ($3.99)']","['GRUV ($7.99)', 'Amazon DVD / Blu-ray ($9.69)']",0
Albert Nobbs,2011,https://images.justwatch.com/poster/9403401/s718/albert-nobbs.jpg,tt1602098,[],"['Amazon Video ($3.99)', 'Apple TV Store ($3.99)', 'Google Play Movies ($3.99)', 'YouTube ($3.99)', 'Fandango At Home ($3.99)']","['Barnes & Noble ($9.99)', 'Amazon DVD / Blu-ray ($9.99)']",0
The Help,2011,https://images.justwatch.com/poster/110214897/s718/the-help.jpg,tt1454029,"['Hulu', 'fuboTV', 'YouTube TV']","['Amazon Video ($3.99)', 'Apple TV Store ($3.99)', 'Google Play Movies ($3.99)', 'YouTube ($3.99)', 'Fandango At Home ($3.99)']",['Amazon DVD / Blu-ray ($16.73)'],3
The Girl with the Dragon Tattoo,2011,https://images.justwatch.com/poster/301733356/s718/the-girl-with-the-dragon-tattoo.jpg,tt1568346,[],"['Amazon Video ($3.99)', 'Apple TV Store ($3.99)', 'Google Play Movies ($3.99)', 'YouTube ($3.99)', 'Fandango At Home ($3.99)', 'Spectrum On Demand ($3.99)']","['Amazon DVD / Blu-ray ($12.99)', 'Barnes & Noble ($39.99)']",0
The Iron Lady,2011,https://images.justwatch.com/poster/182259478/s718/the-iron-lady.jpg,tt1007029,"['Amazon Prime Video', 'fuboTV', 'Britbox Apple TV Channel ', 'Curiosity Stream', 'CuriosityStream Apple TV Channel', 'Amazon Prime Video with Ads', 'CuriosityStream Amazon Channel']","['Amazon Video ($3.99)', 'Apple TV Store ($3.99)', 'Google Play Movies ($3.99)', 'YouTube ($3.99)', 'Fandango At Home ($3.99)']","['Barnes & Noble ($9.99)', 'Amazon DVD / Blu-ray ($13.87)']",7
Bridesmaids,2011,https://images.justwatch.com/poster/301539331/s718/bridesmaids.jpg,tt1478338,"['Starz Apple TV Channel', 'Starz Roku Premium Channel', 'Starz', 'Philo', 'Starz Amazon Channel']","['Amazon Video ($3.99)', 'Apple TV Store ($3.99)', 'Google Play Movies ($3.99)', 'YouTube ($3.99)', 'Fandango At Home ($3.99)']","['GRUV ($7.99)', 'Amazon DVD / Blu-ray ($9.27)', 'Barnes & Noble ($9.99)']",5
A Cat in Paris,2010,https://images.justwatch.com/poster/192060264/s718/a-cat-in-paris.jpg,tt1673702,[],"['Fandango At Home ($2.99)', 'Apple TV Store ($3.99)']","['Amazon DVD / Blu-ray ($19.98)', 'Barnes & Noble ($24.99)']",0
Chico & Rita,2010,https://images.justwatch.com/poster/199347596/s718/chico-and-rita.jpg,tt1235830,[],"['Fandango At Home ($2.99)', 'Apple TV Store ($3.99)']",['Amazon DVD / Blu-ray ($20.29)'],0
Kung Fu Panda 2,2011,https://images.justwatch.com/poster/178056164/s718/kung-fu-panda-the-kaboom-of-doom.jpg,tt1302011,"['HBO Max', 'HBO Max Amazon Channel']","['Amazon Video ($3.99)', 'Apple TV Store ($3.99)', 'Google Play Movies ($3.99)', 'YouTube ($3.99)', 'Fandango At Home ($3.99)']","['Amazon DVD / Blu-ray ($7)', 'GRUV ($7.49)', 'Barnes & Noble ($14.99)']",2
Puss in Boots,2011,https://images.justwatch.com/poster/302213250/s718/puss-in-boots-2011.jpg,tt0448694,"['HBO Max', 'HBO Max Amazon Channel']","['Amazon Video ($3.99)', 'Apple TV Store ($3.99)', 'Google Play Movies ($3.99)', 'YouTube ($3.99)', 'Fandango At Home ($3.99)']","['GRUV ($7.49)', 'Barnes & Noble ($9.99)', 'Amazon DVD / Blu-ray ($22.75)']",2
Rango,2011,https://images.justwatch.com/poster/243454830/s718/rango.jpg,tt1192628,['Paramount Plus Essential'],"['Amazon Video ($3.99)', 'Apple TV Store ($3.99)', 'Google Play Movies ($3.99)', 'YouTube ($3.99)', 'Fandango At Home ($3.99)']","['Amazon DVD / Blu-ray ($8.49)', 'Barnes & Noble ($12.99)', 'Zavvi ($23.99)']",1
Harry Potter and the Deathly Hallows: Part 2,2011,https://images.justwatch.com/poster/35411663/s718/harry-potter-and-the-deathly-hallows-part-2.jpg,tt1201607,"['HBO Max', 'HBO Max Amazon Channel', 'Peacock Premium', 'YouTube TV', 'Peacock Premium Plus']","['Plex ($2.99)', 'Spectrum On Demand ($3.99)', 'Amazon Video ($5.99)', 'Apple TV Store ($5.99)', 'Google Play Movies ($5.99)', 'YouTube ($5.99)', 'Fandango At Home ($5.99)']","['Zavvi ($7.99)', 'Amazon DVD / Blu-ray ($7.99)', 'GRUV ($8.99)', 'Barnes & Noble ($14.99)']",5
Hugo,2011,https://images.justwatch.com/poster/193605597/s718/hugo.jpg,tt0970179,"['fuboTV', 'Paramount+ Amazon Channel', 'Paramount+ Roku Premium Channel', 'MGM Plus', 'Paramount Plus Essential', 'Paramount Plus Premium']","['Amazon Video ($3.99)', 'Apple TV Store ($3.99)', 'Google Play Movies ($3.99)', 'YouTube ($3.99)', 'Fandango At Home ($3.99)', 'Spectrum On Demand ($3.99)']","['Amazon DVD / Blu-ray ($12.64)', 'Barnes & Noble ($12.99)', 'Arrow Video ($28)']",6
Midnight in Paris,2011,https://images.justwatch.com/poster/176292253/s718/midnight-in-paris.jpg,tt1605783,"['YouTube TV', 'TCM']","['Amazon Video ($3.99)', 'Apple TV Store ($3.99)', 'Google Play Movies ($3.99)', 'YouTube ($3.99)', 'Fandango At Home ($3.99)', 'Spectrum On Demand ($3.99)']","['Barnes & Noble ($19.98)', 'Amazon DVD / Blu-ray ($25.16)']",2
War Horse,2011,https://images.justwatch.com/poster/313008371/s718/war-horse.jpg,tt1568911,['Wonder Project Amazon Channel'],"['Amazon Video ($3.99)', 'Apple TV Store ($3.99)', 'Google Play Movies ($3.99)', 'YouTube ($3.99)', 'Fandango At Home ($3.99)']","['Amazon DVD / Blu-ray ($9.78)', 'Barnes & Noble ($14.99)']",1
The Tree of Life,2011,https://images.justwatch.com/poster/176553532/s718/larbre-de-la-vie.jpg,tt0478304,[],"['Amazon Video ($3.99)', 'Apple TV Store ($3.99)', 'Google Play Movies ($3.99)', 'YouTube ($3.99)', 'Fandango At Home ($3.99)']","['Amazon DVD / Blu-ray ($None)', 'Barnes & Noble ($39.99)']",0
Anonymous,2011,https://images.justwatch.com/poster/188484805/s718/anonymous.jpg,tt1521197,[],"['Amazon Video ($3.99)', 'Apple TV Store ($3.99)', 'Google Play Movies ($3.99)', 'YouTube ($3.99)', 'Fandango At Home ($3.99)']",['Amazon DVD / Blu-ray ($9.48)'],0
Jane Eyre,2011,https://images.justwatch.com/poster/319751016/s718/jane-eyre.jpg,tt1229822,['Wonder Project Amazon Channel'],"['Amazon Video ($3.79)', 'Google Play Movies ($3.79)', 'YouTube ($3.79)', 'Apple TV Store ($3.99)', 'Fandango At Home ($3.99)']","['GRUV ($7.99)', 'Barnes & Noble ($10.49)', 'Amazon DVD / Blu-ray ($13.35)']",1
W.E.,2011,https://images.justwatch.com/poster/205782884/s718/we.jpg,tt1536048,[],"['Amazon Video ($3.99)', 'Fandango At Home ($3.99)']",['Amazon DVD / Blu-ray ($None)'],0
Hell and Back Again,2011,https://images.justwatch.com/poster/88431424/s718/hell-and-back-again.jpg,tt1748043,['DocuramaFilms Amazon Channel'],"['Amazon Video ($3.99)', 'Apple TV Store ($3.99)']",['Amazon DVD / Blu-ray ($9.48)'],1
If a Tree Falls: A Story of the Earth Liberation Front,2011,https://images.justwatch.com/poster/176087992/s718/if-a-tree-falls-a-story-of-the-earth-liberation-front.jpg,tt1787725,"['OVID', 'Fandor Amazon Channel']",['Apple TV Store ($0.99)'],['Amazon DVD / Blu-ray ($24.98)'],2
Paradise Lost 3: Purgatory,2012,https://images.justwatch.com/poster/179250053/s718/paradise-lost-3-purgatory.jpg,tt2028530,[],"['Amazon Video ($2.99)', 'Google Play Movies ($3.69)', 'YouTube ($3.69)', 'Apple TV Store ($3.99)']",[],0
Pina,2011,https://images.justwatch.com/poster/100304513/s718/pina.jpg,tt1440266,"['AMC+ Amazon Channel', 'Philo', 'Sundance Now', 'MUBI', 'MUBI Amazon Channel']","['Amazon Video ($2.99)', 'Apple TV Store ($3.99)', 'Google Play Movies ($3.99)', 'YouTube ($3.99)']","['Barnes & Noble ($49.99)', 'Amazon DVD / Blu-ray ($241)']",5
Undefeated,2011,https://images.justwatch.com/poster/180539705/s718/undefeated.jpg,tt1860355,"['Peacock Premium', 'Peacock Premium Plus']","['Google Play Movies ($2.99)', 'YouTube ($2.99)', 'Fandango At Home ($3.99)']","['Amazon Video ($3.99)', 'Amazon DVD / Blu-ray ($6.51)', 'Barnes & Noble ($12.99)']",2
Bullhead,2011,https://images.justwatch.com/poster/10921368/s718/bullhead.jpg,tt1821593,[],"['Amazon Video ($2.99)', 'Fandango At Home ($2.99)', 'Google Play Movies ($3.99)', 'YouTube ($3.99)']",['Amazon DVD / Blu-ray ($19.29)'],0
Footnote,2011,https://images.justwatch.com/poster/191724540/s718/footnote.jpg,tt1445520,[],"['Amazon Video ($3.99)', 'Apple TV Store ($3.99)', 'Google Play Movies ($3.99)', 'YouTube ($3.99)', 'Fandango At Home ($3.99)']",['Amazon DVD / Blu-ray ($34.59)'],0
In Darkness,2011,https://images.justwatch.com/poster/306570904/s718/in-darkness.jpg,tt1417075,[],"['Amazon Video ($3.99)', 'Apple TV Store ($3.99)', 'Google Play Movies ($3.99)', 'YouTube ($3.99)', 'Fandango At Home ($3.99)']",[],0
Monsieur Lazhar,2011,https://images.justwatch.com/poster/304532236/s718/monsieur-lazhar.jpg,tt2011971,"['Amazon Prime Video', 'Philo', 'Fandor Amazon Channel', 'Amazon Prime Video with Ads']","['Amazon Video ($1.99)', 'Google Play Movies ($2.99)', 'YouTube ($2.99)', 'Fandango At Home ($2.99)', 'Apple TV Store ($3.99)', 'Spectrum On Demand ($3.99)']",['Amazon DVD / Blu-ray ($None)'],4
A Separation,2011,https://images.justwatch.com/poster/274905730/s718/a-separation.jpg,tt1832382,[],"['Amazon Video ($3.99)', 'Apple TV Store ($3.99)', 'Google Play Movies ($3.99)', 'YouTube ($3.99)', 'Fandango At Home ($3.99)', 'Spectrum On Demand ($3.99)']",['Amazon DVD / Blu-ray ($None)'],0
The Adventures of Tintin,2011,https://images.justwatch.com/poster/301891315/s718/the-adventures-of-tintin.jpg,tt0983193,[],"['Amazon Video ($3.99)', 'Apple TV Store ($3.99)', 'Google Play Movies ($3.99)', 'YouTube ($3.99)', 'Fandango At Home ($3.99)']","['Amazon DVD / Blu-ray ($9.99)', 'Barnes & Noble ($12.99)']",0
The Muppets,2011,https://images.justwatch.com/poster/334370279/s718/the-muppets.jpg,tt1204342,['Disney Plus'],"['Amazon Video ($3.99)', 'Apple TV Store ($3.99)', 'Google Play Movies ($3.99)', 'YouTube ($3.99)', 'Fandango At Home ($3.99)']",['Amazon DVD / Blu-ray ($20.47)'],1
Rio,2011,https://images.justwatch.com/poster/314002709/s718/rio-2011.jpg,tt1436562,"['Netflix', 'Disney Plus', 'Netflix Standard with Ads']","['Amazon Video ($3.99)', 'Google Play Movies ($3.99)', 'YouTube ($3.99)', 'Fandango At Home ($3.99)', 'Apple TV Store ($4.99)']",['Amazon DVD / Blu-ray ($7.01)'],3
Drive,2011,https://images.justwatch.com/poster/8646839/s718/drive-2011.jpg,tt0780504,[],"['Amazon Video ($3.99)', 'Apple TV Store ($3.99)', 'Google Play Movies ($3.99)', 'YouTube ($3.99)', 'Fandango At Home ($3.99)', 'Spectrum On Demand ($3.99)']","['Amazon DVD / Blu-ray ($8.44)', 'Barnes & Noble ($9.99)']",0
Transformers: Dark of the Moon,2011,https://images.justwatch.com/poster/235805025/s718/transformers-dark-of-the-moon.jpg,tt1399103,"['fuboTV', 'MGM+ Amazon Channel', 'Starz Apple TV Channel', 'Paramount+ Amazon Channel', 'Paramount+ Roku Premium Channel', 'MGM Plus', 'Philo', 'Paramount Plus Essential', 'Paramount Plus Premium']","['Amazon Video ($3.99)', 'Apple TV Store ($3.99)', 'Google Play Movies ($3.99)', 'YouTube ($3.99)', 'Fandango At Home ($3.99)', 'Plex ($3.99)']","['Amazon DVD / Blu-ray ($7.49)', 'Barnes & Noble ($14.49)']",9
Real Steel,2011,https://images.justwatch.com/poster/176217497/s718/gants-dacier.jpg,tt0433035,[],"['Amazon Video ($3.99)', 'Google Play Movies ($3.99)', 'YouTube ($3.99)', 'Fandango At Home ($3.99)']","['Barnes & Noble ($5.99)', 'Apple TV Store ($19.98)', 'Amazon DVD / Blu-ray ($26)']",0
Rise of the Planet of the Apes,2011,https://images.justwatch.com/poster/270557822/s718/rise-of-the-planet-of-the-apes.jpg,tt1318514,"['Hulu', 'fuboTV', 'YouTube TV']","['Amazon Video ($3.99)', 'Apple TV Store ($3.99)', 'Google Play Movies ($3.99)', 'YouTube ($3.99)', 'Fandango At Home ($3.99)']","['Amazon DVD / Blu-ray ($None)', 'Barnes & Noble ($14.99)']",3
The Ides of March,2011,https://images.justwatch.com/poster/176267980/s718/the-ides-of-march.jpg,tt1124035,[],"['Apple TV Store ($3.99)', 'Google Play Movies ($3.99)', 'YouTube ($3.99)', 'Fandango At Home ($3.99)', 'Spectrum On Demand ($3.99)']",['Barnes & Noble ($14.99)'],0
Margin Call,2011,https://images.justwatch.com/poster/241779763/s718/margin-call.jpg,tt1615147,"['Amazon Prime Video', 'Amazon Prime Video with Ads']","['Amazon Video ($3.99)', 'Apple TV Store ($3.99)', 'Google Play Movies ($3.99)', 'YouTube ($3.99)', 'Fandango At Home ($3.99)']","['Amazon DVD / Blu-ray ($13.56)', 'Barnes & Noble ($14.99)']",2
Silver Linings Playbook,2012,https://images.justwatch.com/poster/175462642/s718/silver-linings-playbook.jpg,tt1045658,[],"['Amazon Video ($3.99)', 'Google Play Movies ($3.99)', 'YouTube ($3.99)', 'FlixFling ($3.99)']","['Fandango At Home ($5)', 'Amazon DVD / Blu-ray ($8.14)', 'Barnes & Noble ($12.59)']",0
Lincoln,2012,https://images.justwatch.com/poster/331687851/s718/lincoln-2012.jpg,tt0443272,"['fuboTV', 'YouTube TV', 'Wonder Project Amazon Channel']","['Amazon Video ($3.99)', 'Apple TV Store ($3.99)', 'Google Play Movies ($3.99)', 'YouTube ($3.99)', 'Fandango At Home ($3.99)']","['Barnes & Noble ($6.49)', 'Amazon DVD / Blu-ray ($18.11)']",3
Les Misérables,2012,https://images.justwatch.com/poster/174665747/s718/les-miserables.jpg,tt1707386,"['Amazon Prime Video', 'Amazon Prime Video with Ads']","['Amazon Video ($3.99)', 'Apple TV Store ($3.99)', 'Google Play Movies ($3.99)', 'YouTube ($3.99)', 'Fandango At Home ($3.99)']","['Amazon DVD / Blu-ray ($5.66)', 'GRUV ($7.99)']",2
The Master,2012,https://images.justwatch.com/poster/31595009/s718/the-master.jpg,tt1560747,[],"['Amazon Video ($3.99)', 'Google Play Movies ($3.99)', 'YouTube ($3.99)', 'Fandango At Home ($3.99)', 'Apple TV Store ($5.99)']","['Amazon DVD / Blu-ray ($12.58)', 'Barnes & Noble ($14.99)']",0
Flight,2012,https://images.justwatch.com/poster/244741792/s718/flight.jpg,tt1907668,"['fuboTV', 'Paramount+ Amazon Channel', 'Paramount Plus Essential', 'Paramount Plus Premium']","['Amazon Video ($3.99)', 'Apple TV Store ($3.99)', 'Google Play Movies ($3.99)', 'YouTube ($3.99)', 'Fandango At Home ($3.99)', 'Spectrum On Demand ($3.99)', 'Plex ($3.99)']","['Amazon DVD / Blu-ray ($7.17)', 'Zavvi ($23.99)']",4
Argo,2012,https://images.justwatch.com/poster/245598844/s718/escape-from-tehran.jpg,tt1024648,[],"['Amazon Video ($3.99)', 'Apple TV Store ($3.99)', 'Google Play Movies ($3.99)', 'YouTube ($3.99)', 'Fandango At Home ($3.99)', 'Spectrum On Demand ($3.99)']","['GRUV ($7.99)', 'Amazon DVD / Blu-ray ($8.36)']",0
Django Unchained,2012,https://images.justwatch.com/poster/179849102/s718/django-unchained.jpg,tt1853728,"['Hulu', 'fuboTV', 'Starz Apple TV Channel', 'Paramount+ Amazon Channel', 'Paramount+ Roku Premium Channel', 'Starz', 'Philo', 'Starz Amazon Channel', 'Paramount Plus Premium']","['Amazon Video ($3.99)', 'Google Play Movies ($3.99)', 'YouTube ($3.99)', 'FlixFling ($3.99)', 'Spectrum On Demand ($3.99)', 'Plex ($3.99)']","['Amazon DVD / Blu-ray ($None)', 'Fandango At Home ($5)', 'Barnes & Noble ($6.99)', 'Zavvi ($23.99)']",9
Zero Dark Thirty,2012,https://images.justwatch.com/poster/197991429/s718/zero-dark-thirty.jpg,tt1790885,"['Netflix', 'Netflix Standard with Ads', 'Paramount Plus Essential']","['Amazon Video ($3.99)', 'Apple TV Store ($3.99)', 'Google Play Movies ($3.99)', 'YouTube ($3.99)', 'Fandango At Home ($3.99)', 'Spectrum On Demand ($3.99)']","['Barnes & Noble ($4.88)', 'Amazon DVD / Blu-ray ($4.88)']",3
Amour,2012,https://images.justwatch.com/poster/319886962/s718/amour.jpg,tt1602620,[],"['Amazon Video ($3.99)', 'Apple TV Store ($3.99)', 'Google Play Movies ($3.99)', 'YouTube ($3.99)', 'Fandango At Home ($3.99)']","['Amazon DVD / Blu-ray ($None)', 'Barnes & Noble ($19.98)']",0
Beasts of the Southern Wild,2012,https://images.justwatch.com/poster/8892964/s718/beasts-of-the-southern-wild.jpg,tt2125435,"['HBO Max', 'HBO Max Amazon Channel']","['Amazon Video ($3.99)', 'Apple TV Store ($3.99)', 'Google Play Movies ($3.99)', 'YouTube ($3.99)', 'Fandango At Home ($3.99)']",['Amazon DVD / Blu-ray ($19.79)'],2
The Impossible,2012,https://images.justwatch.com/poster/176650618/s718/the-impossible.jpg,tt1649419,"['fuboTV', 'Curiosity Stream', 'CuriosityStream Apple TV Channel', 'CuriosityStream Amazon Channel']","['Amazon Video ($3.99)', 'Apple TV Store ($3.99)', 'Google Play Movies ($3.99)', 'Fandango At Home ($3.99)']",['Amazon DVD / Blu-ray ($13.58)'],4
The Sessions,2012,https://images.justwatch.com/poster/58400974/s718/the-sessions.jpg,tt1866249,"['Cinemax Amazon Channel', 'Cinemax Apple TV Channel']","['Amazon Video ($3.99)', 'Apple TV Store ($3.99)', 'Google Play Movies ($3.99)', 'YouTube ($3.99)', 'Fandango At Home ($3.99)']",['Amazon DVD / Blu-ray ($14.53)'],2
Brave,2012,https://images.justwatch.com/poster/146664524/s718/brave-2012.jpg,tt1217209,['Disney Plus'],"['Amazon Video ($3.99)', 'Apple TV Store ($3.99)', 'Google Play Movies ($3.99)', 'YouTube ($3.99)', 'Fandango At Home ($3.99)']","['Amazon DVD / Blu-ray ($12.65)', 'Barnes & Noble ($25.99)']",1
ParaNorman,2012,https://images.justwatch.com/poster/176265677/s718/paranorman.jpg,tt1623288,[],"['Amazon Video ($3.99)', 'Apple TV Store ($3.99)', 'Fandango At Home ($3.99)']","['Amazon DVD / Blu-ray ($11.4)', 'GRUV ($12.99)', 'Google Play Movies ($14.99)', 'YouTube ($14.99)', 'Barnes & Noble ($22.99)', 'Zavvi ($22.99)']",0
So You Want To Be A Pirate!,2012,https://images.justwatch.com/poster/242421358/s718/so-you-want-to-be-a-pirate.jpg,tt1430626,[],[],['Amazon DVD / Blu-ray ($12.1)'],0
Wreck-It Ralph,2012,https://images.justwatch.com/poster/176266053/s718/wreck-it-ralph.jpg,tt1772341,['Disney Plus'],"['Amazon Video ($3.99)', 'Apple TV Store ($3.99)', 'Google Play Movies ($3.99)', 'YouTube ($3.99)', 'Fandango At Home ($3.99)']","['Amazon DVD / Blu-ray ($21.95)', 'Barnes & Noble ($25.99)']",1
Anna Karenina,2012,https://images.justwatch.com/poster/9623807/s718/anna-karenina.jpg,tt1781769,[],"['Amazon Video ($3.99)', 'Apple TV Store ($3.99)', 'Google Play Movies ($3.99)', 'YouTube ($3.99)', 'Fandango At Home ($3.99)']","['Amazon DVD / Blu-ray ($5.95)', 'Barnes & Noble ($6.99)', 'GRUV ($7.99)']",0
Life of Pi,2012,https://images.justwatch.com/poster/258057363/s718/life-of-pi-2012.jpg,tt0454876,"['HBO Max', 'HBO Max Amazon Channel']","['Amazon Video ($3.99)', 'Apple TV Store ($3.99)', 'Google Play Movies ($3.99)', 'YouTube ($3.99)', 'Fandango At Home ($3.99)']","['Barnes & Noble ($16.98)', 'Amazon DVD / Blu-ray ($18.98)', 'GRUV ($19.98)']",2
Skyfall,2012,https://images.justwatch.com/poster/244583554/s718/james-bond-007-skyfall.jpg,tt1074638,"['Netflix', 'Netflix Standard with Ads']","['Amazon Video ($2.99)', 'Fandango At Home ($2.99)', 'Apple TV Store ($3.99)', 'Plex ($3.99)', 'Google Play Movies ($5.99)', 'YouTube ($5.99)']","['Amazon DVD / Blu-ray ($None)', 'GRUV ($7.99)', 'Barnes & Noble ($8.99)']",2
Mirror Mirror,2012,https://images.justwatch.com/poster/328546966/s718/mirror-mirror.jpg,tt1667353,"['Philo', 'Starz Amazon Channel']","['Amazon Video ($3.99)', 'Apple TV Store ($3.99)', 'Google Play Movies ($3.99)', 'YouTube ($3.99)', 'Fandango At Home ($3.99)']",['Amazon DVD / Blu-ray ($3.66)'],2
Snow White and the Huntsman,2012,https://images.justwatch.com/poster/178095778/s718/snow-white-and-the-huntsman.jpg,tt1735898,[],"['Amazon Video ($3.99)', 'Apple TV Store ($3.99)', 'Google Play Movies ($3.99)', 'YouTube ($3.99)', 'Fandango At Home ($3.99)', 'FlixFling ($3.99)']","['Amazon DVD / Blu-ray ($8.68)', 'Barnes & Noble ($9.99)']",0
Five Broken Cameras,2011,https://images.justwatch.com/poster/330546052/s718/5-broken-cameras.jpg,tt2125423,"['OVID', 'Kino Film Collection']",['Fandango At Home ($2.99)'],['Amazon DVD / Blu-ray ($5.08)'],2
The Gatekeepers,2012,https://images.justwatch.com/poster/249065515/s718/the-gatekeepers.jpg,tt2309788,[],"['Amazon Video ($3.99)', 'Apple TV Store ($3.99)', 'Google Play Movies ($3.99)', 'YouTube ($3.99)', 'Fandango At Home ($3.99)']","['Barnes & Noble ($19.98)', 'Amazon DVD / Blu-ray ($50.86)']",0
How to Survive a Plague,2012,https://images.justwatch.com/poster/44014459/s718/how-to-survive-a-plague.jpg,tt2124803,"['AMC Plus Apple TV Channel ', 'AMC+ Amazon Channel', 'AMC+', 'Philo', 'Sundance Now', 'MUBI', 'MUBI Amazon Channel']","['Amazon Video ($2.99)', 'Apple TV Store ($3.99)', 'Google Play Movies ($3.99)', 'YouTube ($3.99)']",['Amazon DVD / Blu-ray ($None)'],7
The Invisible War,2012,https://images.justwatch.com/poster/11969605/s718/the-invisible-war.jpg,tt2120152,"['Amazon Prime Video', 'Philo', 'Fandor Amazon Channel', 'FlixFling', 'Amazon Prime Video with Ads', 'DocuramaFilms Amazon Channel']","['Amazon Video ($2.99)', 'Apple TV Store ($3.99)', 'Google Play Movies ($3.99)', 'YouTube ($3.99)']",[],6
Searching for Sugar Man,2012,https://images.justwatch.com/poster/296356765/s718/searching-for-sugarman.jpg,tt2125608,[],"['Amazon Video ($3.99)', 'Apple TV Store ($3.99)', 'Google Play Movies ($3.99)', 'YouTube ($3.99)', 'Fandango At Home ($3.99)']","['Amazon DVD / Blu-ray ($None)', 'Zavvi ($23.99)']",0
Mondays at Racine,2012,https://images.justwatch.com/poster/302606946/s718/mondays-at-racine.jpg,tt2083264,"['HBO Max', 'HBO Max Amazon Channel']","['Amazon Video ($3.99)', 'Apple TV Store ($3.99)', 'Google Play Movies ($3.99)', 'YouTube ($3.99)', 'Fandango At Home ($3.99)']",[],2
Kon-Tiki,2012,https://images.justwatch.com/poster/8842613/s718/kon-tiki-2012.jpg,tt1613750,"['Amazon Prime Video', 'fuboTV', 'Curiosity Stream', 'CuriosityStream Apple TV Channel', 'Amazon Prime Video with Ads', 'CuriosityStream Amazon Channel']","['Amazon Video ($3.99)', 'Google Play Movies ($3.99)', 'YouTube ($3.99)', 'Fandango At Home ($3.99)']",['Amazon DVD / Blu-ray ($None)'],6
No,2012,https://images.justwatch.com/poster/306838245/s718/no-2012.jpg,tt2059255,[],"['Amazon Video ($3.99)', 'Apple TV Store ($3.99)', 'Google Play Movies ($3.99)', 'YouTube ($3.99)', 'Fandango At Home ($3.99)']",[],0
A Royal Affair,2012,https://images.justwatch.com/poster/190160812/s718/a-royal-affair.jpg,tt1276419,"['Amazon Prime Video', 'Philo', 'Amazon Prime Video with Ads']","['Amazon Video ($2.99)', 'Fandango At Home ($2.99)', 'Apple TV Store ($3.99)', 'Google Play Movies ($3.99)', 'YouTube ($3.99)']","['Barnes & Noble ($8.39)', 'Amazon DVD / Blu-ray ($8.39)']",3
War Witch,2012,https://images.justwatch.com/poster/178344132/s718/war-witch.jpg,tt1820488,[],"['Amazon Video ($2.99)', 'Fandango At Home ($2.99)', 'Google Play Movies ($3.99)', 'YouTube ($3.99)']",['Amazon DVD / Blu-ray ($4.47)'],0
Hitchcock,2012,https://images.justwatch.com/poster/162565626/s718/alfred-hitchcock-and-the-making-of-psycho.jpg,tt0975645,"['Cinemax Amazon Channel', 'Cinemax Apple TV Channel']","['Amazon Video ($3.99)', 'Apple TV Store ($3.99)', 'Google Play Movies ($3.99)', 'YouTube ($3.99)', 'Fandango At Home ($3.99)']",['Amazon DVD / Blu-ray ($9.39)'],2
The Hobbit: An Unexpected Journey,2012,https://images.justwatch.com/poster/181741844/s718/the-hobbit-an-unexpected-journey.jpg,tt0903624,"['HBO Max', 'HBO Max Amazon Channel', 'YouTube TV']","['Plex ($2.99)', 'Spectrum On Demand ($3.99)', 'Amazon Video ($5.99)', 'Apple TV Store ($5.99)', 'Google Play Movies ($5.99)', 'YouTube ($5.99)', 'Fandango At Home ($5.99)']","['Barnes & Noble ($4.99)', 'Amazon DVD / Blu-ray ($20.49)']",3
Chasing Ice,2012,https://images.justwatch.com/poster/178292430/s718/chasing-ice.jpg,tt1579361,[],"['Amazon Video ($3.99)', 'Apple TV Store ($3.99)', 'Google Play Movies ($3.99)', 'YouTube ($3.99)']",['Amazon DVD / Blu-ray ($13.85)'],0
Ted,2012,https://images.justwatch.com/poster/305906037/s718/ted.jpg,tt1637725,"['Amazon Prime Video', 'Amazon Prime Video with Ads']","['Amazon Video ($3.79)', 'Apple TV Store ($3.99)', 'Google Play Movies ($3.99)', 'YouTube ($3.99)', 'Fandango At Home ($3.99)']","['GRUV ($7.99)', 'Barnes & Noble ($9.99)', 'Amazon DVD / Blu-ray ($10.5)']",2
Paperman,2012,https://images.justwatch.com/poster/146849742/s718/paperman.jpg,tt2388725,['Disney Plus'],[],"['Fandango At Home ($1.99)', 'Google Play Movies ($2.99)', 'YouTube ($2.99)']",1
Death of a Shadow,2012,https://images.justwatch.com/poster/45015641/s718/death-of-a-shadow.jpg,tt2312702,[],['Amazon Video ($1.99)'],[],0
The Avengers,2012,https://images.justwatch.com/poster/99775064/s718/avengers-assemble.jpg,tt0848228,['Disney Plus'],"['Amazon Video ($3.99)', 'Apple TV Store ($3.99)', 'Google Play Movies ($3.99)', 'YouTube ($3.99)', 'Fandango At Home ($3.99)']",['Amazon DVD / Blu-ray ($7.99)'],1
Prometheus,2012,https://images.justwatch.com/poster/8539564/s718/untitled-alien-prequel.jpg,tt1446714,"['HBO Max', 'HBO Max Amazon Channel']","['Amazon Video ($3.99)', 'Apple TV Store ($3.99)', 'Google Play Movies ($3.99)', 'YouTube ($3.99)', 'Fandango At Home ($3.99)']","['Amazon DVD / Blu-ray ($None)', 'Barnes & Noble ($30.99)']",2
Moonrise Kingdom,2012,https://images.justwatch.com/poster/8699686/s718/moonrise-kingdom.jpg,tt1748122,"['Netflix', 'Netflix Standard with Ads']","['Amazon Video ($3.99)', 'Apple TV Store ($3.99)', 'Google Play Movies ($3.99)', 'YouTube ($3.99)', 'Fandango At Home ($3.99)']","['GRUV ($7.99)', 'Amazon DVD / Blu-ray ($9.99)', 'Barnes & Noble ($29.99)']",2
American Hustle,2013,https://images.justwatch.com/poster/176522370/s718/american-hustle.jpg,tt1800241,[],"['Amazon Video ($3.99)', 'Apple TV Store ($3.99)', 'Google Play Movies ($3.99)', 'YouTube ($3.99)', 'Fandango At Home ($3.99)', 'Spectrum On Demand ($3.99)']","['Barnes & Noble ($6.99)', 'Amazon DVD / Blu-ray ($13.49)']",0
Nebraska,2013,https://images.justwatch.com/poster/180862634/s718/nebraska.jpg,tt1821549,"['Amazon Prime Video', 'Criterion Channel', 'Amazon Prime Video with Ads']","['Amazon Video ($3.99)', 'Apple TV Store ($3.99)', 'Google Play Movies ($3.99)', 'YouTube ($3.99)', 'Fandango At Home ($3.99)']",['Amazon DVD / Blu-ray ($21.96)'],3
The Wolf of Wall Street,2013,https://images.justwatch.com/poster/323056248/s718/wolf-of-wall-street-the.jpg,tt0993846,"['Netflix', 'Paramount+ Amazon Channel', 'Netflix Standard with Ads', 'Paramount Plus Essential', 'Paramount Plus Premium']","['Amazon Video ($3.99)', 'Apple TV Store ($3.99)', 'Google Play Movies ($3.99)', 'YouTube ($3.99)', 'Fandango At Home ($3.99)', 'Plex ($3.99)']","['Barnes & Noble ($4.99)', 'Amazon DVD / Blu-ray ($13.5)']",5
12 Years a Slave,2013,https://images.justwatch.com/poster/8651435/s718/twelve-years-a-slave.jpg,tt2024544,"['Netflix', 'Hulu', 'fuboTV', 'YouTube TV', 'Netflix Standard with Ads']","['Amazon Video ($3.99)', 'Google Play Movies ($3.99)', 'YouTube ($3.99)', 'Fandango At Home ($3.99)', 'Spectrum On Demand ($3.99)']","['Amazon DVD / Blu-ray ($None)', 'Apple TV Store ($4.99)', 'Barnes & Noble ($16.98)', 'GRUV ($19.98)']",5
Dallas Buyers Club,2013,https://images.justwatch.com/poster/76868269/s718/dallas-buyers-club.jpg,tt0790636,[],"['Amazon Video ($3.99)', 'Apple TV Store ($3.99)', 'Google Play Movies ($3.99)', 'YouTube ($3.99)', 'Fandango At Home ($3.99)']","['GRUV ($7.99)', 'Barnes & Noble ($9.99)', 'Amazon DVD / Blu-ray ($14.89)']",0
Captain Phillips,2013,https://images.justwatch.com/poster/302010365/s718/captain-phillips.jpg,tt1535109,[],"['Amazon Video ($3.99)', 'Apple TV Store ($3.99)', 'Google Play Movies ($3.99)', 'YouTube ($3.99)', 'Fandango At Home ($3.99)']","['Amazon DVD / Blu-ray ($8.1)', 'Barnes & Noble ($9.99)', 'Zavvi ($23.99)']",0
Blue Jasmine,2013,https://images.justwatch.com/poster/175028655/s718/blue-jasmine.jpg,tt2334873,[],"['Amazon Video ($3.99)', 'Apple TV Store ($3.99)', 'Google Play Movies ($3.99)', 'YouTube ($3.99)', 'Fandango At Home ($3.99)', 'FlixFling ($3.99)', 'Spectrum On Demand ($3.99)']",['Amazon DVD / Blu-ray ($14.1)'],0
Gravity,2013,https://images.justwatch.com/poster/241479855/s718/gravity.jpg,tt1454468,[],"['Spectrum On Demand ($3.99)', 'Amazon Video ($4.99)', 'Apple TV Store ($4.99)', 'Google Play Movies ($4.99)', 'YouTube ($4.99)', 'Fandango At Home ($4.99)']","['Amazon DVD / Blu-ray ($None)', 'GRUV ($7.99)', 'Barnes & Noble ($14.99)', 'Zavvi ($37.99)']",0
Philomena,2013,https://images.justwatch.com/poster/180307103/s718/philomena.jpg,tt2431286,"['fuboTV', 'Britbox Apple TV Channel ', 'Curiosity Stream', 'CuriosityStream Apple TV Channel', 'CuriosityStream Amazon Channel']","['Amazon Video ($3.99)', 'Apple TV Store ($3.99)', 'Google Play Movies ($3.99)', 'YouTube ($3.99)', 'Fandango At Home ($3.99)', 'Spectrum On Demand ($3.99)']",['Amazon DVD / Blu-ray ($None)'],5
August: Osage County,2013,https://images.justwatch.com/poster/179541139/s718/august-osage-county.jpg,tt1322269,[],"['Amazon Video ($3.99)', 'Apple TV Store ($3.99)', 'Google Play Movies ($3.99)', 'YouTube ($3.99)', 'Fandango At Home ($3.99)']","['Amazon DVD / Blu-ray ($None)', 'Barnes & Noble ($12.99)']",0
The Croods,2013,https://images.justwatch.com/poster/178985965/s718/the-croods.jpg,tt0481499,[],"['Amazon Video ($3.99)', 'Apple TV Store ($3.99)', 'Google Play Movies ($3.99)', 'YouTube ($3.99)', 'Fandango At Home ($3.99)']","['GRUV ($7.49)', 'Barnes & Noble ($9.99)']",0
Despicable Me 2,2013,https://images.justwatch.com/poster/215524342/s718/despicable-me-2.jpg,tt1690953,"['Netflix', 'Peacock Premium', 'Netflix Standard with Ads', 'Peacock Premium Plus']","['Amazon Video ($3.99)', 'Apple TV Store ($3.99)', 'Google Play Movies ($3.99)', 'YouTube ($3.99)', 'Fandango At Home ($3.99)']","['Amazon DVD / Blu-ray ($None)', 'GRUV ($7.99)']",4
Ernest & Celestine,2012,https://images.justwatch.com/poster/303994457/s718/ernest-and-celestine.jpg,tt1816518,[],"['Fandango At Home ($2.99)', 'Apple TV Store ($3.99)']","['Barnes & Noble ($24.99)', 'Amazon DVD / Blu-ray ($45)']",0
Frozen,2013,https://images.justwatch.com/poster/186032872/s718/frozen-2013.jpg,tt2294629,['Disney Plus'],"['Amazon Video ($3.99)', 'Apple TV Store ($3.99)', 'Google Play Movies ($3.99)', 'YouTube ($3.99)', 'Fandango At Home ($3.99)']",['Amazon DVD / Blu-ray ($21.95)'],1
The Wind Rises,2013,https://images.justwatch.com/poster/202609823/s718/the-wind-rises.jpg,tt2013293,"['HBO Max', 'HBO Max Amazon Channel']","['Amazon Video ($3.99)', 'Apple TV Store ($3.99)', 'Fandango At Home ($3.99)', 'Google Play Movies ($4.99)', 'YouTube ($4.99)']","['Amazon DVD / Blu-ray ($10.95)', 'Barnes & Noble ($13.99)', 'GRUV ($14.99)']",2
The Grandmaster,2013,https://images.justwatch.com/poster/197254094/s718/the-grandmaster.jpg,tt1462900,['Criterion Channel'],"['Amazon Video ($1.99)', 'Google Play Movies ($2.99)', 'YouTube ($2.99)', 'Apple TV Store ($3.99)', 'Fandango At Home ($3.99)']","['Amazon DVD / Blu-ray ($6.19)', 'Barnes & Noble ($9.99)']",1
Inside Llewyn Davis,2013,https://images.justwatch.com/poster/245450710/s718/inside-llewyn-davis.jpg,tt2042568,[],"['Apple TV Store ($3.99)', 'Google Play Movies ($3.99)', 'YouTube ($3.99)', 'Fandango At Home ($3.99)']",['Barnes & Noble ($39.99)'],0
Prisoners,2013,https://images.justwatch.com/poster/305312442/s718/prisoners.jpg,tt1392214,['FilmBox+'],"['Amazon Video ($3.99)', 'Apple TV Store ($3.99)', 'Google Play Movies ($3.99)', 'YouTube ($3.99)', 'Fandango At Home ($3.99)']","['GRUV ($8.09)', 'Amazon DVD / Blu-ray ($8.09)', 'Barnes & Noble ($14.99)']",1
The Great Gatsby,2013,https://images.justwatch.com/poster/305682579/s718/the-great-gatsby-3d.jpg,tt1343092,"['Amazon Prime Video', 'Amazon Prime Video with Ads']","['Amazon Video ($3.99)', 'Apple TV Store ($3.99)', 'Google Play Movies ($3.99)', 'YouTube ($3.99)', 'Fandango At Home ($3.99)']","['Amazon DVD / Blu-ray ($None)', 'GRUV ($7.99)']",2
The Invisible Woman,2013,https://images.justwatch.com/poster/195571831/s718/the-invisible-woman.jpg,tt1700845,['Hulu'],"['Amazon Video ($3.99)', 'Apple TV Store ($3.99)', 'Google Play Movies ($3.99)', 'YouTube ($3.99)', 'Fandango At Home ($3.99)']",['Amazon DVD / Blu-ray ($15.4)'],1
The Act of Killing,2012,https://images.justwatch.com/poster/180439693/s718/the-act-of-killing.jpg,tt2375605,[],"['Fandango At Home ($2.99)', 'Amazon Video ($3.99)', 'Apple TV Store ($3.99)']",['Amazon DVD / Blu-ray ($10.53)'],0
Cutie and the Boxer,2013,https://images.justwatch.com/poster/10600472/s718/cutie-and-the-boxer.jpg,tt2355540,[],"['Amazon Video ($3.99)', 'Google Play Movies ($3.99)', 'YouTube ($3.99)', 'Fandango At Home ($3.99)']","['Barnes & Noble ($9.99)', 'Amazon DVD / Blu-ray ($12.88)']",0
Dirty Wars,2013,https://images.justwatch.com/poster/75877981/s718/dirty-wars.jpg,tt2532528,"['AMC Plus Apple TV Channel ', 'AMC+ Amazon Channel', 'AMC+', 'Philo', 'Sundance Now']","['Amazon Video ($3.99)', 'Apple TV Store ($3.99)', 'Google Play Movies ($4.99)', 'YouTube ($4.99)']",['Amazon DVD / Blu-ray ($49.18)'],5
The Square,2013,https://images.justwatch.com/poster/188675576/s718/the-square.jpg,tt2486682,[],"['Amazon Video ($0.99)', 'Google Play Movies ($1.99)', 'YouTube ($1.99)']",[],0
20 Feet from Stardom,2013,https://images.justwatch.com/poster/10402186/s718/20-feet-from-stardom.jpg,tt2396566,[],"['Google Play Movies ($3.99)', 'YouTube ($3.99)']","['Fandango At Home ($2.99)', 'Amazon DVD / Blu-ray ($27.07)']",0
The Broken Circle Breakdown,2012,https://images.justwatch.com/poster/322354131/s718/the-broken-circle-breakdown.jpg,tt2024519,[],"['Amazon Video ($3.99)', 'Apple TV Store ($3.99)', 'Google Play Movies ($3.99)', 'YouTube ($3.99)', 'Fandango At Home ($3.99)']",['Amazon DVD / Blu-ray ($None)'],0
The Great Beauty,2013,https://images.justwatch.com/poster/23040208/s718/the-great-beauty.jpg,tt2358891,"['HBO Max', 'HBO Max Amazon Channel', 'Criterion Channel']","['Amazon Video ($2.99)', 'Fandango At Home ($2.99)', 'Apple TV Store ($3.99)', 'Google Play Movies ($3.99)', 'YouTube ($3.99)']","['Amazon DVD / Blu-ray ($23.58)', 'Barnes & Noble ($39.99)']",3
The Hunt,2012,https://images.justwatch.com/poster/214082956/s718/the-hunt-2012.jpg,tt2106476,['Magnolia Selects Amazon Channel'],"['Amazon Video ($2.99)', 'Fandango At Home ($2.99)', 'Apple TV Store ($3.99)', 'Google Play Movies ($3.99)', 'YouTube ($3.99)']","['Amazon DVD / Blu-ray ($9.97)', 'Barnes & Noble ($13.99)', 'Zavvi ($19.98)']",1
The Missing Picture,2013,https://images.justwatch.com/poster/175149140/s718/the-missing-picture.jpg,tt2852470,['Strand Releasing Amazon Channel'],"['Fandango At Home ($2.99)', 'Amazon Video ($3.99)', 'Apple TV Store ($3.99)', 'Google Play Movies ($4.99)', 'YouTube ($4.99)']",['Amazon DVD / Blu-ray ($14.26)'],1
Omar,2013,https://images.justwatch.com/poster/195777596/s718/omar.jpg,tt2852406,[],['Apple TV Store ($3.99)'],"['Amazon DVD / Blu-ray ($11.74)', 'Barnes & Noble ($14.99)']",0
Jackass Presents: Bad Grandpa,2013,https://images.justwatch.com/poster/177693658/s718/jackass-presents-bad-grandpa.jpg,tt3063516,"['fuboTV', 'Paramount+ Amazon Channel', 'Paramount+ Roku Premium Channel', 'Paramount Plus Essential', 'Paramount Plus Premium']","['Fandango At Home ($2.99)', 'Amazon Video ($3.99)', 'Apple TV Store ($3.99)', 'Google Play Movies ($3.99)', 'YouTube ($3.99)', 'Spectrum On Demand ($3.99)']","['Amazon DVD / Blu-ray ($None)', 'Barnes & Noble ($12.99)', 'Zavvi ($23.99)']",5
The Lone Ranger,2013,https://images.justwatch.com/poster/176438776/s718/the-lone-ranger.jpg,tt1210819,[],"['Amazon Video ($3.99)', 'Apple TV Store ($3.99)', 'Google Play Movies ($3.99)', 'YouTube ($3.99)', 'Fandango At Home ($3.99)']","['Barnes & Noble ($17.98)', 'GRUV ($21.99)', 'Amazon DVD / Blu-ray ($52.67)']",0
The Book Thief,2013,https://images.justwatch.com/poster/178886711/s718/the-book-thief.jpg,tt0816442,[],"['Amazon Video ($3.99)', 'Google Play Movies ($3.99)', 'YouTube ($3.99)', 'Fandango At Home ($3.99)', 'Apple TV Store ($4.99)']",['Amazon DVD / Blu-ray ($29.95)'],0
Her,2013,https://images.justwatch.com/poster/179887180/s718/her.jpg,tt1798709,[],"['Spectrum On Demand ($3.99)', 'Amazon Video ($5.99)', 'Apple TV Store ($5.99)', 'Google Play Movies ($5.99)', 'YouTube ($5.99)', 'Fandango At Home ($5.99)']","['GRUV ($8.4)', 'Amazon DVD / Blu-ray ($8.48)', 'Barnes & Noble ($14.99)']",0
Saving Mr. Banks,2013,https://images.justwatch.com/poster/304811266/s718/sauvons-m-banks.jpg,tt2140373,['Disney Plus'],"['Amazon Video ($3.99)', 'Apple TV Store ($3.99)', 'Google Play Movies ($3.99)', 'YouTube ($3.99)', 'Fandango At Home ($3.99)']",['Amazon DVD / Blu-ray ($None)'],1
Alone Yet Not Alone,2013,https://images.justwatch.com/poster/153692019/s718/alone-yet-not-alone.jpg,tt1986769,"['Amazon Prime Video', 'Philo', 'Amazon Prime Video with Ads']","['Amazon Video ($3.99)', 'Apple TV Store ($3.99)', 'Google Play Movies ($3.99)', 'YouTube ($3.99)']",['Amazon DVD / Blu-ray ($88)'],3
Mandela: Long Walk to Freedom,2013,https://images.justwatch.com/poster/240767934/s718/mandela-long-walk-to-freedom.jpg,tt2304771,"['Starz Apple TV Channel', 'Wonder Project Amazon Channel']","['Amazon Video ($3.99)', 'Apple TV Store ($3.99)', 'Fandango At Home ($3.99)']","['Amazon DVD / Blu-ray ($7.99)', 'Barnes & Noble ($12.99)']",2
Room on the Broom,2012,https://images.justwatch.com/poster/100883254/s718/room-on-the-broom.jpg,tt2484120,[],"['Apple TV Store ($1.99)', 'Amazon Video ($3.99)', 'Google Play Movies ($3.99)', 'YouTube ($3.99)', 'Fandango At Home ($3.99)']",['Amazon DVD / Blu-ray ($48.79)'],0
The Voorman Problem,2013,https://images.justwatch.com/poster/90741944/s718/the-voorman-problem.jpg,tt1998355,[],[],[],0
All Is Lost,2013,https://images.justwatch.com/poster/10659339/s718/all-is-lost.jpg,tt2017038,[],"['Amazon Video ($3.99)', 'Apple TV Store ($3.99)', 'Google Play Movies ($3.99)', 'YouTube ($3.99)', 'Fandango At Home ($3.99)']","['Amazon DVD / Blu-ray ($14.35)', 'Barnes & Noble ($19.98)']",0
The Hobbit: The Desolation of Smaug,2013,https://images.justwatch.com/poster/215524613/s718/the-hobbit-part-2.jpg,tt1170358,"['HBO Max', 'HBO Max Amazon Channel']","['Plex ($2.99)', 'Amazon Video ($3.99)', 'Apple TV Store ($3.99)', 'Google Play Movies ($3.99)', 'YouTube ($3.99)', 'Fandango At Home ($3.99)']","['Barnes & Noble ($4.99)', 'GRUV ($7.99)', 'Amazon DVD / Blu-ray ($16.98)']",2
Lone Survivor,2013,https://images.justwatch.com/poster/302194054/s718/lone-survivor.jpg,tt1091191,"['Netflix', 'Netflix Standard with Ads']","['Amazon Video ($3.99)', 'Apple TV Store ($3.99)', 'Google Play Movies ($3.99)', 'YouTube ($3.99)', 'Fandango At Home ($3.99)']","['Barnes & Noble ($6.99)', 'GRUV ($7.99)', 'Amazon DVD / Blu-ray ($7.99)']",2
Iron Man 3,2013,https://images.justwatch.com/poster/133512430/s718/iron-man-3.jpg,tt1300854,['Disney Plus'],"['Amazon Video ($3.99)', 'Apple TV Store ($3.99)', 'Google Play Movies ($3.99)', 'YouTube ($3.99)', 'Fandango At Home ($3.99)']","['Amazon DVD / Blu-ray ($9.35)', 'Barnes & Noble ($19.98)']",1
Star Trek Into Darkness,2013,https://images.justwatch.com/poster/49505639/s718/star-trek-2.jpg,tt1408101,"['Paramount+ Amazon Channel', 'Paramount+ Roku Premium Channel', 'MGM Plus', 'Paramount+ Originals Amazon Channel', 'Paramount Plus Essential', 'Paramount Plus Premium']","['Amazon Video ($3.99)', 'Apple TV Store ($3.99)', 'Google Play Movies ($3.99)', 'YouTube ($3.99)', 'Fandango At Home ($3.99)', 'Spectrum On Demand ($3.99)', 'Plex ($3.99)']","['Barnes & Noble ($12.95)', 'Zavvi ($23.99)', 'Amazon DVD / Blu-ray ($63)']",6
Before Midnight,2013,https://images.justwatch.com/poster/92046319/s718/before-midnight.jpg,tt2209418,"['AMC Plus Apple TV Channel ', 'AMC+ Amazon Channel', 'AMC+', 'Philo', 'Sundance Now']","['Amazon Video ($3.99)', 'Apple TV Store ($3.99)', 'Google Play Movies ($3.99)', 'YouTube ($3.99)', 'Fandango At Home ($3.99)', 'Spectrum On Demand ($3.99)']",['Amazon DVD / Blu-ray ($19.98)'],5
Foxcatcher,2014,https://images.justwatch.com/poster/180839064/s718/foxcatcher.jpg,tt1100089,[],"['Amazon Video ($3.99)', 'Apple TV Store ($3.99)', 'Google Play Movies ($3.99)', 'YouTube ($3.99)', 'Fandango At Home ($3.99)']",['Amazon DVD / Blu-ray ($32.59)'],0
American Sniper,2014,https://images.justwatch.com/poster/301989405/s718/american-sniper.jpg,tt2179136,[],"['Plex ($2.99)', 'Amazon Video ($3.99)', 'Apple TV Store ($3.99)', 'Google Play Movies ($3.99)', 'YouTube ($3.99)', 'Fandango At Home ($3.99)', 'Spectrum On Demand ($3.99)']","['Barnes & Noble ($5.99)', 'GRUV ($7.99)', 'Amazon DVD / Blu-ray ($14.99)', 'Zavvi ($29.99)']",0
The Imitation Game,2014,https://images.justwatch.com/poster/324536056/s718/the-imitation-game.jpg,tt2084970,['MovieSphere+ Amazon Channel'],"['Amazon Video ($3.99)', 'Apple TV Store ($3.99)', 'Google Play Movies ($3.99)', 'YouTube ($3.99)', 'Fandango At Home ($3.99)', 'FlixFling ($3.99)']","['Amazon DVD / Blu-ray ($12.99)', 'Barnes & Noble ($14.99)']",1
Birdman or (The Unexpected Virtue of Ignorance),2014,https://images.justwatch.com/poster/9664613/s718/birdman.jpg,tt2562232,[],"['Amazon Video ($3.99)', 'Apple TV Store ($3.99)', 'Google Play Movies ($3.99)', 'YouTube ($3.99)', 'Fandango At Home ($3.99)']",['Amazon DVD / Blu-ray ($None)'],0
The Theory of Everything,2014,https://images.justwatch.com/poster/176614881/s718/the-theory-of-everything-2014.jpg,tt2980516,[],"['Amazon Video ($3.99)', 'Apple TV Store ($3.99)', 'Google Play Movies ($3.99)', 'YouTube ($3.99)', 'Fandango At Home ($3.99)', 'FlixFling ($3.99)']","['GRUV ($7.99)', 'Amazon DVD / Blu-ray ($8.98)', 'Barnes & Noble ($14.99)']",0
The Judge,2014,https://images.justwatch.com/poster/315926466/s718/the-judge-2014.jpg,tt1872194,[],"['Amazon Video ($3.99)', 'Apple TV Store ($3.99)', 'Google Play Movies ($3.99)', 'Fandango At Home ($3.99)']","['Barnes & Noble ($5.99)', 'GRUV ($8.08)', 'Amazon DVD / Blu-ray ($33.97)']",0
Boyhood,2014,https://images.justwatch.com/poster/179883952/s718/boyhood-2014.jpg,tt1065073,"['Netflix', 'Hulu', 'AMC Plus Apple TV Channel ', 'AMC+ Amazon Channel', 'AMC+', 'Criterion Channel', 'Philo', 'Sundance Now', 'MUBI', 'MUBI Amazon Channel']","['Apple TV Store ($3.99)', 'Google Play Movies ($3.99)', 'YouTube ($3.99)', 'Fandango At Home ($3.99)', 'Amazon Video ($5.99)']","['Amazon DVD / Blu-ray ($21.51)', 'Zavvi ($26.99)', 'Barnes & Noble ($29.99)']",10
Whiplash,2014,https://images.justwatch.com/poster/268498981/s718/whiplash.jpg,tt2582802,['Netflix'],"['Amazon Video ($3.99)', 'Apple TV Store ($3.99)', 'Google Play Movies ($3.99)', 'YouTube ($3.99)', 'Fandango At Home ($3.99)', 'Spectrum On Demand ($3.99)']","['Amazon DVD / Blu-ray ($None)', 'Barnes & Noble ($14.99)', 'Zavvi ($23.99)']",1
"Two Days, One Night",2014,https://images.justwatch.com/poster/307714872/s718/two-days-one-night.jpg,tt2737050,"['AMC Plus Apple TV Channel ', 'AMC+ Amazon Channel', 'AMC+', 'Philo', 'Sundance Now', 'MUBI', 'MUBI Amazon Channel']","['Fandango At Home ($2.99)', 'Amazon Video ($3.99)', 'Apple TV Store ($3.99)', 'Google Play Movies ($4.99)', 'YouTube ($4.99)']","['Amazon DVD / Blu-ray ($10.49)', 'Barnes & Noble ($29.99)']",7
Still Alice,2014,https://images.justwatch.com/poster/302261796/s718/still-alice.jpg,tt3316960,['Netflix'],"['Amazon Video ($3.99)', 'Fandango At Home ($3.99)']","['Amazon DVD / Blu-ray ($None)', 'Barnes & Noble ($11.99)', 'Apple TV Store ($12.99)', 'Google Play Movies ($12.99)', 'YouTube ($12.99)']",1
Gone Girl,2014,https://images.justwatch.com/poster/311203054/s718/gone-girl.jpg,tt2267998,['YouTube TV'],"['Amazon Video ($3.99)', 'Apple TV Store ($3.99)', 'Google Play Movies ($3.99)', 'YouTube ($3.99)', 'Fandango At Home ($3.99)']","['Amazon DVD / Blu-ray ($13.61)', 'Barnes & Noble ($14.99)', 'Zavvi ($41.99)']",1
Wild,2014,https://images.justwatch.com/poster/177337015/s718/wild-2014.jpg,tt2305051,['Hulu'],"['Amazon Video ($3.99)', 'Google Play Movies ($3.99)', 'YouTube ($3.99)', 'Fandango At Home ($3.99)', 'Apple TV Store ($4.99)']","['Amazon DVD / Blu-ray ($11.77)', 'GRUV ($19.98)']",1
Into the Woods,2014,https://images.justwatch.com/poster/312184620/s718/into-the-woods-2014.jpg,tt2180411,['Disney Plus'],"['Amazon Video ($3.99)', 'Apple TV Store ($3.99)', 'Google Play Movies ($3.99)', 'YouTube ($3.99)', 'Fandango At Home ($3.99)']",['Amazon DVD / Blu-ray ($13.65)'],1
Big Hero 6,2014,https://images.justwatch.com/poster/34824565/s718/big-hero-6.jpg,tt2245084,['Disney Plus'],"['Amazon Video ($3.99)', 'Apple TV Store ($3.99)', 'Google Play Movies ($3.99)', 'YouTube ($3.99)', 'Fandango At Home ($3.99)']","['Amazon DVD / Blu-ray ($None)', 'Zavvi ($7.99)']",1
The Boxtrolls,2014,https://images.justwatch.com/poster/219329673/s718/the-boxtrolls.jpg,tt0787474,[],"['Amazon Video ($2.99)', 'Fandango At Home ($2.99)', 'Apple TV Store ($3.99)', 'Spectrum On Demand ($3.99)', 'Google Play Movies ($4.99)', 'YouTube ($4.99)']","['Amazon DVD / Blu-ray ($9.99)', 'GRUV ($12.99)', 'Barnes & Noble ($22.99)']",0
How to Train Your Dragon 2,2014,https://images.justwatch.com/poster/108011105/s718/how-to-train-your-dragon-2.jpg,tt1646971,"['Netflix', 'Peacock Premium', 'Netflix Standard with Ads', 'Peacock Premium Plus']","['Amazon Video ($3.99)', 'Apple TV Store ($3.99)', 'YouTube ($3.99)', 'Fandango At Home ($3.99)']","['Amazon DVD / Blu-ray ($5)', 'GRUV ($7.99)', 'Barnes & Noble ($14.99)']",4
Song of the Sea,2014,https://images.justwatch.com/poster/195654970/s718/song-of-the-sea.jpg,tt1865505,[],"['Amazon Video ($3.99)', 'Apple TV Store ($3.99)', 'Fandango At Home ($3.99)', 'Google Play Movies ($4.99)', 'YouTube ($4.99)']","['Barnes & Noble ($26.99)', 'Amazon DVD / Blu-ray ($31.95)']",0
The Tale of The Princess Kaguya,2013,https://images.justwatch.com/poster/170992583/s718/the-tale-of-the-princess-kaguya.jpg,tt2576852,"['HBO Max', 'HBO Max Amazon Channel']","['Amazon Video ($3.99)', 'Apple TV Store ($3.99)', 'Fandango At Home ($3.99)', 'Google Play Movies ($4.99)', 'YouTube ($4.99)']","['Barnes & Noble ($18.89)', 'Amazon DVD / Blu-ray ($34.72)']",2
The Grand Budapest Hotel,2014,https://images.justwatch.com/poster/131734409/s718/the-grand-budapest-hotel.jpg,tt2278388,[],"['Amazon Video ($2.99)', 'Apple TV Store ($2.99)', 'Google Play Movies ($3.99)', 'YouTube ($3.99)', 'Fandango At Home ($3.99)']","['Amazon DVD / Blu-ray ($9.38)', 'Barnes & Noble ($12.99)']",0
Ida,2013,https://images.justwatch.com/poster/247615355/s718/ida.jpg,tt2718492,"['Amazon Prime Video', 'fuboTV', 'Philo', 'OVID', 'Fandor Amazon Channel', 'Klassiki', 'Amazon Prime Video with Ads']","['Google Play Movies ($2.99)', 'YouTube ($2.99)', 'Fandango At Home ($2.99)', 'Apple TV Store ($3.99)']","['Amazon DVD / Blu-ray ($18.73)', 'Barnes & Noble ($19.98)']",7
Mr. Turner,2014,https://images.justwatch.com/poster/200430429/s718/mr-turner.jpg,tt2473794,[],"['Amazon Video ($3.99)', 'Apple TV Store ($3.99)', 'Google Play Movies ($3.99)', 'YouTube ($3.99)', 'Fandango At Home ($3.99)', 'Spectrum On Demand ($3.99)']",['Amazon DVD / Blu-ray ($24.77)'],0
Unbroken,2014,https://images.justwatch.com/poster/180007640/s718/unbroken.jpg,tt1809398,"['Netflix', 'Netflix Standard with Ads']","['Amazon Video ($3.99)', 'Apple TV Store ($3.99)', 'Google Play Movies ($3.99)', 'YouTube ($3.99)', 'Fandango At Home ($3.99)']","['GRUV ($7.99)', 'Amazon DVD / Blu-ray ($8.59)']",2
Inherent Vice,2014,https://images.justwatch.com/poster/216331999/s718/inherent-vice.jpg,tt1791528,[],"['Amazon Video ($3.99)', 'Apple TV Store ($3.99)', 'Google Play Movies ($3.99)', 'YouTube ($3.99)', 'Fandango At Home ($3.99)', 'Spectrum On Demand ($3.99)']","['Amazon DVD / Blu-ray ($None)', 'GRUV ($9.49)', 'Barnes & Noble ($18.98)']",0
Maleficent,2014,https://images.justwatch.com/poster/302288081/s718/maleficent.jpg,tt1587310,"['Starz Roku Premium Channel', 'Starz', 'Philo', 'Starz Amazon Channel']","['Amazon Video ($3.99)', 'Google Play Movies ($3.99)', 'YouTube ($3.99)', 'Fandango At Home ($3.99)', 'Apple TV Store ($4.99)']","['Amazon DVD / Blu-ray ($None)', 'Barnes & Noble ($14.99)']",4
Citizenfour,2014,https://images.justwatch.com/poster/114650376/s718/citizen-four.jpg,tt4044364,[],"['Google Play Movies ($3.99)', 'YouTube ($3.99)', 'Fandango At Home ($3.99)']","['Amazon DVD / Blu-ray ($None)', 'Amazon Video ($9.99)', 'Barnes & Noble ($22.99)']",0
Finding Vivian Maier,2014,https://images.justwatch.com/poster/12298368/s718/finding-vivian-maier.jpg,tt2714900,"['AMC Plus Apple TV Channel ', 'AMC+ Amazon Channel', 'AMC+', 'Philo', 'Sundance Now', 'MUBI', 'MUBI Amazon Channel']",['Apple TV Store ($3.99)'],"['Amazon DVD / Blu-ray ($None)', 'Amazon Video ($9.99)', 'Google Play Movies ($14.99)', 'YouTube ($14.99)']",7
Last Days in Vietnam,2014,https://images.justwatch.com/poster/307684716/s718/last-days-in-vietnam.jpg,tt3279124,[],"['Google Play Movies ($3.99)', 'YouTube ($3.99)']",['Amazon DVD / Blu-ray ($19.5)'],0
The Salt of the Earth,2014,https://images.justwatch.com/poster/107405277/s718/the-salt-of-the-earth.jpg,tt3674140,[],"['Amazon Video ($3.59)', 'Google Play Movies ($3.59)', 'YouTube ($3.59)', 'Apple TV Store ($3.99)', 'Fandango At Home ($3.99)']",['Amazon DVD / Blu-ray ($14.39)'],0
Virunga,2014,https://images.justwatch.com/poster/121484898/s718/virunga.jpg,tt3455224,"['Netflix', 'Netflix Standard with Ads']",[],[],2
Leviathan,2014,https://images.justwatch.com/poster/176092074/s718/leviathan-2014.jpg,tt2802154,['Klassiki'],"['Amazon Video ($3.99)', 'Apple TV Store ($3.99)', 'Google Play Movies ($3.99)', 'YouTube ($3.99)', 'Fandango At Home ($3.99)', 'Spectrum On Demand ($3.99)']","['Amazon DVD / Blu-ray ($17.61)', 'Barnes & Noble ($19.98)']",1
Tangerines,2013,https://images.justwatch.com/poster/176254263/s718/tangerines.jpg,tt2991224,"['Amazon Prime Video', 'Amazon Prime Video with Ads']","['Amazon Video ($3.99)', 'Apple TV Store ($3.99)', 'Fandango At Home ($3.99)', 'Google Play Movies ($4.99)', 'YouTube ($4.99)']",['Amazon DVD / Blu-ray ($13.26)'],2
Timbuktu,2014,https://images.justwatch.com/poster/280927633/s718/timbuktu.jpg,tt3409392,['Cohen Media Amazon Channel'],"['Amazon Video ($3.99)', 'Google Play Movies ($3.99)', 'YouTube ($3.99)']","['Amazon DVD / Blu-ray ($None)', 'Apple TV Store ($4.99)', 'Barnes & Noble ($12.49)']",1
Wild Tales,2014,https://images.justwatch.com/poster/313983454/s718/wild-tales.jpg,tt3011894,[],"['Amazon Video ($2.99)', 'Apple TV Store ($3.99)', 'Google Play Movies ($3.99)', 'YouTube ($3.99)']","['Fandango At Home ($13.99)', 'Amazon DVD / Blu-ray ($26.7)']",0
Guardians of the Galaxy,2014,https://images.justwatch.com/poster/85371662/s718/guardians-of-the-galaxy.jpg,tt2015381,['Disney Plus'],"['Amazon Video ($3.99)', 'Google Play Movies ($3.99)', 'YouTube ($3.99)', 'Fandango At Home ($3.99)', 'Apple TV Store ($4.99)']",['Amazon DVD / Blu-ray ($None)'],1
Interstellar,2014,https://images.justwatch.com/poster/449990/s718/interstellar.jpg,tt0816692,"['Paramount+ Amazon Channel', 'Paramount+ Roku Premium Channel', 'Paramount Plus Essential', 'Paramount Plus Premium']","['Amazon Video ($3.99)', 'Google Play Movies ($3.99)', 'YouTube ($3.99)', 'Fandango At Home ($3.99)', 'JustWatch TV ($3.99)', 'FlixFling ($3.99)', 'Plex ($3.99)']","['Barnes & Noble ($4.99)', 'Amazon DVD / Blu-ray ($16.69)', 'Zavvi ($40.99)']",4
The Lego Movie,2014,https://images.justwatch.com/poster/47120655/s718/lego-the-piece-of-resistance.jpg,tt1490017,[],"['Plex ($2.99)', 'Amazon Video ($3.99)', 'Apple TV Store ($3.99)', 'Google Play Movies ($3.99)', 'YouTube ($3.99)', 'Fandango At Home ($3.99)', 'Spectrum On Demand ($3.99)']","['Amazon DVD / Blu-ray ($None)', 'Barnes & Noble ($4.99)', 'GRUV ($11.67)']",0
Selma,2014,https://images.justwatch.com/poster/209156550/s718/selma.jpg,tt1020072,"['Peacock Premium', 'Starz Apple TV Channel', 'Paramount+ Amazon Channel', 'Starz Roku Premium Channel', 'Starz', 'Philo', 'Starz Amazon Channel', 'Peacock Premium Plus', 'Paramount Plus Essential', 'Paramount Plus Premium', 'Wonder Project Amazon Channel']","['Amazon Video ($3.99)', 'Apple TV Store ($3.99)', 'Google Play Movies ($3.99)', 'YouTube ($3.99)', 'Fandango At Home ($3.99)', 'Spectrum On Demand ($3.99)']","['Amazon DVD / Blu-ray ($9.61)', 'Barnes & Noble ($12.99)']",11
Beyond the Lights,2014,https://images.justwatch.com/poster/201602028/s718/beyond-the-lights.jpg,tt3125324,"['Amazon Prime Video', 'Amazon Prime Video with Ads']","['Amazon Video ($2.99)', 'Fandango At Home ($2.99)', 'Google Play Movies ($3.99)', 'YouTube ($3.99)', 'Apple TV Store ($4.99)']","['Amazon DVD / Blu-ray ($9.69)', 'Barnes & Noble ($19.98)']",2
Glen Campbell: I'll Be Me,2014,https://images.justwatch.com/poster/20733236/s718/glen-campbell-ill-be-me.jpg,tt2049586,[],"['Amazon Video ($2.99)', 'Fandango At Home ($2.99)', 'Apple TV Store ($3.99)']",['Amazon DVD / Blu-ray ($10.28)'],0
Begin Again,2014,https://images.justwatch.com/poster/10102980/s718/begin-again.jpg,tt1980929,"['Amazon Prime Video', 'Amazon Prime Video with Ads']","['Amazon Video ($3.99)', 'Apple TV Store ($3.99)', 'Google Play Movies ($3.99)', 'YouTube ($3.99)', 'Fandango At Home ($3.99)']","['Barnes & Noble ($12.99)', 'Amazon DVD / Blu-ray ($17.98)']",2
The Hobbit: The Battle of the Five Armies,2014,https://images.justwatch.com/poster/181740641/s718/the-hobbit-the-battle-of-the-five-armies.jpg,tt2310332,"['HBO Max', 'HBO Max Amazon Channel']","['Plex ($2.99)', 'Amazon Video ($4.99)', 'Apple TV Store ($4.99)', 'Google Play Movies ($4.99)', 'YouTube ($4.99)', 'Fandango At Home ($4.99)']","['Barnes & Noble ($22.49)', 'Amazon DVD / Blu-ray ($97.49)']",2
Captain America: The Winter Soldier,2014,https://images.justwatch.com/poster/124880366/s718/captain-america-the-winter-soldier.jpg,tt1843866,['Disney Plus'],"['Amazon Video ($3.99)', 'Apple TV Store ($3.99)', 'Google Play Movies ($3.99)', 'YouTube ($3.99)', 'Fandango At Home ($3.99)']","['Amazon DVD / Blu-ray ($11.4)', 'Barnes & Noble ($19.98)']",1
Dawn of the Planet of the Apes,2014,https://images.justwatch.com/poster/248209391/s718/dawn-of-the-planet-of-the-apes.jpg,tt2103281,"['Hulu', 'fuboTV', 'YouTube TV']","['Amazon Video ($3.99)', 'Apple TV Store ($3.99)', 'Google Play Movies ($3.99)', 'YouTube ($3.99)', 'Fandango At Home ($3.99)']",['Amazon DVD / Blu-ray ($None)'],3
X-Men: Days of Future Past,2014,https://images.justwatch.com/poster/31930961/s718/x-men-days-of-future-past.jpg,tt1877832,['Disney Plus'],"['Amazon Video ($3.99)', 'Apple TV Store ($3.99)', 'Google Play Movies ($3.99)', 'YouTube ($3.99)', 'Fandango At Home ($3.99)']","['Barnes & Noble ($14.99)', 'Amazon DVD / Blu-ray ($32.52)']",1
Nightcrawler,2014,https://images.justwatch.com/poster/51204426/s718/nightcrawler.jpg,tt2872718,[],"['Amazon Video ($3.99)', 'Apple TV Store ($3.99)', 'YouTube ($4.99)', 'Fandango At Home ($4.99)']","['Google Play Movies ($14.99)', 'Barnes & Noble ($14.99)', 'Amazon DVD / Blu-ray ($15.51)']",0
Trumbo,2015,https://images.justwatch.com/poster/176632087/s718/trumbo-2015.jpg,tt3203606,[],"['Amazon Video ($3.99)', 'Apple TV Store ($3.99)', 'Google Play Movies ($3.99)', 'YouTube ($3.99)', 'Fandango At Home ($3.99)']","['GRUV ($7.99)', 'Amazon DVD / Blu-ray ($11.32)', 'Barnes & Noble ($14.99)']",0
The Martian,2015,https://images.justwatch.com/poster/315638406/s718/the-martian.jpg,tt3659388,"['AMC Plus Apple TV Channel ', 'AMC+ Amazon Channel', 'AMC+ Roku Premium Channel', 'YouTube TV', 'Philo', 'Paramount Plus Essential']","['Amazon Video ($3.99)', 'Google Play Movies ($3.99)', 'YouTube ($3.99)', 'Fandango At Home ($3.99)', 'Apple TV Store ($4.99)']","['Amazon DVD / Blu-ray ($None)', 'Barnes & Noble ($12.99)']",6
The Revenant,2015,https://images.justwatch.com/poster/189561162/s718/the-revenant.jpg,tt1663202,"['Peacock Premium', 'Peacock Premium Plus']","['Amazon Video ($3.99)', 'Apple TV Store ($3.99)', 'Google Play Movies ($3.99)', 'YouTube ($3.99)', 'Fandango At Home ($3.99)']","['Zavvi ($6.99)', 'Amazon DVD / Blu-ray ($9.55)']",2
Steve Jobs,2015,https://images.justwatch.com/poster/309916447/s718/steve-jobs.jpg,tt2080374,[],"['Amazon Video ($3.99)', 'Apple TV Store ($3.99)', 'Google Play Movies ($3.99)', 'YouTube ($3.99)', 'Fandango At Home ($3.99)']","['Amazon DVD / Blu-ray ($None)', 'GRUV ($7.99)']",0
The Danish Girl,2015,https://images.justwatch.com/poster/176199804/s718/the-danish-girl.jpg,tt0810819,[],"['Amazon Video ($3.99)', 'Apple TV Store ($3.99)', 'Google Play Movies ($3.99)', 'YouTube ($3.99)', 'Fandango At Home ($3.99)']","['Amazon DVD / Blu-ray ($6.66)', 'GRUV ($7.99)', 'Barnes & Noble ($14.99)']",0
The Big Short,2015,https://images.justwatch.com/poster/74403282/s718/the-big-short.jpg,tt1596363,"['Paramount+ Amazon Channel', 'Paramount Plus Essential', 'Paramount Plus Premium']","['Amazon Video ($3.99)', 'Google Play Movies ($3.99)', 'YouTube ($3.99)', 'Fandango At Home ($3.99)', 'JustWatch TV ($3.99)', 'Plex ($3.99)']","['Amazon DVD / Blu-ray ($None)', 'Apple TV Store ($4.99)', 'Barnes & Noble ($4.99)', 'Zavvi ($23.99)']",3
Spotlight,2015,https://images.justwatch.com/poster/322405364/s718/spotlight.jpg,tt1895587,[],"['Amazon Video ($3.99)', 'Apple TV Store ($3.99)', 'FlixFling ($3.99)', 'Google Play Movies ($4.99)', 'YouTube ($4.99)', 'Fandango At Home ($4.99)']","['Barnes & Noble ($6.99)', 'GRUV ($7.99)', 'Amazon DVD / Blu-ray ($14.55)']",0
Bridge of Spies,2015,https://images.justwatch.com/poster/176264373/s718/bridge-of-spies.jpg,tt3682448,[],['YouTube ($3.99)'],['Amazon DVD / Blu-ray ($43.88)'],0
Creed,2015,https://images.justwatch.com/poster/111200801/s718/creed.jpg,tt3076658,[],"['Amazon Video ($3.99)', 'Apple TV Store ($3.99)', 'Fandango At Home ($3.99)', 'Spectrum On Demand ($3.99)', 'Plex ($3.99)', 'Google Play Movies ($5.99)', 'YouTube ($5.99)']","['Barnes & Noble ($11.89)', 'Amazon DVD / Blu-ray ($14.3)']",0
Carol,2015,https://images.justwatch.com/poster/207927127/s718/carol.jpg,tt2402927,"['HBO Max', 'HBO Max Amazon Channel', 'Cinemax Amazon Channel', 'Cinemax Apple TV Channel']","['Amazon Video ($3.99)', 'Apple TV Store ($3.99)', 'Google Play Movies ($3.99)', 'YouTube ($3.99)', 'Fandango At Home ($3.99)', 'Spectrum On Demand ($3.99)']","['Barnes & Noble ($27.99)', 'Amazon DVD / Blu-ray ($45)']",4
Room,2015,https://images.justwatch.com/poster/336352905/s718/room-2015.jpg,tt3170832,['Hulu'],"['Amazon Video ($2.99)', 'Apple TV Store ($3.99)', 'Fandango At Home ($5.99)', 'Google Play Movies ($6.99)', 'YouTube ($6.99)']","['Amazon DVD / Blu-ray ($7.92)', 'Barnes & Noble ($14.99)']",1
Joy,2015,https://images.justwatch.com/poster/242747538/s718/joy.jpg,tt2446980,[],"['Amazon Video ($3.99)', 'Apple TV Store ($3.99)', 'Google Play Movies ($3.99)', 'Fandango At Home ($3.99)']",['Amazon DVD / Blu-ray ($14.98)'],0
45 Years,2015,https://images.justwatch.com/poster/176334160/s718/45-years.jpg,tt3544082,"['AMC Plus Apple TV Channel ', 'AMC+ Amazon Channel', 'AMC+', 'Criterion Channel', 'Philo', 'Sundance Now', 'MUBI', 'MUBI Amazon Channel', 'AcornTV Amazon Channel', 'Acorn TV Apple TV']","['Amazon Video ($3.99)', 'Apple TV Store ($3.99)', 'Google Play Movies ($3.99)', 'YouTube ($3.99)', 'Fandango At Home ($3.99)', 'JustWatch TV ($3.99)']","['Amazon DVD / Blu-ray ($10.91)', 'Barnes & Noble ($29.99)']",10
Brooklyn,2015,https://images.justwatch.com/poster/242879417/s718/brooklyn.jpg,tt2381111,['Hulu'],"['Amazon Video ($3.99)', 'Apple TV Store ($3.99)', 'Google Play Movies ($3.99)', 'YouTube ($3.99)', 'Fandango At Home ($3.99)']",['Amazon DVD / Blu-ray ($15.5)'],1
The Hateful Eight,2015,https://images.justwatch.com/poster/248818101/s718/the-hateful-eight.jpg,tt3460252,['Paramount Plus Essential'],"['Amazon Video ($3.99)', 'Apple TV Store ($3.99)', 'Google Play Movies ($3.99)', 'YouTube ($3.99)', 'Fandango At Home ($3.99)']","['Amazon DVD / Blu-ray ($7.44)', 'Barnes & Noble ($8.99)']",1
Anomalisa,2015,https://images.justwatch.com/poster/201592963/s718/anomalisa.jpg,tt2401878,['Criterion Channel'],"['Amazon Video ($3.99)', 'Apple TV Store ($3.99)', 'Google Play Movies ($3.99)', 'YouTube ($3.99)', 'Fandango At Home ($3.99)', 'JustWatch TV ($3.99)', 'Spectrum On Demand ($3.99)']","['Amazon DVD / Blu-ray ($12.21)', 'Barnes & Noble ($15.99)']",1
Boy & the World,2014,https://images.justwatch.com/poster/302056912/s718/boy-and-the-world.jpg,tt3183630,[],"['Google Play Movies ($2.99)', 'YouTube ($2.99)', 'Fandango At Home ($2.99)']","['Amazon DVD / Blu-ray ($None)', 'GRUV ($10.13)', 'Barnes & Noble ($22.99)']",0
Inside Out,2015,https://images.justwatch.com/poster/178301392/s718/inside-out-2015.jpg,tt2096673,['Disney Plus'],"['Amazon Video ($3.99)', 'Apple TV Store ($3.99)', 'Google Play Movies ($3.99)', 'YouTube ($3.99)', 'Fandango At Home ($3.99)']",['Amazon DVD / Blu-ray ($33.02)'],1
Shaun the Sheep Movie,2015,https://images.justwatch.com/poster/184672465/s718/shaun-the-sheep-movie.jpg,tt2872750,"['HBO Max', 'HBO Max Amazon Channel']","['Amazon Video ($3.99)', 'Apple TV Store ($3.99)', 'Google Play Movies ($3.99)', 'YouTube ($3.99)', 'Fandango At Home ($3.99)', 'Spectrum On Demand ($3.99)']","['Amazon DVD / Blu-ray ($6.99)', 'Barnes & Noble ($14.99)']",2
When Marnie Was There,2014,https://images.justwatch.com/poster/170991559/s718/when-marnie-was-there.jpg,tt3398268,"['HBO Max', 'HBO Max Amazon Channel']","['Amazon Video ($3.99)', 'Apple TV Store ($3.99)', 'Fandango At Home ($3.99)', 'Google Play Movies ($4.99)', 'YouTube ($4.99)']","['Amazon DVD / Blu-ray ($8.49)', 'GRUV ($15.99)', 'Barnes & Noble ($18.89)']",2
Mad Max: Fury Road,2015,https://images.justwatch.com/poster/8716732/s718/mad-max-fury-road.jpg,tt1392190,[],"['Plex ($2.99)', 'Amazon Video ($3.99)', 'Apple TV Store ($3.99)', 'Google Play Movies ($3.99)', 'YouTube ($3.99)', 'Fandango At Home ($3.99)', 'Spectrum On Demand ($3.99)']","['Barnes & Noble ($4.99)', 'GRUV ($7.99)', 'Amazon DVD / Blu-ray ($9.99)']",0
Sicario,2015,https://images.justwatch.com/poster/275806222/s718/sicario.jpg,tt3397884,"['Peacock Premium', 'Peacock Premium Plus']","['Amazon Video ($3.99)', 'Apple TV Store ($3.99)', 'Google Play Movies ($3.99)', 'YouTube ($3.99)', 'Fandango At Home ($3.99)', 'Spectrum On Demand ($3.99)']","['Barnes & Noble ($6.99)', 'Amazon DVD / Blu-ray ($8.99)', 'Zavvi ($23.99)']",2
Cinderella,2015,https://images.justwatch.com/poster/224400221/s718/cinderella-2015.jpg,tt1661199,['Disney Plus'],"['Amazon Video ($3.99)', 'Apple TV Store ($3.99)', 'Google Play Movies ($3.99)', 'YouTube ($3.99)', 'Fandango At Home ($3.99)']","['Barnes & Noble ($14.99)', 'Amazon DVD / Blu-ray ($25.26)']",1
Amy,2015,https://images.justwatch.com/poster/10389518/s718/amy-2015.jpg,tt2870648,"['Netflix', 'Netflix Standard with Ads']","['Amazon Video ($2.99)', 'Fandango At Home ($2.99)', 'Apple TV Store ($3.99)', 'Google Play Movies ($4.99)', 'YouTube ($4.99)']",['Amazon DVD / Blu-ray ($10.9)'],2
Cartel Land,2015,https://images.justwatch.com/poster/192142020/s718/cartel-land.jpg,tt4126304,"['Amazon Prime Video', 'fuboTV', 'Amazon Prime Video with Ads']","['Amazon Video ($2.99)', 'Fandango At Home ($2.99)', 'Apple TV Store ($3.99)', 'Google Play Movies ($3.99)', 'YouTube ($3.99)']",[],3
The Look of Silence,2014,https://images.justwatch.com/poster/239503664/s718/the-look-of-silence.jpg,tt3521134,['Fandor'],"['Amazon Video ($3.99)', 'Apple TV Store ($3.99)']",['Amazon DVD / Blu-ray ($12.47)'],1
"What Happened, Miss Simone?",2015,https://images.justwatch.com/poster/191893839/s718/what-happened-miss-simone.jpg,tt4284010,"['Netflix', 'Netflix Standard with Ads']","['Amazon Video ($4.99)', 'Apple TV Store ($4.99)']","['Amazon DVD / Blu-ray ($None)', 'Barnes & Noble ($21.99)']",2
Winter on Fire: Ukraine's Fight for Freedom,2015,https://images.justwatch.com/poster/269451656/s718/winter-on-fire-ukraines-fight-for-freedom.jpg,tt4908644,"['Netflix', 'Netflix Standard with Ads']",[],[],2
Star Wars: The Force Awakens,2015,https://images.justwatch.com/poster/178846887/s718/star-wars-the-force-awakens.jpg,tt2488496,"['Disney Plus', 'YouTube TV']","['Amazon Video ($3.99)', 'Apple TV Store ($3.99)', 'Google Play Movies ($3.99)', 'YouTube ($3.99)', 'Fandango At Home ($3.99)']","['Amazon DVD / Blu-ray ($None)', 'Barnes & Noble ($25.99)']",2
Embrace of the Serpent,2015,https://images.justwatch.com/poster/202947410/s718/embrace-of-the-serpent.jpg,tt4285496,"['Philo', 'Night Flight Plus', 'OVID', 'Fandor Amazon Channel']","['Amazon Video ($2.99)', 'Fandango At Home ($2.99)', 'Apple TV Store ($3.99)', 'Google Play Movies ($4.99)', 'YouTube ($4.99)']","['Amazon DVD / Blu-ray ($15.1)', 'Zavvi ($23.99)']",4
Mustang,2015,https://images.justwatch.com/poster/322109759/s718/mustang.jpg,tt3966404,['Cohen Media Amazon Channel'],"['Amazon Video ($4.99)', 'Apple TV Store ($4.99)', 'Google Play Movies ($4.99)']",['Amazon DVD / Blu-ray ($14.51)'],1
Son of Saul,2015,https://images.justwatch.com/poster/208343002/s718/son-of-saul.jpg,tt3808342,[],"['Amazon Video ($3.99)', 'Apple TV Store ($3.99)', 'Google Play Movies ($3.99)', 'YouTube ($3.99)', 'Fandango At Home ($3.99)']","['Amazon DVD / Blu-ray ($None)', 'Zavvi ($24.99)']",0
Theeb,2014,https://images.justwatch.com/poster/97644203/s718/theeb.jpg,tt3170902,"['Film Movement Plus', 'Film Movement Plus Amazon Channel']","['Amazon Video ($2.99)', 'Fandango At Home ($2.99)', 'FlixFling ($3.99)', 'Apple TV Store ($4.99)', 'Google Play Movies ($4.99)', 'YouTube ($4.99)']",['Amazon DVD / Blu-ray ($None)'],2
A War,2015,https://images.justwatch.com/poster/915712/s718/a-war.jpg,tt3830162,"['Philo', 'Magnolia Selects Amazon Channel', 'Warriors and Gangsters Amazon Channel']","['Amazon Video ($2.99)', 'Fandango At Home ($2.99)', 'FlixFling ($2.99)', 'Apple TV Store ($3.99)', 'Google Play Movies ($3.99)', 'YouTube ($3.99)']","['Amazon DVD / Blu-ray ($7.33)', 'Barnes & Noble ($26.99)']",3
The 100 Year-Old Man Who Climbed Out the Window and Disappeared,2013,https://images.justwatch.com/poster/82176012/s718/the-100-year-old-man-who-climbed-out-the-window-and-disappeared.jpg,tt2113681,['OVID'],"['Amazon Video ($1.99)', 'Google Play Movies ($2.99)', 'YouTube ($2.99)', 'Fandango At Home ($2.99)', 'Apple TV Store ($3.99)']","['Amazon DVD / Blu-ray ($19.3)', 'Barnes & Noble ($19.98)']",1
Fifty Shades of Grey,2015,https://images.justwatch.com/poster/43911616/s718/fifty-shades-of-grey.jpg,tt2322441,"['Peacock Premium', 'Peacock Premium Plus']","['Apple TV Store ($3.99)', 'Google Play Movies ($3.99)', 'YouTube ($3.99)', 'Fandango At Home ($3.99)']","['Amazon DVD / Blu-ray ($None)', 'GRUV ($7.99)', 'Barnes & Noble ($9.99)']",2
Racing Extinction,2015,https://images.justwatch.com/poster/178396617/s718/racing-extinction.jpg,tt1618448,"['Fandor', 'Philo', 'Fandor Amazon Channel', 'DocuramaFilms Amazon Channel']","['Amazon Video ($3.99)', 'Google Play Movies ($3.99)', 'YouTube ($3.99)', 'Fandango At Home ($4.99)']",['Amazon DVD / Blu-ray ($12)'],4
Youth,2015,https://images.justwatch.com/poster/325864687/s718/youth.jpg,tt3312830,[],"['Amazon Video ($3.99)', 'Apple TV Store ($3.99)', 'Google Play Movies ($3.99)', 'YouTube ($3.99)', 'Fandango At Home ($3.99)']",['Amazon DVD / Blu-ray ($18.91)'],0
The Hunting Ground,2015,https://images.justwatch.com/poster/184755246/s718/the-hunting-ground.jpg,tt4185572,[],"['Amazon Video ($3.99)', 'Google Play Movies ($3.99)', 'YouTube ($3.99)', 'Fandango At Home ($3.99)']",[],0
Spectre,2015,https://images.justwatch.com/poster/178976055/s718/spectre-2015.jpg,tt2379713,"['Netflix', 'Netflix Standard with Ads']","['Amazon Video ($2.99)', 'Fandango At Home ($2.99)', 'Apple TV Store ($3.99)', 'Spectrum On Demand ($3.99)', 'Plex ($3.99)', 'Google Play Movies ($5.99)', 'YouTube ($5.99)']","['GRUV ($7.99)', 'Barnes & Noble ($8.99)', 'Amazon DVD / Blu-ray ($16.22)']",2
Ex Machina,2015,https://images.justwatch.com/poster/183412567/s718/ex-machina.jpg,tt0470752,"['Netflix', 'HBO Max', 'HBO Max Amazon Channel', 'Netflix Standard with Ads']","['Amazon Video ($2.99)', 'Fandango At Home ($2.99)', 'Apple TV Store ($3.99)', 'Spectrum On Demand ($3.99)', 'FlixFling ($4.99)', 'Google Play Movies ($6.99)', 'YouTube ($6.99)']","['Amazon DVD / Blu-ray ($5)', 'Barnes & Noble ($6.99)']",4
Straight Outta Compton,2015,https://images.justwatch.com/poster/269798804/s718/straight-outta-compton.jpg,tt1398426,"['Amazon Prime Video', 'Peacock Premium', 'Amazon Prime Video with Ads', 'Peacock Premium Plus']","['Amazon Video ($3.99)', 'Apple TV Store ($3.99)', 'Google Play Movies ($3.99)', 'YouTube ($3.99)', 'Fandango At Home ($3.99)']","['Amazon DVD / Blu-ray ($7.08)', 'GRUV ($7.49)', 'Barnes & Noble ($14.99)']",4
Manchester by the Sea,2016,https://images.justwatch.com/poster/236373982/s718/manchester-by-the-sea.jpg,tt4034228,"['Amazon Prime Video', 'Amazon Prime Video with Ads']",[],['Amazon DVD / Blu-ray ($24.73)'],2
Hacksaw Ridge,2016,https://images.justwatch.com/poster/304765857/s718/hacksaw-ridge.jpg,tt2119532,"['Hulu', 'Wonder Project Amazon Channel']","['Amazon Video ($3.99)', 'Apple TV Store ($3.99)', 'Google Play Movies ($3.99)', 'YouTube ($3.99)', 'FlixFling ($3.99)']","['Amazon DVD / Blu-ray ($None)', 'Fandango At Home ($5)', 'Zavvi ($35.99)']",2
La La Land,2016,https://images.justwatch.com/poster/176667130/s718/la-la-land.jpg,tt3783958,"['Amazon Prime Video', 'Amazon Prime Video with Ads']","['Amazon Video ($3.99)', 'Apple TV Store ($3.99)', 'Google Play Movies ($3.99)', 'YouTube ($3.99)', 'FlixFling ($3.99)', 'Plex ($3.99)']","['Amazon DVD / Blu-ray ($7.59)', 'Barnes & Noble ($10.49)', 'Zavvi ($12.99)', 'Fandango At Home ($14.99)']",2
Captain Fantastic,2016,https://images.justwatch.com/poster/136970661/s718/captain-fantastic.jpg,tt3553976,"['Cinemax Amazon Channel', 'Cinemax Apple TV Channel']","['Amazon Video ($3.99)', 'Apple TV Store ($3.99)', 'Google Play Movies ($3.99)', 'YouTube ($3.99)', 'Fandango At Home ($3.99)']","['Amazon DVD / Blu-ray ($7.47)', 'GRUV ($7.99)']",2
Fences,2016,https://images.justwatch.com/poster/9374287/s718/fences.jpg,tt2671706,"['fuboTV', 'Peacock Premium', 'Paramount+ Amazon Channel', 'Paramount+ Roku Premium Channel', 'Peacock Premium Plus', 'Paramount Plus Essential', 'Paramount Plus Premium']","['Amazon Video ($3.99)', 'Apple TV Store ($3.99)', 'Google Play Movies ($3.99)', 'YouTube ($3.99)', 'Fandango At Home ($3.99)', 'FlixFling ($3.99)']","['Amazon DVD / Blu-ray ($9.36)', 'Zavvi ($23.99)']",7
Moonlight,2016,https://images.justwatch.com/poster/305419194/s718/moonlight.jpg,tt4975722,['HBO Max'],"['Amazon Video ($2.99)', 'Fandango At Home ($2.99)', 'Apple TV Store ($3.99)', 'Spectrum On Demand ($3.99)', 'Google Play Movies ($6.99)', 'YouTube ($6.99)']","['Amazon DVD / Blu-ray ($7.66)', 'Zavvi ($21.99)']",1
Hell or High Water,2016,https://images.justwatch.com/poster/9906622/s718/hell-or-high-water.jpg,tt2582782,"['Netflix', 'fuboTV', 'Netflix Standard with Ads', 'MovieSphere+ Amazon Channel']","['Amazon Video ($3.99)', 'Apple TV Store ($3.99)', 'Google Play Movies ($3.99)', 'YouTube ($3.99)', 'Fandango At Home ($3.99)', 'Plex ($3.99)']","['Amazon DVD / Blu-ray ($5.99)', 'Barnes & Noble ($9.99)']",4
Lion,2016,https://images.justwatch.com/poster/8547330/s718/lion.jpg,tt3741834,['Netflix'],"['Amazon Video ($3.99)', 'Google Play Movies ($3.99)', 'YouTube ($3.99)', 'Fandango At Home ($3.99)', 'FlixFling ($3.99)']","['Amazon DVD / Blu-ray ($13.86)', 'Barnes & Noble ($19.98)']",1
Nocturnal Animals,2016,https://images.justwatch.com/poster/2471672/s718/nocturnal-animals.jpg,tt4550098,[],"['Amazon Video ($3.99)', 'Apple TV Store ($3.99)', 'Google Play Movies ($3.99)', 'YouTube ($3.99)', 'Fandango At Home ($3.99)']","['Amazon DVD / Blu-ray ($8.3)', 'GRUV ($8.34)', 'Barnes & Noble ($14.99)']",0
Elle,2016,https://images.justwatch.com/poster/244290321/s718/elle.jpg,tt3716530,[],"['Amazon Video ($3.99)', 'Apple TV Store ($3.99)', 'Google Play Movies ($3.99)', 'YouTube ($3.99)', 'Fandango At Home ($3.99)', 'Spectrum On Demand ($3.99)']","['Amazon DVD / Blu-ray ($12.79)', 'Barnes & Noble ($19.98)', 'Zavvi ($23.99)']",0
Loving,2016,https://images.justwatch.com/poster/8872084/s718/loving-2016.jpg,tt4669986,"['Amazon Prime Video', 'History Vault', 'Amazon Prime Video with Ads', 'Paramount Plus Essential']","['Amazon Video ($3.99)', 'Apple TV Store ($3.99)', 'Google Play Movies ($3.99)', 'YouTube ($3.99)', 'Fandango At Home ($3.99)']",['GRUV ($8.34)'],4
Jackie,2016,https://images.justwatch.com/poster/269759440/s718/jackie-2016.jpg,tt1619029,[],"['Amazon Video ($3.99)', 'Apple TV Store ($3.99)', 'Google Play Movies ($3.99)', 'YouTube ($3.99)', 'Fandango At Home ($3.99)']","['Barnes & Noble ($17.98)', 'Amazon DVD / Blu-ray ($19.98)']",0
Florence Foster Jenkins,2016,https://images.justwatch.com/poster/1349218/s718/florence-foster-jenkins.jpg,tt4136084,[],"['Amazon Video ($3.99)', 'Apple TV Store ($3.99)', 'Google Play Movies ($3.99)', 'YouTube ($3.99)', 'Fandango At Home ($3.99)']",['Amazon DVD / Blu-ray ($10.71)'],0
Hidden Figures,2016,https://images.justwatch.com/poster/3063144/s718/hidden-figures.jpg,tt4846340,"['HBO Max', 'HBO Max Amazon Channel']","['Amazon Video ($3.99)', 'Apple TV Store ($3.99)', 'Google Play Movies ($3.99)', 'YouTube ($3.99)', 'Fandango At Home ($3.99)']","['Amazon DVD / Blu-ray ($9.61)', 'Barnes & Noble ($12.99)', 'Zavvi ($23.99)']",2
Kubo and the Two Strings,2016,https://images.justwatch.com/poster/176629609/s718/kubo-and-the-two-strings.jpg,tt4302938,"['Netflix', 'Netflix Standard with Ads']","['Amazon Video ($2.99)', 'Fandango At Home ($2.99)', 'Apple TV Store ($3.99)', 'Spectrum On Demand ($3.99)', 'Google Play Movies ($4.99)', 'YouTube ($4.99)']","['Amazon DVD / Blu-ray ($9.99)', 'GRUV ($12.99)', 'Barnes & Noble ($22.99)', 'Zavvi ($22.99)']",2
Moana,2016,https://images.justwatch.com/poster/252769591/s718/moana-2016.jpg,tt3521164,['Disney Plus'],"['Amazon Video ($3.99)', 'Apple TV Store ($3.99)', 'Google Play Movies ($3.99)', 'YouTube ($3.99)', 'Fandango At Home ($3.99)']","['Barnes & Noble ($19.98)', 'Zavvi ($20.99)', 'Amazon DVD / Blu-ray ($25.76)']",1
My Life as a Zucchini,2016,https://images.justwatch.com/poster/8851267/s718/my-life-as-a-zucchini.jpg,tt2321405,[],"['Amazon Video ($3.99)', 'Apple TV Store ($3.99)', 'Fandango At Home ($3.99)', 'Google Play Movies ($4.99)', 'YouTube ($4.99)']","['Amazon DVD / Blu-ray ($9.99)', 'Barnes & Noble ($22.99)']",0
The Red Turtle,2016,https://images.justwatch.com/poster/8813840/s718/the-red-turtle.jpg,tt3666024,[],"['Amazon Video ($3.99)', 'Apple TV Store ($3.99)', 'Google Play Movies ($3.99)', 'YouTube ($3.99)', 'Fandango At Home ($3.99)', 'Spectrum On Demand ($3.99)']","['Barnes & Noble ($19.98)', 'Amazon DVD / Blu-ray ($22.75)', 'Zavvi ($31.99)']",0
Zootopia,2016,https://images.justwatch.com/poster/176275502/s718/zootopia.jpg,tt2948356,"['Disney Plus', 'fuboTV']","['Amazon Video ($3.99)', 'Apple TV Store ($3.99)', 'Google Play Movies ($3.99)', 'YouTube ($3.99)', 'Fandango At Home ($3.99)']","['Zavvi ($10.99)', 'Amazon DVD / Blu-ray ($18.98)', 'Barnes & Noble ($19.98)']",2
Arrival,2016,https://images.justwatch.com/poster/8709099/s718/arrival-2016.jpg,tt2543164,[],"['Amazon Video ($3.99)', 'Apple TV Store ($3.99)', 'Google Play Movies ($3.99)', 'YouTube ($3.99)', 'Fandango At Home ($3.99)', 'JustWatch TV ($3.99)', 'Plex ($3.99)']","['Barnes & Noble ($4.99)', 'Amazon DVD / Blu-ray ($11.99)']",0
Silence,2017,https://images.justwatch.com/poster/157542208/s718/silence-2016-0.jpg,tt0490215,"['fuboTV', 'Paramount+ Amazon Channel']","['Amazon Video ($3.99)', 'Apple TV Store ($3.99)', 'Google Play Movies ($3.99)', 'YouTube ($3.99)', 'Fandango At Home ($3.99)']","['Barnes & Noble ($5.99)', 'Zavvi ($12.99)', 'Amazon DVD / Blu-ray ($14.49)']",2
Allied,2016,https://images.justwatch.com/poster/8826622/s718/allied.jpg,tt3640424,"['fuboTV', 'MGM+ Amazon Channel', 'MGM Plus', 'Philo', 'Paramount Plus Essential']","['Amazon Video ($3.99)', 'Apple TV Store ($3.99)', 'Google Play Movies ($3.99)', 'YouTube ($3.99)', 'Fandango At Home ($3.99)', 'Spectrum On Demand ($3.99)']","['Amazon DVD / Blu-ray ($12.98)', 'Barnes & Noble ($12.99)', 'Zavvi ($23.99)']",5
Fantastic Beasts and Where to Find Them,2016,https://images.justwatch.com/poster/176229217/s718/fantastic-beasts-and-where-to-find-them.jpg,tt3183660,"['HBO Max', 'HBO Max Amazon Channel']","['Plex ($2.99)', 'Spectrum On Demand ($3.99)', 'Amazon Video ($4.99)', 'Apple TV Store ($4.99)', 'Google Play Movies ($4.99)', 'YouTube ($4.99)', 'Fandango At Home ($4.99)']","['GRUV ($7.99)', 'Amazon DVD / Blu-ray ($8.99)', 'Barnes & Noble ($11.89)', 'Zavvi ($40.99)']",2
Fire at Sea,2016,https://images.justwatch.com/poster/176925964/s718/fire-at-sea.jpg,tt3652526,['Kino Film Collection'],"['Amazon Video ($2.99)', 'Fandango At Home ($2.99)', 'Google Play Movies ($3.89)', 'YouTube ($3.89)', 'Apple TV Store ($3.99)']",['Amazon DVD / Blu-ray ($24.99)'],1
I Am Not Your Negro,2017,https://images.justwatch.com/poster/9337991/s718/i-am-not-your-negro.jpg,tt5804038,"['Amazon Prime Video', 'Philo', 'Amazon Prime Video with Ads']","['Amazon Video ($2.99)', 'Fandango At Home ($2.99)', 'FlixFling ($2.99)', 'Apple TV Store ($3.99)', 'Google Play Movies ($3.99)', 'YouTube ($3.99)']","['Amazon DVD / Blu-ray ($4.47)', 'Barnes & Noble ($9.78)']",3
13th,2016,https://images.justwatch.com/poster/32763045/s718/the-13th.jpg,tt5895028,"['Netflix', 'Netflix Standard with Ads']",[],[],2
Land of Mine,2015,https://images.justwatch.com/poster/9544651/s718/land-of-mine.jpg,tt3841424,[],"['Amazon Video ($3.99)', 'Apple TV Store ($3.99)', 'Google Play Movies ($3.99)', 'YouTube ($3.99)', 'Fandango At Home ($3.99)', 'Spectrum On Demand ($3.99)']",['Amazon DVD / Blu-ray ($20.53)'],0
A Man Called Ove,2015,https://images.justwatch.com/poster/302260456/s718/a-man-called-ove.jpg,tt4080728,"['Amazon Prime Video', 'fuboTV', 'OVID', 'Amazon Prime Video with Ads', 'Viaplay Amazon Channel']","['Amazon Video ($1.99)', 'MovieMe ($2.31)', 'Google Play Movies ($2.99)', 'YouTube ($2.99)', 'Fandango At Home ($2.99)', 'Apple TV Store ($3.99)']","['Barnes & Noble ($19.98)', 'Amazon DVD / Blu-ray ($24.69)']",5
The Salesman,2016,https://images.justwatch.com/poster/309826353/s718/the-salesman.jpg,tt5186714,"['Amazon Prime Video', 'Amazon Prime Video with Ads']",[],['Amazon DVD / Blu-ray ($9.53)'],2
Tanna,2015,https://images.justwatch.com/poster/178119282/s718/tanna.jpg,tt4239726,['OVID'],"['Google Play Movies ($1.99)', 'YouTube ($1.99)', 'Amazon Video ($2.99)', 'Apple TV Store ($2.99)', 'Fandango At Home ($2.99)']",['Amazon DVD / Blu-ray ($41.31)'],1
Toni Erdmann,2016,https://images.justwatch.com/poster/291194433/s718/toni-erdmann.jpg,tt4048272,[],"['Amazon Video ($3.99)', 'Apple TV Store ($3.99)', 'Google Play Movies ($3.99)', 'YouTube ($3.99)', 'Fandango At Home ($3.99)', 'Spectrum On Demand ($3.99)']",['Amazon DVD / Blu-ray ($None)'],0
Star Trek Beyond,2016,https://images.justwatch.com/poster/179263640/s718/star-trek-beyond.jpg,tt2660888,"['Paramount+ Amazon Channel', 'Paramount+ Roku Premium Channel', 'MGM Plus', 'Paramount+ Originals Amazon Channel', 'Paramount Plus Essential', 'Paramount Plus Premium']","['Amazon Video ($3.99)', 'Apple TV Store ($3.99)', 'Google Play Movies ($3.99)', 'YouTube ($3.99)', 'Fandango At Home ($3.99)', 'Spectrum On Demand ($3.99)', 'Plex ($3.99)']","['Barnes & Noble ($4.99)', 'Amazon DVD / Blu-ray ($10.32)', 'Zavvi ($23.99)']",6
Suicide Squad,2016,https://images.justwatch.com/poster/320732524/s718/suicide-squad-2016.jpg,tt1386697,"['HBO Max', 'HBO Max Amazon Channel', 'YouTube TV', 'Cinemax Amazon Channel', 'Cinemax Apple TV Channel']","['Plex ($2.99)', 'Amazon Video ($5.99)', 'Apple TV Store ($5.99)', 'Google Play Movies ($5.99)', 'YouTube ($5.99)']","['Fandango At Home ($5)', 'Amazon DVD / Blu-ray ($7.79)', 'GRUV ($12.92)', 'Barnes & Noble ($13.99)']",5
Passengers,2016,https://images.justwatch.com/poster/3066838/s718/passengers-2016.jpg,tt1355644,"['fuboTV', 'MGM+ Amazon Channel', 'MGM Plus Roku Premium Channel', 'MGM Plus', 'Philo']","['Amazon Video ($3.99)', 'Apple TV Store ($3.99)', 'Google Play Movies ($3.99)', 'YouTube ($3.99)', 'Fandango At Home ($3.99)']","['Amazon DVD / Blu-ray ($None)', 'Barnes & Noble ($9.99)', 'Zavvi ($23.99)']",5
Trolls,2016,https://images.justwatch.com/poster/8859372/s718/trolls.jpg,tt1679335,"['Peacock Premium', 'Peacock Premium Plus']","['Amazon Video ($3.99)', 'Apple TV Store ($3.99)', 'Google Play Movies ($3.99)', 'YouTube ($3.99)', 'Fandango At Home ($3.99)']","['GRUV ($7.49)', 'Amazon DVD / Blu-ray ($9.69)', 'Barnes & Noble ($14.99)']",2
Jim: The James Foley Story,2016,https://images.justwatch.com/poster/801573/s718/jim-the-james-foley-story.jpg,tt5278466,"['HBO Max', 'HBO Max Amazon Channel']","['Amazon Video ($2.99)', 'Apple TV Store ($3.99)', 'Google Play Movies ($4.99)', 'YouTube ($4.99)']","['Amazon DVD / Blu-ray ($None)', 'Fandango At Home ($7.99)']",2
"Hail, Caesar!",2016,https://images.justwatch.com/poster/68947387/s718/hail-caesar.jpg,tt0475290,[],"['Amazon Video ($3.99)', 'Apple TV Store ($3.99)', 'Google Play Movies ($3.99)', 'YouTube ($3.99)', 'Fandango At Home ($3.99)']","['GRUV ($13.99)', 'Amazon DVD / Blu-ray ($33.99)']",0
Silent Nights,2017,https://images.justwatch.com/poster/12401338/s718/silent-nights.jpg,tt6460636,[],[],[],0
Deepwater Horizon,2016,https://images.justwatch.com/poster/927043/s718/deepwater-horizon.jpg,tt1860357,"['HBO Max', 'HBO Max Amazon Channel', 'Cinemax Amazon Channel', 'Cinemax Apple TV Channel', 'MovieSphere+ Amazon Channel']","['Amazon Video ($3.99)', 'Apple TV Store ($3.99)', 'Google Play Movies ($3.99)', 'YouTube ($3.99)', 'Fandango At Home ($3.99)']","['Amazon DVD / Blu-ray ($None)', 'Barnes & Noble ($9.99)', 'Zavvi ($18.98)']",5
Sully,2016,https://images.justwatch.com/poster/927030/s718/sully.jpg,tt3263904,['YouTube TV'],"['Plex ($2.99)', 'Amazon Video ($3.99)', 'Apple TV Store ($3.99)', 'Google Play Movies ($3.99)', 'YouTube ($3.99)', 'Fandango At Home ($3.99)', 'Spectrum On Demand ($3.99)']","['Barnes & Noble ($6.99)', 'GRUV ($7.99)', 'Amazon DVD / Blu-ray ($16.64)']",1
Rogue One: A Star Wars Story,2016,https://images.justwatch.com/poster/176342482/s718/rogue-one-a-star-wars-story.jpg,tt3748528,['Disney Plus'],"['Amazon Video ($3.99)', 'Apple TV Store ($3.99)', 'Google Play Movies ($3.99)', 'YouTube ($3.99)', 'Fandango At Home ($3.99)']","['Amazon DVD / Blu-ray ($12.26)', 'Zavvi ($17.98)', 'Barnes & Noble ($25.99)']",1
13 Hours: The Secret Soldiers of Benghazi,2016,https://images.justwatch.com/poster/148245251/s718/13-hours-the-secret-soldiers-of-benghazi.jpg,tt4172430,[],"['Amazon Video ($3.99)', 'Apple TV Store ($3.99)', 'Google Play Movies ($3.99)', 'YouTube ($3.99)', 'Fandango At Home ($3.99)', 'Plex ($3.99)']","['Barnes & Noble ($4.99)', 'Amazon DVD / Blu-ray ($13.54)', 'Zavvi ($23.99)']",0
Doctor Strange,2016,https://images.justwatch.com/poster/952680/s718/doctor-strange.jpg,tt1211837,['Disney Plus'],"['Amazon Video ($3.99)', 'Apple TV Store ($3.99)', 'Google Play Movies ($3.99)', 'YouTube ($3.99)', 'Fandango At Home ($3.99)']","['Amazon DVD / Blu-ray ($None)', 'Zavvi ($6.99)', 'Barnes & Noble ($19.98)']",1
The Jungle Book,2016,https://images.justwatch.com/poster/322358707/s718/the-jungle-book-2015.jpg,tt3040964,['Disney Plus'],"['Amazon Video ($3.99)', 'Apple TV Store ($3.99)', 'Google Play Movies ($3.99)', 'YouTube ($3.99)', 'Fandango At Home ($3.99)']","['Zavvi ($6.99)', 'Amazon DVD / Blu-ray ($8.98)']",1
The Lobster,2015,https://images.justwatch.com/poster/185385524/s718/the-lobster.jpg,tt3464902,"['HBO Max', 'HBO Max Amazon Channel']","['Amazon Video ($2.99)', 'Fandango At Home ($2.99)', 'Apple TV Store ($3.99)', 'Spectrum On Demand ($3.99)', 'Google Play Movies ($5.99)', 'YouTube ($5.99)']","['Barnes & Noble ($19.98)', 'Amazon DVD / Blu-ray ($26.62)']",2
20th Century Women,2016,https://images.justwatch.com/poster/8863768/s718/20th-century-women.jpg,tt4385888,"['Netflix', 'Netflix Standard with Ads']","['Fandango At Home ($2.99)', 'Apple TV Store ($3.99)', 'Plex ($3.99)', 'Google Play Movies ($4.99)', 'YouTube ($4.99)']","['Amazon DVD / Blu-ray ($11)', 'Barnes & Noble ($14.99)']",2
Call Me by Your Name,2017,https://images.justwatch.com/poster/291339450/s718/call-me-by-your-name.jpg,tt5726616,"['Paramount+ Amazon Channel', 'Paramount+ Roku Premium Channel', 'Paramount Plus Essential', 'Paramount Plus Premium']","['Amazon Video ($3.99)', 'Apple TV Store ($3.99)', 'Google Play Movies ($3.99)', 'YouTube ($3.99)', 'Fandango At Home ($3.99)', 'FlixFling ($3.99)']","['Amazon DVD / Blu-ray ($9.59)', 'Zavvi ($23.99)']",4
Phantom Thread,2017,https://images.justwatch.com/poster/53830720/s718/phantom-thread.jpg,tt5776858,['Criterion Channel'],"['Amazon Video ($3.99)', 'Apple TV Store ($3.99)', 'Google Play Movies ($3.99)', 'YouTube ($3.99)', 'Fandango At Home ($3.99)', 'FlixFling ($3.99)']","['Amazon DVD / Blu-ray ($None)', 'Barnes & Noble ($13.99)']",1
Get Out,2017,https://images.justwatch.com/poster/104348983/s718/get-out.jpg,tt5052448,"['HBO Max', 'HBO Max Amazon Channel']","['Amazon Video ($3.99)', 'Apple TV Store ($3.99)', 'Google Play Movies ($3.99)', 'YouTube ($3.99)', 'Fandango At Home ($3.99)']","['Barnes & Noble ($6.99)', 'GRUV ($7.99)', 'Amazon DVD / Blu-ray ($12.99)', 'Zavvi ($37.99)']",2
Darkest Hour,2017,https://images.justwatch.com/poster/23230171/s718/darkest-hour.jpg,tt4555426,"['Netflix', 'Netflix Standard with Ads']","['Amazon Video ($3.99)', 'Apple TV Store ($3.99)', 'Google Play Movies ($3.99)', 'YouTube ($3.99)', 'Fandango At Home ($3.99)']","['GRUV ($7.99)', 'Amazon DVD / Blu-ray ($9.85)', 'Zavvi ($37.99)']",2
"Roman J. Israel, Esq.",2017,https://images.justwatch.com/poster/42541402/s718/roman-j-israel-esq.jpg,tt6000478,[],"['Amazon Video ($3.99)', 'Apple TV Store ($3.99)', 'Google Play Movies ($3.99)', 'YouTube ($3.99)', 'Fandango At Home ($3.99)']","['Amazon DVD / Blu-ray ($6.79)', 'Barnes & Noble ($14.99)']",0
The Florida Project,2017,https://images.justwatch.com/poster/14986806/s718/the-florida-project.jpg,tt5649144,"['Cinemax Amazon Channel', 'Cinemax Apple TV Channel']","['Amazon Video ($2.99)', 'Fandango At Home ($2.99)', 'Apple TV Store ($3.99)', 'Spectrum On Demand ($3.99)', 'Google Play Movies ($4.99)', 'YouTube ($4.99)']","['Amazon DVD / Blu-ray ($13.28)', 'Zavvi ($22.99)']",2
"Three Billboards Outside Ebbing, Missouri",2017,https://images.justwatch.com/poster/78508769/s718/three-billboards-outside-ebbing-missouri.jpg,tt5027774,['HBO Max'],"['Amazon Video ($3.99)', 'Apple TV Store ($3.99)', 'Google Play Movies ($3.99)', 'YouTube ($3.99)', 'Fandango At Home ($3.99)', 'Spectrum On Demand ($3.99)']","['Barnes & Noble ($15.49)', 'GRUV ($19.98)', 'Zavvi ($23.99)', 'Amazon DVD / Blu-ray ($28.69)']",1
The Shape of Water,2017,https://images.justwatch.com/poster/48362755/s718/the-shape-of-water.jpg,tt5580390,"['HBO Max', 'HBO Max Amazon Channel']","['Amazon Video ($3.99)', 'Apple TV Store ($3.99)', 'Google Play Movies ($3.99)', 'YouTube ($3.99)', 'Fandango At Home ($3.99)', 'Spectrum On Demand ($3.99)']","['Amazon DVD / Blu-ray ($None)', 'Barnes & Noble ($14.99)', 'Zavvi ($23.99)']",2
All the Money in the World,2017,https://images.justwatch.com/poster/53301023/s718/all-the-money-in-the-world.jpg,tt5294550,[],"['Amazon Video ($3.99)', 'Apple TV Store ($3.99)', 'Google Play Movies ($3.99)', 'YouTube ($3.99)', 'Fandango At Home ($3.99)']","['Amazon DVD / Blu-ray ($7.69)', 'Zavvi ($14.99)']",0
"I, Tonya",2017,https://images.justwatch.com/poster/35449095/s718/i-tonya.jpg,tt5580036,[],"['Amazon Video ($3.99)', 'Apple TV Store ($3.99)', 'Google Play Movies ($3.99)', 'YouTube ($3.99)', 'Fandango At Home ($3.99)']",['Amazon DVD / Blu-ray ($4.22)'],0
Lady Bird,2017,https://images.justwatch.com/poster/38087084/s718/lady-bird.jpg,tt4925292,"['Cinemax Amazon Channel', 'Cinemax Apple TV Channel']","['Amazon Video ($2.99)', 'Fandango At Home ($2.99)', 'Apple TV Store ($3.99)', 'Google Play Movies ($4.99)', 'YouTube ($4.99)']","['Barnes & Noble ($13.99)', 'Amazon DVD / Blu-ray ($16.3)']",2
The Post,2017,https://images.justwatch.com/poster/36098148/s718/the-post.jpg,tt6294822,['History Vault'],"['Amazon Video ($3.99)', 'Apple TV Store ($3.99)', 'Google Play Movies ($3.99)', 'YouTube ($3.99)', 'Fandango At Home ($3.99)']",[],1
Mudbound,2017,https://images.justwatch.com/poster/33487958/s718/mudbound.jpg,tt2396589,"['Netflix', 'Netflix Standard with Ads']",[],['Barnes & Noble ($29.99)'],2
The Boss Baby,2017,https://images.justwatch.com/poster/8541489/s718/the-boss-baby.jpg,tt3874544,"['Peacock Premium', 'Peacock Premium Plus']","['Amazon Video ($3.99)', 'Apple TV Store ($3.99)', 'Google Play Movies ($3.99)', 'YouTube ($3.99)', 'Fandango At Home ($3.99)']","['Amazon DVD / Blu-ray ($7.09)', 'GRUV ($7.49)', 'Barnes & Noble ($14.99)']",2
The Breadwinner,2017,https://images.justwatch.com/poster/28212313/s718/the-breadwinner.jpg,tt3901826,[],"['Amazon Video ($3.79)', 'Google Play Movies ($3.79)', 'YouTube ($3.79)', 'Apple TV Store ($3.99)', 'Fandango At Home ($3.99)']","['Amazon DVD / Blu-ray ($None)', 'GRUV ($11.68)', 'Barnes & Noble ($19.98)', 'Zavvi ($23.99)']",0
Coco,2017,https://images.justwatch.com/poster/35315559/s718/coco.jpg,tt2380307,['Disney Plus'],"['Amazon Video ($3.99)', 'Apple TV Store ($3.99)', 'Google Play Movies ($3.99)', 'YouTube ($3.99)', 'Fandango At Home ($3.99)']","['Barnes & Noble ($19.98)', 'Amazon DVD / Blu-ray ($23.96)', 'Zavvi ($26.99)']",1
Ferdinand,2017,https://images.justwatch.com/poster/33161151/s718/ferdinand.jpg,tt3411444,"['HBO Max', 'HBO Max Amazon Channel']","['Amazon Video ($3.99)', 'Google Play Movies ($3.99)', 'YouTube ($3.99)', 'Fandango At Home ($3.99)', 'Apple TV Store ($4.99)']",['Amazon DVD / Blu-ray ($19.98)'],2
Loving Vincent,2017,https://images.justwatch.com/poster/42221516/s718/loving-vincent.jpg,tt3262342,[],"['Amazon Video ($2.99)', 'Apple TV Store ($2.99)', 'Google Play Movies ($2.99)', 'YouTube ($2.99)', 'Fandango At Home ($2.99)']","['Amazon DVD / Blu-ray ($10.97)', 'Zavvi ($22.99)']",0
Blade Runner 2049,2017,https://images.justwatch.com/poster/24702418/s718/blade-runner-2049.jpg,tt1856101,[],"['Plex ($2.99)', 'Amazon Video ($3.99)', 'Apple TV Store ($3.99)', 'Google Play Movies ($3.99)', 'Fandango At Home ($3.99)', 'Spectrum On Demand ($3.99)']","['Amazon DVD / Blu-ray ($None)', 'Barnes & Noble ($4.99)', 'GRUV ($7.99)', 'Zavvi ($23.99)']",0
Dunkirk,2017,https://images.justwatch.com/poster/206292111/s718/dunkirk-2017.jpg,tt5013056,[],"['Plex ($2.99)', 'Amazon Video ($3.99)', 'Apple TV Store ($3.99)', 'Google Play Movies ($3.99)', 'YouTube ($3.99)', 'Fandango At Home ($3.99)', 'Spectrum On Demand ($3.99)']","['Barnes & Noble ($4.99)', 'GRUV ($7.99)', 'Amazon DVD / Blu-ray ($14.41)']",0
Beauty and the Beast,2017,https://images.justwatch.com/poster/8594133/s718/beauty-and-the-beast-2017.jpg,tt2771200,['Disney Plus'],"['Amazon Video ($3.99)', 'Apple TV Store ($3.99)', 'Google Play Movies ($3.99)', 'YouTube ($3.99)', 'Fandango At Home ($3.99)']","['Zavvi ($6.99)', 'Amazon DVD / Blu-ray ($18.98)']",1
Victoria & Abdul,2017,https://images.justwatch.com/poster/39414876/s718/victoria-and-abdul.jpg,tt5816682,[],"['Amazon Video ($3.99)', 'Apple TV Store ($3.99)', 'Google Play Movies ($3.99)', 'YouTube ($3.99)', 'Fandango At Home ($3.99)']","['GRUV ($7.99)', 'Amazon DVD / Blu-ray ($13.06)']",0
Abacus: Small Enough to Jail,2017,https://images.justwatch.com/poster/41340029/s718/abacus-small-enough-to-jail.jpg,tt5952382,[],[],['Amazon DVD / Blu-ray ($17.98)'],0
Icarus,2017,https://images.justwatch.com/poster/10597064/s718/icarus-2017.jpg,tt6333060,"['Netflix', 'Netflix Standard with Ads']",[],[],2
Last Men in Aleppo,2017,https://images.justwatch.com/poster/144638956/s718/last-men-in-aleppo.jpg,tt6333074,['Fandor'],"['Apple TV Store ($0.99)', 'Amazon Video ($3.99)']",[],1
Strong Island,2017,https://images.justwatch.com/poster/48380368/s718/strong-island.jpg,tt5873150,"['Netflix', 'Netflix Standard with Ads']",[],[],2
Baby Driver,2017,https://images.justwatch.com/poster/209967657/s718/baby-driver.jpg,tt3890160,"['fuboTV', 'Paramount+ Amazon Channel', 'Paramount+ Roku Premium Channel', 'Paramount Plus Premium']","['Amazon Video ($3.99)', 'Apple TV Store ($3.99)', 'Google Play Movies ($3.99)', 'YouTube ($3.99)', 'Fandango At Home ($3.99)', 'Spectrum On Demand ($3.99)']","['Amazon DVD / Blu-ray ($9.22)', 'Zavvi ($23.99)']",4
A Fantastic Woman,2017,https://images.justwatch.com/poster/25412137/s718/a-fantastic-woman.jpg,tt5639354,[],"['Amazon Video ($3.99)', 'Apple TV Store ($3.99)', 'Google Play Movies ($3.99)', 'YouTube ($3.99)']","['Amazon DVD / Blu-ray ($11.34)', 'Fandango At Home ($13.99)', 'Zavvi ($26.99)']",0
The Insult,2017,https://images.justwatch.com/poster/59362461/s718/the-insult.jpg,tt7048622,['Cohen Media Amazon Channel'],"['Amazon Video ($1.99)', 'Apple TV Store ($4.99)', 'Google Play Movies ($4.99)']",[],1
Loveless,2017,https://images.justwatch.com/poster/8791117/s718/loveless-2017.jpg,tt6304162,[],"['Amazon Video ($3.99)', 'Apple TV Store ($3.99)', 'Google Play Movies ($3.99)', 'YouTube ($3.99)']","['Amazon DVD / Blu-ray ($None)', 'Fandango At Home ($12.99)', 'Barnes & Noble ($25.99)']",0
On Body and Soul,2017,https://images.justwatch.com/poster/10111896/s718/on-body-and-soul.jpg,tt5607714,[],[],['Amazon DVD / Blu-ray ($22.29)'],0
The Square,2017,https://images.justwatch.com/poster/168916618/s718/the-square-2017.jpg,tt4995790,"['Hulu', 'Philo', 'Magnolia Selects Amazon Channel']","['Amazon Video ($2.99)', 'Fandango At Home ($2.99)', 'FlixFling ($2.99)', 'Apple TV Store ($3.99)', 'Google Play Movies ($3.99)', 'YouTube ($3.99)']","['Amazon DVD / Blu-ray ($19.82)', 'Zavvi ($26.99)']",3
Wonder,2017,https://images.justwatch.com/poster/29932413/s718/wonder.jpg,tt2543472,"['Netflix', 'Netflix Standard with Ads', 'MovieSphere+ Amazon Channel', 'Wonder Project Amazon Channel']","['Amazon Video ($3.99)', 'Apple TV Store ($3.99)', 'Google Play Movies ($3.99)', 'YouTube ($3.99)', 'Fandango At Home ($3.99)', 'FlixFling ($3.99)', 'Plex ($3.99)']","['Amazon DVD / Blu-ray ($None)', 'Zavvi ($35.99)']",4
Star Wars: The Last Jedi,2017,https://images.justwatch.com/poster/35695883/s718/star-wars-the-last-jedi.jpg,tt2527336,['Disney Plus'],"['Amazon Video ($3.99)', 'Apple TV Store ($3.99)', 'Google Play Movies ($3.99)', 'YouTube ($3.99)', 'Fandango At Home ($3.99)']",['Amazon DVD / Blu-ray ($8.35)'],1
Marshall,2017,https://images.justwatch.com/poster/38134850/s718/marshall.jpg,tt5301662,"['fuboTV', 'Paramount+ Amazon Channel', 'YouTube TV', 'Shout! Factory Amazon Channel', 'Paramount Plus Essential', 'Paramount Plus Premium']","['Apple TV Store ($3.99)', 'Fandango At Home ($3.99)', 'Google Play Movies ($4.99)', 'YouTube ($4.99)']","['GRUV ($8.34)', 'Barnes & Noble ($14.99)', 'Amazon DVD / Blu-ray ($17.57)']",6
The Greatest Showman,2017,https://images.justwatch.com/poster/50813221/s718/the-greatest-showman.jpg,tt1485796,['Disney Plus'],"['Amazon Video ($3.99)', 'Google Play Movies ($3.99)', 'YouTube ($3.99)', 'Fandango At Home ($3.99)', 'Apple TV Store ($4.99)']","['Amazon DVD / Blu-ray ($8.36)', 'Zavvi ($9.99)', 'Barnes & Noble ($14.99)']",1
Guardians of the Galaxy Vol. 2,2017,https://images.justwatch.com/poster/8545918/s718/guardians-of-the-galaxy-vol-2.jpg,tt3896198,['Disney Plus'],"['Amazon Video ($3.99)', 'Apple TV Store ($3.99)', 'Google Play Movies ($3.99)', 'YouTube ($3.99)', 'Fandango At Home ($3.99)']","['Zavvi ($28.99)', 'Amazon DVD / Blu-ray ($32.61)', 'Barnes & Noble ($34.99)']",1
Kong: Skull Island,2017,https://images.justwatch.com/poster/8538074/s718/kong-skull-island.jpg,tt3731562,"['HBO Max', 'HBO Max Amazon Channel', 'Cinemax Amazon Channel', 'Cinemax Apple TV Channel']","['Plex ($2.99)', 'Spectrum On Demand ($3.99)', 'Amazon Video ($5.99)', 'Apple TV Store ($5.99)', 'Google Play Movies ($5.99)', 'YouTube ($5.99)', 'Fandango At Home ($5.99)']","['Barnes & Noble ($4.99)', 'Amazon DVD / Blu-ray ($8.44)', 'GRUV ($9.88)', 'Zavvi ($40.99)']",4
War for the Planet of the Apes,2017,https://images.justwatch.com/poster/8796745/s718/war-for-the-planet-of-the-apes.jpg,tt3450958,"['HBO Max', 'HBO Max Amazon Channel']","['Amazon Video ($3.99)', 'Apple TV Store ($3.99)', 'Google Play Movies ($3.99)', 'YouTube ($3.99)', 'Fandango At Home ($3.99)']","['Amazon DVD / Blu-ray ($14.45)', 'Zavvi ($23.99)', 'Barnes & Noble ($34.99)']",2
The Disaster Artist,2017,https://images.justwatch.com/poster/38072352/s718/the-disaster-artist.jpg,tt3521126,"['Cinemax Amazon Channel', 'Cinemax Apple TV Channel']","['Amazon Video ($2.99)', 'Fandango At Home ($2.99)', 'Apple TV Store ($3.99)', 'Google Play Movies ($6.99)', 'YouTube ($6.99)']","['Amazon DVD / Blu-ray ($12.99)', 'Barnes & Noble ($29.99)']",2
Logan,2017,https://images.justwatch.com/poster/76832017/s718/logan.jpg,tt3315342,"['Disney Plus', 'HBO Max', 'HBO Max Amazon Channel']","['Amazon Video ($3.99)', 'Apple TV Store ($3.99)', 'Google Play Movies ($3.99)', 'YouTube ($3.99)', 'Fandango At Home ($3.99)']","['Barnes & Noble ($14.99)', 'Amazon DVD / Blu-ray ($18.73)', 'Zavvi ($23.99)']",3
Molly's Game,2017,https://images.justwatch.com/poster/35341759/s718/mollys-game.jpg,tt4209788,"['Netflix', 'USA Network', 'Netflix Standard with Ads']","['Amazon Video ($3.99)', 'Apple TV Store ($3.99)', 'Google Play Movies ($3.99)', 'YouTube ($3.99)', 'Fandango At Home ($3.99)']",['Amazon DVD / Blu-ray ($18.73)'],3
The Big Sick,2017,https://images.justwatch.com/poster/23499135/s718/the-big-sick.jpg,tt5462602,"['Amazon Prime Video', 'Amazon Prime Video with Ads']",[],['Amazon DVD / Blu-ray ($23.31)'],2
Vice,2018,https://images.justwatch.com/poster/100612659/s718/vice-2018.jpg,tt6266538,['MovieSphere+ Amazon Channel'],"['Apple TV Store ($3.99)', 'Google Play Movies ($3.99)', 'YouTube ($3.99)', 'Fandango At Home ($3.99)']","['Barnes & Noble ($9.99)', 'Amazon DVD / Blu-ray ($12.84)']",1
A Star Is Born,2018,https://images.justwatch.com/poster/139006430/s718/a-star-is-born-2018.jpg,tt1517451,[],"['Plex ($2.99)', 'Amazon Video ($3.99)', 'Apple TV Store ($3.99)', 'Google Play Movies ($3.99)', 'YouTube ($3.99)', 'Fandango At Home ($3.99)', 'Spectrum On Demand ($3.99)']","['Amazon DVD / Blu-ray ($None)', 'Barnes & Noble ($4.99)', 'GRUV ($7.99)', 'Zavvi ($40.99)']",0
At Eternity's Gate,2018,https://images.justwatch.com/poster/103815023/s718/at-eternitys-gate.jpg,tt6938828,[],"['Amazon Video ($3.99)', 'Apple TV Store ($3.99)', 'Google Play Movies ($3.99)', 'YouTube ($3.99)', 'Fandango At Home ($3.99)']","['Amazon DVD / Blu-ray ($12.97)', 'Barnes & Noble ($19.98)']",0
Bohemian Rhapsody,2018,https://images.justwatch.com/poster/88921723/s718/bohemian-rhapsody.jpg,tt1727824,"['Amazon Prime Video', 'fuboTV', 'Amazon Prime Video with Ads']","['Amazon Video ($2.99)', 'Apple TV Store ($2.99)', 'Google Play Movies ($3.99)', 'YouTube ($3.99)', 'Fandango At Home ($3.99)']","['Zavvi ($7.99)', 'Amazon DVD / Blu-ray ($13.55)']",3
Green Book,2018,https://images.justwatch.com/poster/95893812/s718/green-book.jpg,tt6966692,"['fuboTV', 'Paramount+ Amazon Channel', 'Paramount+ Roku Premium Channel']","['Amazon Video ($3.99)', 'Apple TV Store ($3.99)', 'Google Play Movies ($3.99)', 'YouTube ($3.99)', 'Fandango At Home ($3.99)']","['Amazon DVD / Blu-ray ($5)', 'Barnes & Noble ($6.99)', 'GRUV ($7.49)']",3
BlacKkKlansman,2018,https://images.justwatch.com/poster/87870778/s718/blackkklansman.jpg,tt7349662,[],"['Amazon Video ($3.99)', 'Apple TV Store ($3.99)', 'Google Play Movies ($3.99)', 'YouTube ($3.99)', 'Fandango At Home ($3.99)']","['Amazon DVD / Blu-ray ($5)', 'Barnes & Noble ($6.99)', 'GRUV ($7.49)']",0
Can You Ever Forgive Me?,2018,https://images.justwatch.com/poster/109788068/s718/can-you-ever-forgive-me.jpg,tt4595882,[],"['Amazon Video ($3.99)', 'Apple TV Store ($3.99)', 'Google Play Movies ($3.99)', 'YouTube ($3.99)', 'Fandango At Home ($3.99)']",['Amazon DVD / Blu-ray ($None)'],0
Roma,2018,https://images.justwatch.com/poster/88518655/s718/roma-2018.jpg,tt6155172,"['Netflix', 'Netflix Standard with Ads']",[],['Barnes & Noble ($29.99)'],2
The Wife,2017,https://images.justwatch.com/poster/79915567/s718/the-wife-2018.jpg,tt3750872,[],"['Amazon Video ($3.99)', 'Apple TV Store ($3.99)', 'Google Play Movies ($3.99)', 'YouTube ($3.99)', 'Fandango At Home ($3.99)', 'Spectrum On Demand ($3.99)']","['Amazon DVD / Blu-ray ($10.92)', 'Zavvi ($23.99)']",0
The Favourite,2018,https://images.justwatch.com/poster/99605972/s718/the-favourite.jpg,tt5083738,"['Peacock Premium', 'Peacock Premium Plus']","['Amazon Video ($3.99)', 'Google Play Movies ($3.99)', 'YouTube ($3.99)', 'Fandango At Home ($3.99)']","['Apple TV Store ($4.99)', 'Amazon DVD / Blu-ray ($11.93)', 'GRUV ($19.98)', 'Zavvi ($23.99)']",2
If Beale Street Could Talk,2018,https://images.justwatch.com/poster/116051963/s718/if-beale-street-could-talk.jpg,tt7125860,"['AMC Plus Apple TV Channel ', 'AMC+ Amazon Channel', 'AMC+', 'Philo', 'Sundance Now', 'MovieSphere+ Amazon Channel']","['Google Play Movies ($3.99)', 'YouTube ($3.99)']","['Apple TV Store ($9.99)', 'Barnes & Noble ($9.99)', 'Amazon DVD / Blu-ray ($15.09)']",6
Incredibles 2,2018,https://images.justwatch.com/poster/90438490/s718/incredibles-2.jpg,tt3606756,['Disney Plus'],"['Amazon Video ($3.99)', 'Google Play Movies ($3.99)', 'YouTube ($3.99)', 'Fandango At Home ($3.99)', 'Apple TV Store ($4.99)']","['Amazon DVD / Blu-ray ($None)', 'Zavvi ($8.99)', 'Barnes & Noble ($26.99)']",1
Isle of Dogs,2018,https://images.justwatch.com/poster/51070303/s718/isle-of-dogs-2018.jpg,tt5104604,['Disney Plus'],"['Amazon Video ($3.99)', 'Apple TV Store ($3.99)', 'Google Play Movies ($3.99)', 'YouTube ($3.99)', 'Fandango At Home ($3.99)']","['Amazon DVD / Blu-ray ($8.09)', 'Barnes & Noble ($12.99)']",1
Ralph Breaks the Internet,2018,https://images.justwatch.com/poster/146115656/s718/ralph-breaks-the-internet.jpg,tt5848272,['Disney Plus'],"['Amazon Video ($3.99)', 'Apple TV Store ($3.99)', 'Google Play Movies ($3.99)', 'YouTube ($3.99)', 'Fandango At Home ($3.99)']","['Zavvi ($6.99)', 'Amazon DVD / Blu-ray ($14.06)', 'Barnes & Noble ($19.98)']",1
Spider-Man: Into the Spider-Verse,2018,https://images.justwatch.com/poster/65668297/s718/spider-man-into-the-spider-verse.jpg,tt4633694,"['Netflix', 'Netflix Standard with Ads']","['Amazon Video ($3.99)', 'Apple TV Store ($3.99)', 'Google Play Movies ($3.99)', 'YouTube ($3.99)', 'Fandango At Home ($3.99)', 'FlixFling ($3.99)', 'Spectrum On Demand ($3.99)']","['Amazon DVD / Blu-ray ($None)', 'Barnes & Noble ($19.98)']",2
Cold War,2018,https://images.justwatch.com/poster/93405976/s718/cold-war-2018.jpg,tt6543652,"['Amazon Prime Video', 'Amazon Prime Video with Ads']",[],"['Amazon DVD / Blu-ray ($10.49)', 'Zavvi ($26.99)', 'Barnes & Noble ($29.99)']",2
The Ballad of Buster Scruggs,2018,https://images.justwatch.com/poster/98337674/s718/the-ballad-of-buster-scruggs.jpg,tt6412452,"['Netflix', 'Netflix Standard with Ads']",[],[],2
Black Panther,2018,https://images.justwatch.com/poster/44121984/s718/black-panther.jpg,tt1825683,"['Disney Plus', 'Hulu', 'fuboTV', 'YouTube TV']","['Amazon Video ($3.99)', 'Apple TV Store ($3.99)', 'Google Play Movies ($3.99)', 'YouTube ($3.99)', 'Fandango At Home ($3.99)']","['Amazon DVD / Blu-ray ($None)', 'Zavvi ($8.99)', 'Barnes & Noble ($19.98)']",4
Mary Queen of Scots,2018,https://images.justwatch.com/poster/97861231/s718/mary-queen-of-scots-2019.jpg,tt2328900,[],"['Amazon Video ($3.99)', 'Apple TV Store ($3.99)', 'Google Play Movies ($3.99)', 'YouTube ($3.99)', 'Fandango At Home ($3.99)']","['Amazon DVD / Blu-ray ($3.51)', 'GRUV ($8.82)']",0
Free Solo,2018,https://images.justwatch.com/poster/124054476/s718/free-solo.jpg,tt7775622,"['Netflix', 'Disney Plus', 'Hulu', 'fuboTV', 'Netflix Standard with Ads']","['Amazon Video ($3.99)', 'Apple TV Store ($3.99)', 'Google Play Movies ($3.99)', 'YouTube ($3.99)', 'Spectrum On Demand ($3.99)']","['Fandango At Home ($9.99)', 'Amazon DVD / Blu-ray ($11.32)']",5
"Hale County This Morning, This Evening",2018,https://images.justwatch.com/poster/100247598/s718/hale-county-this-morning-this-evening.jpg,tt6634646,['Metrograph'],"['Amazon Video ($2.99)', 'Fandango At Home ($2.99)', 'Google Play Movies ($3.99)', 'YouTube ($3.99)', 'Apple TV Store ($4.99)']",[],1
Minding the Gap,2018,https://images.justwatch.com/poster/40185095/s718/minding-the-gap.jpg,tt7476236,['Hulu'],[],['Barnes & Noble ($29.99)'],1
Of Fathers and Sons,2017,https://images.justwatch.com/poster/99948847/s718/of-fathers-and-sons.jpg,tt7519174,['Kino Film Collection'],"['Amazon Video ($2.99)', 'Apple TV Store ($2.99)', 'Fandango At Home ($2.99)', 'Google Play Movies ($4.99)', 'YouTube ($4.99)']",['Barnes & Noble ($14.99)'],1
RBG,2018,https://images.justwatch.com/poster/62418278/s718/rbg.jpg,tt7689964,"['Amazon Prime Video', 'Hulu', 'fuboTV', 'Amazon Prime Video with Ads']","['Amazon Video ($2.99)', 'Fandango At Home ($2.99)', 'FlixFling ($2.99)', 'Apple TV Store ($3.99)', 'Google Play Movies ($3.99)', 'YouTube ($3.99)', 'Spectrum On Demand ($3.99)']","['Amazon DVD / Blu-ray ($12.21)', 'Barnes & Noble ($13.99)', 'Zavvi ($23.99)']",4
Capernaum,2018,https://images.justwatch.com/poster/105760984/s718/capernaum.jpg,tt8267604,[],"['Amazon Video ($3.99)', 'Apple TV Store ($3.99)', 'Google Play Movies ($3.99)', 'YouTube ($3.99)', 'Fandango At Home ($3.99)']","['Zavvi ($23.99)', 'Amazon DVD / Blu-ray ($24.75)']",0
Shoplifters,2018,https://images.justwatch.com/poster/94182642/s718/shoplifters.jpg,tt8075192,['Philo'],"['Amazon Video ($2.99)', 'Fandango At Home ($2.99)', 'Apple TV Store ($3.99)', 'Google Play Movies ($3.99)', 'FlixFling ($3.99)', 'Spectrum On Demand ($3.99)']","['Amazon DVD / Blu-ray ($19.64)', 'Barnes & Noble ($22.49)', 'Zavvi ($24.99)']",1
Border,2018,https://images.justwatch.com/poster/108600749/s718/border.jpg,tt5501104,[],"['Amazon Video ($3.99)', 'Apple TV Store ($3.99)', 'Google Play Movies ($3.99)', 'YouTube ($3.99)', 'Fandango At Home ($3.99)']","['Amazon DVD / Blu-ray ($13.96)', 'Zavvi ($26.99)']",0
First Man,2018,https://images.justwatch.com/poster/8486917/s718/first-man-2018.jpg,tt1213641,[],"['Amazon Video ($3.99)', 'Apple TV Store ($3.99)', 'Google Play Movies ($3.99)', 'YouTube ($3.99)', 'Fandango At Home ($3.99)']","['Amazon DVD / Blu-ray ($6.14)', 'GRUV ($7.99)', 'Barnes & Noble ($9.99)', 'Zavvi ($37.99)']",0
Beast,2018,https://images.justwatch.com/poster/104767544/s718/fauve.jpg,tt7467476,[],[],['Apple TV Store ($1.99)'],0
Marguerite,2017,https://images.justwatch.com/poster/175105132/s718/marguerite-2017.jpg,tt6803040,[],[],['Apple TV Store ($1.99)'],0
A Quiet Place,2018,https://images.justwatch.com/poster/44829556/s718/a-quiet-place.jpg,tt6644200,"['fuboTV', 'Paramount+ Amazon Channel', 'Paramount+ Roku Premium Channel', 'YouTube TV', 'Paramount Plus Essential', 'Paramount Plus Premium']","['Amazon Video ($3.99)', 'Apple TV Store ($3.99)', 'Google Play Movies ($3.99)', 'YouTube ($3.99)', 'Fandango At Home ($3.99)', 'JustWatch TV ($3.99)', 'FlixFling ($3.99)', 'Plex ($3.99)']","['Amazon DVD / Blu-ray ($10.02)', 'Zavvi ($23.99)']",6
Avengers: Infinity War,2018,https://images.justwatch.com/poster/77242903/s718/avengers-infinity-war.jpg,tt4154756,['Disney Plus'],"['Amazon Video ($3.99)', 'Apple TV Store ($3.99)', 'Google Play Movies ($3.99)', 'YouTube ($3.99)', 'Fandango At Home ($3.99)']","['Barnes & Noble ($19.98)', 'Zavvi ($23.99)', 'Amazon DVD / Blu-ray ($31)']",1
Christopher Robin,2018,https://images.justwatch.com/poster/91904145/s718/christopher-robin.jpg,tt4575576,['Disney Plus'],"['Amazon Video ($3.99)', 'Apple TV Store ($3.99)', 'Google Play Movies ($3.99)', 'YouTube ($3.99)', 'Fandango At Home ($3.99)']","['Barnes & Noble ($14.49)', 'Amazon DVD / Blu-ray ($17.39)', 'GRUV ($19.98)']",1
Ready Player One,2018,https://images.justwatch.com/poster/44534425/s718/ready-player-one.jpg,tt1677720,"['Amazon Prime Video', 'Amazon Prime Video with Ads']","['Plex ($2.99)', 'Spectrum On Demand ($3.99)', 'Amazon Video ($4.99)', 'Apple TV Store ($4.99)', 'Google Play Movies ($4.99)', 'YouTube ($4.99)', 'Fandango At Home ($4.99)']","['Barnes & Noble ($4.99)', 'Amazon DVD / Blu-ray ($7.5)', 'GRUV ($9.01)']",2
Solo: A Star Wars Story,2018,https://images.justwatch.com/poster/54936090/s718/solo-a-star-wars-story.jpg,tt3778644,['Disney Plus'],"['Amazon Video ($3.99)', 'Apple TV Store ($3.99)', 'Google Play Movies ($3.99)', 'YouTube ($3.99)', 'Fandango At Home ($3.99)']",['Amazon DVD / Blu-ray ($8.99)'],1
First Reformed,2018,https://images.justwatch.com/poster/62453468/s718/first-reformed.jpg,tt6053438,[],"['Amazon Video ($2.99)', 'Fandango At Home ($2.99)', 'Apple TV Store ($3.99)', 'Google Play Movies ($4.99)', 'YouTube ($4.99)']","['Amazon DVD / Blu-ray ($None)', 'Barnes & Noble ($19.98)']",0
Pain and Glory,2019,https://images.justwatch.com/poster/134363270/s718/pain-and-glory.jpg,tt8291806,[],"['Amazon Video ($3.99)', 'Apple TV Store ($3.99)', 'Google Play Movies ($3.99)', 'YouTube ($3.99)', 'Fandango At Home ($3.99)']","['Amazon DVD / Blu-ray ($7.99)', 'Barnes & Noble ($20.99)']",0
Once Upon a Time... in Hollywood,2019,https://images.justwatch.com/poster/132935108/s718/once-upon-a-time-in-hollywood.jpg,tt7131622,"['fuboTV', 'YouTube TV']","['Amazon Video ($3.99)', 'Apple TV Store ($3.99)', 'Google Play Movies ($3.99)', 'YouTube ($3.99)', 'Fandango At Home ($3.99)', 'FlixFling ($3.99)']","['Amazon DVD / Blu-ray ($8.99)', 'Barnes & Noble ($10.49)']",2
Marriage Story,2019,https://images.justwatch.com/poster/293042555/s718/marriage-story.jpg,tt7653254,"['Netflix', 'Netflix Standard with Ads']",[],['Barnes & Noble ($29.99)'],2
Joker,2019,https://images.justwatch.com/poster/123221980/s718/joker-2019.jpg,tt7286456,"['HBO Max', 'HBO Max Amazon Channel', 'YouTube TV']","['Plex ($2.99)', 'Amazon Video ($3.99)', 'Apple TV Store ($3.99)', 'Google Play Movies ($3.99)', 'YouTube ($3.99)', 'Fandango At Home ($3.99)', 'Spectrum On Demand ($3.99)']","['Amazon DVD / Blu-ray ($None)', 'Barnes & Noble ($10.49)']",3
The Two Popes,2019,https://images.justwatch.com/poster/145343729/s718/the-two-popes.jpg,tt8404614,"['Netflix', 'Netflix Standard with Ads']",[],[],2
A Beautiful Day in the Neighborhood,2019,https://images.justwatch.com/poster/158804307/s718/a-beautiful-day-in-the-neighborhood.jpg,tt3224458,"['fuboTV', 'YouTube TV']","['Amazon Video ($3.99)', 'Apple TV Store ($3.99)', 'Google Play Movies ($3.99)', 'YouTube ($3.99)', 'Fandango At Home ($3.99)', 'Spectrum On Demand ($3.99)']",['Amazon DVD / Blu-ray ($None)'],2
The Irishman,2019,https://images.justwatch.com/poster/159326038/s718/the-irishman.jpg,tt1302006,"['Netflix', 'Netflix Standard with Ads']",[],['Barnes & Noble ($29.99)'],2
Harriet,2019,https://images.justwatch.com/poster/165063407/s718/harriet.jpg,tt4648786,"['Netflix', 'Netflix Standard with Ads']","['Amazon Video ($3.99)', 'Apple TV Store ($3.99)', 'Google Play Movies ($3.99)', 'YouTube ($3.99)', 'Fandango At Home ($3.99)']","['GRUV ($7.49)', 'Amazon DVD / Blu-ray ($11.97)']",2
Little Women,2019,https://images.justwatch.com/poster/154480497/s718/little-women-2019.jpg,tt3281548,['YouTube TV'],"['Amazon Video ($3.99)', 'Apple TV Store ($3.99)', 'Google Play Movies ($3.99)', 'YouTube ($3.99)', 'Fandango At Home ($3.99)', 'FlixFling ($3.99)', 'Spectrum On Demand ($3.99)']","['Amazon DVD / Blu-ray ($8.49)', 'Barnes & Noble ($10.49)']",1
Bombshell,2019,https://images.justwatch.com/poster/154369741/s718/bombshell-2019.jpg,tt6394270,"['Netflix', 'Netflix Standard with Ads']","['Amazon Video ($3.99)', 'Apple TV Store ($3.99)', 'Google Play Movies ($3.99)', 'YouTube ($3.99)', 'Fandango At Home ($3.99)', 'Spectrum On Demand ($3.99)', 'Amazon Prime Video ($6.99)']","['Barnes & Noble ($7.99)', 'Amazon DVD / Blu-ray ($20.71)']",2
Judy,2019,https://images.justwatch.com/poster/151406545/s718/judy-2019.jpg,tt7549996,[],"['Amazon Video ($3.99)', 'Apple TV Store ($3.99)', 'Google Play Movies ($3.99)', 'Fandango At Home ($3.99)']","['Amazon DVD / Blu-ray ($9.93)', 'Amazon Prime Video ($11.99)', 'Barnes & Noble ($19.98)']",0
Richard Jewell,2019,https://images.justwatch.com/poster/164720373/s718/richard-jewell.jpg,tt3513548,[],"['Plex ($2.99)', 'Amazon Video ($3.99)', 'Apple TV Store ($3.99)', 'Google Play Movies ($3.99)', 'YouTube ($3.99)', 'Fandango At Home ($3.99)']","['Amazon DVD / Blu-ray ($3.74)', 'GRUV ($9.81)', 'Barnes & Noble ($14.49)']",0
Jojo Rabbit,2019,https://images.justwatch.com/poster/156823473/s718/jojo-rabbit.jpg,tt2584384,"['fuboTV', 'YouTube TV']","['Amazon Video ($3.99)', 'Apple TV Store ($3.99)', 'Google Play Movies ($3.99)', 'YouTube ($3.99)', 'Fandango At Home ($3.99)']","['Amazon DVD / Blu-ray ($14.49)', 'Barnes & Noble ($17.98)', 'GRUV ($21.99)']",2
How to Train Your Dragon: The Hidden World,2019,https://images.justwatch.com/poster/98439568/s718/how-to-train-your-dragon-the-hidden-world.jpg,tt2386490,[],"['Amazon Video ($3.99)', 'Apple TV Store ($3.99)', 'Google Play Movies ($3.99)', 'YouTube ($3.99)', 'Fandango At Home ($3.99)', 'FlixFling ($3.99)']","['Amazon DVD / Blu-ray ($None)', 'Barnes & Noble ($14.99)']",0
I Lost My Body,2019,https://images.justwatch.com/poster/151242924/s718/i-lost-my-body.jpg,tt9806192,"['Netflix', 'Netflix Standard with Ads']",[],[],2
Klaus,2019,https://images.justwatch.com/poster/157065274/s718/klaus.jpg,tt4729430,"['Netflix', 'Netflix Standard with Ads']",[],[],2
Toy Story 4,2019,https://images.justwatch.com/poster/94806270/s718/toy-story-4.jpg,tt1979376,['Disney Plus'],"['Amazon Video ($3.99)', 'Google Play Movies ($3.99)', 'YouTube ($3.99)', 'Fandango At Home ($3.99)', 'Apple TV Store ($4.99)']","['Zavvi ($6.99)', 'Amazon DVD / Blu-ray ($9.07)', 'Barnes & Noble ($55.99)']",1
The Lighthouse,2019,https://images.justwatch.com/poster/302346870/s718/the-lighthouse-2019.jpg,tt7984734,"['HBO Max', 'HBO Max Amazon Channel', 'Cinemax Amazon Channel', 'Cinemax Apple TV Channel']","['Amazon Video ($2.99)', 'Fandango At Home ($2.99)', 'Apple TV Store ($3.99)', 'Google Play Movies ($4.99)', 'YouTube ($4.99)']","['Amazon DVD / Blu-ray ($None)', 'Barnes & Noble ($19.98)', 'Zavvi ($26.99)']",4
1917,2019,https://images.justwatch.com/poster/166411092/s718/1917.jpg,tt8579674,"['Netflix', 'Netflix Standard with Ads']","['Amazon Video ($3.99)', 'Apple TV Store ($3.99)', 'Google Play Movies ($3.99)', 'YouTube ($3.99)', 'Fandango At Home ($3.99)']","['Amazon DVD / Blu-ray ($None)', 'GRUV ($7.99)']",2
Parasite,2019,https://images.justwatch.com/poster/130011621/s718/parasite-2019.jpg,tt6751668,[],"['Amazon Video ($3.99)', 'Apple TV Store ($3.99)', 'Google Play Movies ($3.99)', 'YouTube ($3.99)', 'Fandango At Home ($3.99)', 'FlixFling ($3.99)']","['Amazon DVD / Blu-ray ($None)', 'Barnes & Noble ($14.99)']",0
American Factory,2019,https://images.justwatch.com/poster/144018427/s718/american-factory.jpg,tt9351980,"['Netflix', 'Netflix Standard with Ads']",[],[],2
The Cave,2019,https://images.justwatch.com/poster/162643705/s718/the-cave-2019-0.jpg,tt7178226,['Hulu'],"['Apple TV Store ($3.99)', 'Google Play Movies ($3.99)', 'YouTube ($3.99)']",['Fandango At Home ($14.99)'],1
The Edge of Democracy,2019,https://images.justwatch.com/poster/134065078/s718/the-edge-of-democracy.jpg,tt6016744,"['Netflix', 'Netflix Standard with Ads']",[],[],2
For Sama,2019,https://images.justwatch.com/poster/142421599/s718/for-sama.jpg,tt9617456,[],[],[],0
Honeyland,2019,https://images.justwatch.com/poster/256791194/s718/honeyland.jpg,tt8991268,[],"['Amazon Video ($3.99)', 'Apple TV Store ($3.99)', 'Google Play Movies ($3.99)', 'YouTube ($3.99)', 'Fandango At Home ($3.99)']","['Amazon DVD / Blu-ray ($13.14)', 'GRUV ($25.99)']",0
Life Overtakes Me,2019,https://images.justwatch.com/poster/131189174/s718/life-overtakes-me.jpg,tt9204606,"['Netflix', 'Netflix Standard with Ads']",[],[],2
Ford v Ferrari,2019,https://images.justwatch.com/poster/131381363/s718/ford-v-ferrari.jpg,tt1950186,"['Netflix', 'fuboTV', 'YouTube TV', 'Netflix Standard with Ads']","['Amazon Video ($3.99)', 'Google Play Movies ($3.99)', 'YouTube ($3.99)', 'Apple TV Store ($4.99)']","['Fandango At Home ($5)', 'Amazon DVD / Blu-ray ($10.93)', 'Zavvi ($13.99)', 'Barnes & Noble ($19.98)']",4
Corpus Christi,2019,https://images.justwatch.com/poster/239955711/s718/corpus-christi-2019.jpg,tt8649186,"['Film Movement Plus', 'Film Movement Plus Amazon Channel']","['Amazon Video ($2.99)', 'Fandango At Home ($2.99)', 'Apple TV Store ($3.99)', 'Google Play Movies ($3.99)', 'YouTube ($3.99)']",['Amazon DVD / Blu-ray ($31.99)'],2
Les misérables,2019,https://images.justwatch.com/poster/153640406/s718/les-miserables-2019.jpg,tt10199590,"['Amazon Prime Video', 'Amazon Prime Video with Ads']",[],['Amazon DVD / Blu-ray ($13.99)'],2
Maleficent: Mistress of Evil,2019,https://images.justwatch.com/poster/149313606/s718/maleficent-mistress-of-evil.jpg,tt4777008,['Disney Plus'],"['Amazon Video ($3.99)', 'Apple TV Store ($3.99)', 'Google Play Movies ($3.99)', 'YouTube ($3.99)']","['Amazon DVD / Blu-ray ($6.98)', 'Fandango At Home ($9.99)', 'Barnes & Noble ($14.24)']",1
Star Wars: The Rise of Skywalker,2019,https://images.justwatch.com/poster/178536888/s718/star-wars-episode-ix.jpg,tt2527338,['Disney Plus'],"['Amazon Video ($3.99)', 'Apple TV Store ($3.99)', 'Google Play Movies ($3.99)', 'YouTube ($3.99)', 'Fandango At Home ($3.99)']","['Amazon DVD / Blu-ray ($None)', 'Barnes & Noble ($19.98)', 'Zavvi ($29.99)']",1
Rocketman,2019,https://images.justwatch.com/poster/113600630/s718/rocketman-2019.jpg,tt2066051,"['fuboTV', 'TNT', 'TBS', 'tru TV']","['Amazon Video ($3.99)', 'Apple TV Store ($3.99)', 'Google Play Movies ($3.99)', 'YouTube ($3.99)', 'Fandango At Home ($3.99)', 'FlixFling ($3.99)', 'Plex ($3.99)']",['Amazon DVD / Blu-ray ($27.99)'],4
Breakthrough,2019,https://images.justwatch.com/poster/238441022/s718/breakthrough.jpg,tt7083526,"['fuboTV', 'YouTube TV']","['Amazon Video ($3.99)', 'Apple TV Store ($3.99)', 'Google Play Movies ($3.99)', 'YouTube ($3.99)']","['Amazon DVD / Blu-ray ($6.72)', 'Fandango At Home ($14.99)', 'Barnes & Noble ($15.49)']",2
Frozen II,2019,https://images.justwatch.com/poster/169113921/s718/frozen-ii.jpg,tt4520988,"['Disney Plus', 'fuboTV']","['Amazon Video ($3.99)', 'Apple TV Store ($3.99)', 'Google Play Movies ($3.99)', 'YouTube ($3.99)', 'Fandango At Home ($3.99)']","['Zavvi ($7.99)', 'Amazon DVD / Blu-ray ($9.49)', 'Barnes & Noble ($19.98)']",2
Hair Love,2019,https://images.justwatch.com/poster/167981216/s718/hair-love.jpg,tt7129636,[],[],[],0
Memorable,2019,https://images.justwatch.com/poster/135156267/s718/memorable.jpg,tt10499942,[],[],['Apple TV Store ($1.99)'],0
Saria,2019,https://images.justwatch.com/poster/165857093/s718/saria.jpg,tt11421246,[],[],"['Google Play Movies ($2.99)', 'YouTube ($2.99)']",0
Ad Astra,2019,https://images.justwatch.com/poster/151172150/s718/ad-astra.jpg,tt2935510,"['fuboTV', 'YouTube TV']","['Amazon Video ($3.99)', 'Google Play Movies ($3.99)', 'YouTube ($3.99)', 'Apple TV Store ($4.99)']","['Zavvi ($6.99)', 'Fandango At Home ($19.98)', 'Amazon DVD / Blu-ray ($57.51)']",2
Avengers: Endgame,2019,https://images.justwatch.com/poster/118339636/s718/avengers-endgame.jpg,tt4154796,"['Disney Plus', 'YouTube TV', 'TNT', 'TBS', 'tru TV']","['Amazon Video ($3.99)', 'Apple TV Store ($3.99)', 'Google Play Movies ($3.99)', 'YouTube ($3.99)']","['Amazon DVD / Blu-ray ($7.99)', 'Fandango At Home ($19.98)', 'Barnes & Noble ($19.98)', 'Zavvi ($28.99)']",5
The Lion King,2019,https://images.justwatch.com/poster/114110821/s718/the-lion-king-2019.jpg,tt6105098,"['Disney Plus', 'fuboTV']","['Amazon Video ($3.99)', 'Apple TV Store ($3.99)', 'Google Play Movies ($3.99)', 'YouTube ($3.99)']","['Amazon DVD / Blu-ray ($None)', 'Zavvi ($6.99)', 'Fandango At Home ($9.99)']",2
Knives Out,2019,https://images.justwatch.com/poster/154373248/s718/knives-out.jpg,tt8946378,"['Amazon Prime Video', 'Amazon Prime Video with Ads']","['Amazon Video ($3.99)', 'Apple TV Store ($3.99)', 'Google Play Movies ($3.99)', 'YouTube ($3.99)', 'Fandango At Home ($3.99)', 'FlixFling ($3.99)', 'Plex ($3.99)']","['Amazon DVD / Blu-ray ($None)', 'Zavvi ($18.98)']",2
Sound of Metal,2020,https://images.justwatch.com/poster/239505183/s718/sound-of-metal.jpg,tt5363618,"['Amazon Prime Video', 'Amazon Prime Video with Ads']",[],"['Amazon DVD / Blu-ray ($12.53)', 'Barnes & Noble ($29.99)']",2
Ma Rainey's Black Bottom,2020,https://images.justwatch.com/poster/239936560/s718/ma-raineys-black-bottom.jpg,tt10514222,"['Netflix', 'Netflix Standard with Ads']",[],[],2
The Father,2020,https://images.justwatch.com/poster/243656762/s718/the-father.jpg,tt10272386,[],"['Amazon Video ($3.99)', 'Apple TV Store ($3.99)', 'Google Play Movies ($3.99)', 'YouTube ($3.99)', 'Fandango At Home ($3.99)', 'Spectrum On Demand ($3.99)']","['Amazon DVD / Blu-ray ($11.61)', 'Barnes & Noble ($19.98)']",0
Mank,2020,https://images.justwatch.com/poster/244219434/s718/mank.jpg,tt10618286,"['Netflix', 'Netflix Standard with Ads']",[],[],2
Minari,2021,https://images.justwatch.com/poster/244126205/s718/minari.jpg,tt10633456,[],"['Amazon Video ($3.99)', 'Apple TV Store ($3.99)', 'Fandango At Home ($3.99)', 'Spectrum On Demand ($3.99)', 'OnDemandKorea ($5.99)', 'Google Play Movies ($6.99)', 'YouTube ($6.99)']","['Barnes & Noble ($13.99)', 'Amazon DVD / Blu-ray ($14.49)']",0
The Trial of the Chicago 7,2020,https://images.justwatch.com/poster/216630184/s718/the-trial-of-the-chicago-7.jpg,tt1070874,"['Netflix', 'Netflix Standard with Ads']",[],[],2
Judas and the Black Messiah,2021,https://images.justwatch.com/poster/241918235/s718/judas-and-the-black-messiah.jpg,tt9784798,[],"['Plex ($2.99)', 'Amazon Video ($3.79)', 'Google Play Movies ($3.79)', 'YouTube ($3.79)', 'Apple TV Store ($3.99)', 'Fandango At Home ($3.99)', 'Spectrum On Demand ($3.99)']","['Amazon DVD / Blu-ray ($7.96)', 'GRUV ($7.99)', 'Barnes & Noble ($14.99)']",0
One Night in Miami...,2020,https://images.justwatch.com/poster/241915501/s718/one-night-in-miami.jpg,tt10612922,"['Amazon Prime Video', 'YouTube TV', 'Amazon Prime Video with Ads']",[],['Barnes & Noble ($29.99)'],3
Pieces of a Woman,2020,https://images.justwatch.com/poster/237939884/s718/pieces-of-a-woman.jpg,tt11161474,"['Netflix', 'Netflix Standard with Ads']",[],[],2
Nomadland,2020,https://images.justwatch.com/poster/242670387/s718/nomadland.jpg,tt9770150,[],"['Amazon Video ($3.99)', 'Apple TV Store ($3.99)', 'Google Play Movies ($3.99)', 'YouTube ($3.99)']","['Fandango At Home ($5)', 'Amazon DVD / Blu-ray ($19.98)', 'GRUV ($26.99)']",0
Promising Young Woman,2020,https://images.justwatch.com/poster/238626107/s718/promising-young-woman.jpg,tt9620292,[],"['Amazon Video ($3.99)', 'Apple TV Store ($3.99)', 'Google Play Movies ($3.99)', 'YouTube ($3.99)', 'Fandango At Home ($3.99)']","['GRUV ($11.99)', 'Amazon DVD / Blu-ray ($13.29)', 'Barnes & Noble ($19.98)']",0
Borat Subsequent Moviefilm,2020,https://images.justwatch.com/poster/208641025/s718/borat-subsequent-moviefilm.jpg,tt13143964,"['Amazon Prime Video', 'Amazon Prime Video with Ads']",[],[],2
Hillbilly Elegy,2020,https://images.justwatch.com/poster/216932144/s718/hillbilly-elegy.jpg,tt6772802,"['Netflix', 'Netflix Standard with Ads']",[],[],2
Onward,2020,https://images.justwatch.com/poster/171579977/s718/onward-2020.jpg,tt7146812,['Disney Plus'],"['Amazon Video ($3.99)', 'Google Play Movies ($3.99)', 'YouTube ($3.99)', 'Apple TV Store ($4.99)']","['Amazon DVD / Blu-ray ($1.99)', 'Zavvi ($6.99)', 'Fandango At Home ($19.98)']",1
Over the Moon,2020,https://images.justwatch.com/poster/217841786/s718/over-the-moon-2019.jpg,tt7488208,"['Netflix', 'Netflix Standard with Ads']",[],[],2
A Shaun the Sheep Movie: Farmageddon,2019,https://images.justwatch.com/poster/99274199/s718/a-shaun-the-sheep-movie-farmageddon.jpg,tt6193408,"['Netflix', 'Netflix Standard with Ads']",[],"['Amazon DVD / Blu-ray ($7.95)', 'GRUV ($15.99)', 'Barnes & Noble ($19.98)', 'Zavvi ($35.99)']",2
Soul,2020,https://images.justwatch.com/poster/240163608/s718/soul-2020.jpg,tt2948372,"['Disney Plus', 'Hulu']",['Apple TV Store ($3.99)'],"['Fandango At Home ($9.99)', 'Amazon Video ($19.98)', 'Google Play Movies ($19.98)', 'YouTube ($19.98)', 'Zavvi ($26.99)']",2
Wolfwalkers,2020,https://images.justwatch.com/poster/204352304/s718/wolfwalkers.jpg,tt5198068,"['Apple TV', 'Apple TV Amazon Channel']",[],['Amazon DVD / Blu-ray ($None)'],2
News of the World,2020,https://images.justwatch.com/poster/217841335/s718/news-of-the-world.jpg,tt6878306,[],"['Amazon Video ($3.79)', 'Google Play Movies ($3.79)', 'YouTube ($3.79)', 'Apple TV Store ($3.99)', 'Fandango At Home ($3.99)']","['Amazon DVD / Blu-ray ($6.97)', 'GRUV ($7.99)']",0
Emma.,2020,https://images.justwatch.com/poster/158433793/s718/emma-2020.jpg,tt9214832,"['Peacock Premium', 'YouTube TV', 'Peacock Premium Plus']","['Amazon Video ($3.99)', 'Apple TV Store ($3.99)', 'Google Play Movies ($3.99)', 'Fandango At Home ($3.99)']","['GRUV ($7.99)', 'Amazon DVD / Blu-ray ($7.99)', 'Zavvi ($14.99)']",3
Pinocchio,2020,https://images.justwatch.com/poster/312646542/s718/pinocchio-2018.jpg,tt8333746,[],"['Amazon Video ($3.99)', 'Apple TV Store ($3.99)', 'Google Play Movies ($3.99)', 'YouTube ($3.99)', 'Fandango At Home ($3.99)']","['Amazon DVD / Blu-ray ($None)', 'Barnes & Noble ($19.98)']",0
Another Round,2020,https://images.justwatch.com/poster/239936805/s718/another-round.jpg,tt10288566,"['Amazon Prime Video', 'Hulu', 'Amazon Prime Video with Ads']","['Amazon Video ($2.99)', 'Fandango At Home ($2.99)', 'Google Play Movies ($3.99)', 'YouTube ($3.99)', 'Spectrum On Demand ($3.99)']","['Apple TV Store ($9.99)', 'Amazon DVD / Blu-ray ($16.78)', 'Zavvi ($16.98)', 'Barnes & Noble ($19.98)']",3
Collective,2019,https://images.justwatch.com/poster/330332858/s718/collective.jpg,tt10706602,"['Amazon Prime Video', 'Philo', 'Amazon Prime Video with Ads']","['Amazon Video ($2.99)', 'Fandango At Home ($2.99)', 'Apple TV Store ($3.99)', 'Google Play Movies ($3.99)', 'YouTube ($3.99)']",['Amazon DVD / Blu-ray ($14.56)'],3
Crip Camp: A Disability Revolution,2020,https://images.justwatch.com/poster/173959109/s718/crip-camp.jpg,tt8923484,"['Netflix', 'Netflix Standard with Ads']",[],[],2
The Mole Agent,2020,https://images.justwatch.com/poster/302886292/s718/the-mole-agent.jpg,tt11394298,[],"['Amazon Video ($2.99)', 'Fandango At Home ($2.99)', 'Google Play Movies ($3.69)', 'YouTube ($3.69)', 'Apple TV Store ($3.99)']",['Amazon DVD / Blu-ray ($None)'],0
My Octopus Teacher,2020,https://images.justwatch.com/poster/205400823/s718/my-octopus-teacher.jpg,tt12888462,"['Netflix', 'Netflix Standard with Ads']",[],[],2
Better Days,2019,https://images.justwatch.com/poster/240241840/s718/better-days.jpg,tt9586294,"['Philo', 'Fandor Amazon Channel']","['Amazon Video ($2.99)', 'Fandango At Home ($2.99)', 'Apple TV Store ($3.99)', 'Google Play Movies ($3.99)']","['Amazon DVD / Blu-ray ($17.3)', 'Barnes & Noble ($29.99)']",2
Ar-rajul alladi ba'a zahrahu,2021,https://images.justwatch.com/poster/243405854/s718/the-man-who-sold-his-skin.jpg,tt10360862,"['Amazon Prime Video', 'Amazon Prime Video with Ads']","['Amazon Video ($2.99)', 'Fandango At Home ($2.99)', 'Apple TV Store ($4.99)', 'Google Play Movies ($4.99)', 'YouTube ($4.99)']",['Amazon DVD / Blu-ray ($13.88)'],2
"Quo Vadis, Aida?",2021,https://images.justwatch.com/poster/316896105/s718/quo-vadis-aida.jpg,tt8633462,[],"['Amazon Video ($2.99)', 'Fandango At Home ($2.99)', 'Google Play Movies ($3.99)', 'YouTube ($3.99)', 'Apple TV Store ($4.99)']",[],0
Da 5 Bloods,2020,https://images.justwatch.com/poster/182984319/s718/da-5-bloods.jpg,tt9777644,"['Netflix', 'Netflix Standard with Ads']",[],[],2
Eurovision Song Contest: The Story of Fire Saga,2020,https://images.justwatch.com/poster/187277129/s718/eurovision-song-contest-the-story-of-fire-saga.jpg,tt8580274,"['Netflix', 'Netflix Standard with Ads']",[],[],2
The Life Ahead,2020,https://images.justwatch.com/poster/240435218/s718/the-life-ahead.jpg,tt10627584,"['Netflix', 'Netflix Standard with Ads']",[],[],2
Tenet,2020,https://images.justwatch.com/poster/192048805/s718/tenet.jpg,tt6723592,[],"['Plex ($2.99)', 'Amazon Video ($3.99)', 'Apple TV Store ($3.99)', 'Google Play Movies ($3.99)', 'YouTube ($3.99)', 'Fandango At Home ($3.99)']","['Amazon DVD / Blu-ray ($None)', 'Barnes & Noble ($11.99)']",0
Burrow,2020,https://images.justwatch.com/poster/243964359/s718/burrow.jpg,tt13167288,['Disney Plus'],[],[],1
The Letter Room,2020,https://images.justwatch.com/poster/244909036/s718/the-letter-room.jpg,tt11962160,['Mhz Choice'],[],"['Apple TV Store ($1.99)', 'Google Play Movies ($4.99)']",1
The Present,2020,https://images.justwatch.com/poster/243063556/s718/the-present-2020.jpg,tt11474480,[],"['Fandango At Home ($3.99)', 'Google Play Movies ($4.99)', 'YouTube ($4.99)']",['Apple TV Store ($1.99)'],0
Two Distant Strangers,2020,https://images.justwatch.com/poster/317964797/s718/two-distant-strangers.jpg,tt13472984,"['Netflix', 'Netflix Standard with Ads']",[],[],2
White Eye,2019,https://images.justwatch.com/poster/306711270/s718/white-eye.jpg,tt10538710,[],[],[],0
Greyhound,2020,https://images.justwatch.com/poster/188181053/s718/greyhound.jpg,tt6048922,"['Apple TV', 'Apple TV Amazon Channel']","['Amazon Video ($3.99)', 'Apple TV Store ($3.99)', 'Google Play Movies ($3.99)', 'YouTube ($3.99)', 'Fandango At Home ($3.99)']",[],2
Love and Monsters,2020,https://images.justwatch.com/poster/213158481/s718/monster-problems.jpg,tt2222042,"['fuboTV', 'Paramount+ Amazon Channel', 'Paramount+ Roku Premium Channel', 'Paramount Plus Essential', 'Paramount Plus Premium']","['Amazon Video ($3.99)', 'Apple TV Store ($3.99)', 'Google Play Movies ($3.99)', 'YouTube ($3.99)', 'Fandango At Home ($3.99)', 'Spectrum On Demand ($3.99)']",['Amazon DVD / Blu-ray ($16.95)'],5
The Midnight Sky,2020,https://images.justwatch.com/poster/240089459/s718/the-midnight-sky.jpg,tt10539608,"['Netflix', 'Netflix Standard with Ads']",[],[],2
The One and Only Ivan,2020,https://images.justwatch.com/poster/201266481/s718/the-one-and-only-ivan.jpg,tt3661394,[],"['Amazon Video ($3.99)', 'Apple TV Store ($3.99)', 'Google Play Movies ($3.99)', 'YouTube ($3.99)', 'Fandango At Home ($3.99)']",[],0
The White Tiger,2021,https://images.justwatch.com/poster/241283113/s718/the-white-tiger.jpg,tt6571548,"['Netflix', 'Netflix Standard with Ads']",[],[],2
Being the Ricardos,2021,https://images.justwatch.com/poster/256014909/s718/being-the-ricardos.jpg,tt4995540,"['Amazon Prime Video', 'Amazon Prime Video with Ads']","['Amazon Video ($3.99)', 'Fandango At Home ($3.99)', 'Google Play Movies ($5.99)', 'YouTube ($5.99)']",['Apple TV Store ($14.99)'],2
The Power of the Dog,2021,https://images.justwatch.com/poster/250350563/s718/the-power-of-the-dog.jpg,tt10293406,"['Netflix', 'Netflix Standard with Ads']",[],['Barnes & Noble ($29.99)'],2
"tick, tick... BOOM!",2021,https://images.justwatch.com/poster/256253966/s718/tick-tick-boom.jpg,tt8721424,"['Netflix', 'Netflix Standard with Ads']",[],[],2
King Richard,2021,https://images.justwatch.com/poster/256010435/s718/king-richard.jpg,tt9620288,['YouTube TV'],"['Plex ($2.99)', 'Amazon Video ($4.99)', 'Apple TV Store ($4.99)', 'Google Play Movies ($4.99)', 'YouTube ($4.99)', 'Fandango At Home ($4.99)']","['Amazon DVD / Blu-ray ($3.99)', 'GRUV ($7.49)', 'Zavvi ($51.99)']",1
The Tragedy of Macbeth,2021,https://images.justwatch.com/poster/259367022/s718/the-tragedy-of-macbeth-2021.jpg,tt10095582,"['Apple TV', 'Apple TV Amazon Channel']","['Amazon Video ($3.99)', 'Apple TV Store ($3.99)', 'Google Play Movies ($3.99)', 'YouTube ($3.99)', 'Fandango At Home ($3.99)']",[],2
Belfast,2021,https://images.justwatch.com/poster/256712428/s718/belfast.jpg,tt12789558,[],"['Amazon Video ($3.99)', 'Apple TV Store ($3.99)', 'Google Play Movies ($3.99)', 'YouTube ($3.99)', 'Fandango At Home ($3.99)', 'FlixFling ($3.99)']","['GRUV ($7.99)', 'Amazon DVD / Blu-ray ($9.93)', 'Barnes & Noble ($11.89)', 'Zavvi ($51.99)']",0
CODA,2021,https://images.justwatch.com/poster/246982332/s718/coda-2021.jpg,tt10366460,"['Apple TV', 'Apple TV Amazon Channel']","['Amazon Video ($3.99)', 'Apple TV Store ($3.99)', 'Google Play Movies ($3.99)', 'YouTube ($3.99)', 'Fandango At Home ($3.99)']","['Barnes & Noble ($19.98)', 'Amazon DVD / Blu-ray ($19.98)']",2
The Eyes of Tammy Faye,2021,https://images.justwatch.com/poster/268610542/s718/the-eyes-of-tammy-faye-2021.jpg,tt9115530,"['fuboTV', 'YouTube TV']","['Amazon Video ($3.99)', 'Apple TV Store ($3.99)', 'Google Play Movies ($3.99)', 'YouTube ($3.99)', 'Fandango At Home ($3.99)']",['GRUV ($21.99)'],2
The Lost Daughter,2021,https://images.justwatch.com/poster/252617461/s718/the-lost-daughter.jpg,tt9100054,"['Netflix', 'Netflix Standard with Ads']",[],[],2
Parallel Mothers,2021,https://images.justwatch.com/poster/250351856/s718/parallel-mothers.jpg,tt12618926,"['Starz Apple TV Channel', 'Starz Roku Premium Channel', 'Starz', 'Philo', 'Starz Amazon Channel']","['Amazon Video ($3.99)', 'Apple TV Store ($3.99)', 'Google Play Movies ($3.99)', 'YouTube ($3.99)', 'Fandango At Home ($3.99)', 'Spectrum On Demand ($3.99)']","['Amazon DVD / Blu-ray ($20.11)', 'Barnes & Noble ($25.99)']",5
Spencer,2021,https://images.justwatch.com/poster/250072589/s718/spencer.jpg,tt12536294,[],"['Apple TV Store ($3.99)', 'Google Play Movies ($3.99)', 'YouTube ($3.99)', 'Fandango At Home ($3.99)']","['Barnes & Noble ($6.99)', 'Amazon DVD / Blu-ray ($8.49)']",0
West Side Story,2021,https://images.justwatch.com/poster/265696754/s718/west-side-story-2021.jpg,tt3581652,"['Disney Plus', 'fuboTV', 'YouTube TV']","['Amazon Video ($3.99)', 'Apple TV Store ($3.99)', 'Google Play Movies ($3.99)', 'YouTube ($3.99)', 'Fandango At Home ($3.99)']","['Zavvi ($11.99)', 'Amazon DVD / Blu-ray ($15.77)']",3
Encanto,2021,https://images.justwatch.com/poster/255949119/s718/encanto.jpg,tt2953050,['Disney Plus'],"['Amazon Video ($3.99)', 'Google Play Movies ($3.99)', 'YouTube ($3.99)', 'Fandango At Home ($3.99)', 'Apple TV Store ($4.99)']","['Amazon DVD / Blu-ray ($9.98)', 'Barnes & Noble ($19.98)']",1
Flee,2021,https://images.justwatch.com/poster/251875325/s718/flee.jpg,tt8430054,[],"['Amazon Video ($3.99)', 'Apple TV Store ($3.99)', 'Google Play Movies ($3.99)', 'YouTube ($3.99)', 'Fandango At Home ($3.99)']","['Amazon DVD / Blu-ray ($13.43)', 'Barnes & Noble ($22.99)', 'Zavvi ($34.99)']",0
Luca,2021,https://images.justwatch.com/poster/258898997/s718/luca-2021.jpg,tt12801262,['Disney Plus'],[],"['Amazon DVD / Blu-ray ($9.49)', 'Apple TV Store ($9.99)', 'Fandango At Home ($9.99)', 'Amazon Video ($19.98)', 'Google Play Movies ($19.98)', 'YouTube ($19.98)', 'Barnes & Noble ($19.98)', 'Zavvi ($26.99)']",1
The Mitchells vs. the Machines,2021,https://images.justwatch.com/poster/244745453/s718/connected-2020.jpg,tt7979580,"['Netflix', 'Netflix Standard with Ads']","['Amazon Video ($3.99)', 'Apple TV Store ($3.99)', 'Google Play Movies ($3.99)', 'YouTube ($3.99)', 'Fandango At Home ($3.99)']","['Amazon DVD / Blu-ray ($11.24)', 'Barnes & Noble ($14.99)']",2
Raya and the Last Dragon,2021,https://images.justwatch.com/poster/242758857/s718/raya-and-the-last-dragon.jpg,tt5109280,['Disney Plus'],"['Amazon Video ($3.99)', 'Apple TV Store ($3.99)', 'Google Play Movies ($3.99)', 'YouTube ($3.99)', 'Fandango At Home ($3.99)']","['Amazon DVD / Blu-ray ($None)', 'Zavvi ($20.99)']",1
Dune,2021,https://images.justwatch.com/poster/249473713/s718/dune-2021.jpg,tt1160419,"['HBO Max', 'YouTube TV']","['Plex ($2.99)', 'Amazon Video ($4.99)', 'Apple TV Store ($4.99)', 'Google Play Movies ($4.99)', 'YouTube ($4.99)', 'Fandango At Home ($4.99)']","['Amazon DVD / Blu-ray ($None)', 'Barnes & Noble ($10.49)', 'Zavvi ($40.99)']",2
Nightmare Alley,2021,https://images.justwatch.com/poster/266090763/s718/nightmare-alley-2021.jpg,tt7740496,"['fuboTV', 'YouTube TV']","['Amazon Video ($3.99)', 'Apple TV Store ($3.99)', 'Google Play Movies ($3.99)', 'YouTube ($3.99)', 'Fandango At Home ($3.99)']","['Amazon DVD / Blu-ray ($None)', 'Zavvi ($12.99)', 'Barnes & Noble ($19.98)']",2
Cruella,2021,https://images.justwatch.com/poster/243979651/s718/cruella.jpg,tt3228774,"['Disney Plus', 'fuboTV']","['Amazon Video ($3.99)', 'Apple TV Store ($3.99)', 'Google Play Movies ($3.99)', 'YouTube ($3.99)', 'Fandango At Home ($3.99)']","['Amazon DVD / Blu-ray ($17.77)', 'Barnes & Noble ($19.98)', 'Zavvi ($26.99)']",2
Cyrano,2022,https://images.justwatch.com/poster/252876417/s718/cyrano.jpg,tt12889404,[],"['Amazon Video ($3.99)', 'Apple TV Store ($3.99)', 'Fandango At Home ($5.99)', 'Google Play Movies ($6.99)', 'YouTube ($6.99)']","['Amazon DVD / Blu-ray ($None)', 'Barnes & Noble ($16.98)']",0
Drive My Car,2021,https://images.justwatch.com/poster/301116558/s718/drive-my-car-2021.jpg,tt14039582,[],"['Apple TV Store ($3.99)', 'Amazon Video ($5.99)', 'Fandango At Home ($5.99)']","['Amazon DVD / Blu-ray ($None)', 'Barnes & Noble ($29.99)']",0
Licorice Pizza,2021,https://images.justwatch.com/poster/258587398/s718/licorice-pizza.jpg,tt11271038,"['Netflix', 'Netflix Standard with Ads']","['Amazon Video ($3.99)', 'Apple TV Store ($3.99)', 'Plex ($3.99)', 'Fandango At Home ($5.99)', 'Google Play Movies ($6.99)', 'YouTube ($6.99)']","['GRUV ($9.28)', 'Barnes & Noble ($16.98)', 'Amazon DVD / Blu-ray ($20.56)']",2
Ascension,2021,https://images.justwatch.com/poster/257194502/s718/ascension-2021.jpg,tt14505430,"['Paramount+ Amazon Channel', 'Paramount+ Roku Premium Channel', 'Paramount+ MTV Amazon Channel', 'Paramount Plus Essential', 'Paramount Plus Premium']","['Amazon Video ($3.99)', 'Apple TV Store ($3.99)', 'Google Play Movies ($3.99)', 'YouTube ($3.99)', 'Fandango At Home ($3.99)', 'JustWatch TV ($3.99)']",[],5
Attica,2021,https://images.justwatch.com/poster/252498696/s718/attica.jpg,tt12482898,"['fuboTV', 'Paramount+ Amazon Channel', 'Paramount+ Roku Premium Channel', 'Paramount Plus Premium']",[],"['Amazon Video ($9.99)', 'Google Play Movies ($9.99)', 'YouTube ($9.99)', 'Fandango At Home ($9.99)', 'Amazon DVD / Blu-ray ($13.64)']",4
Writing with Fire,2021,https://images.justwatch.com/poster/261146318/s718/writing-with-fire.jpg,tt13630174,"['Amazon Prime Video', 'OVID', 'Amazon Prime Video with Ads']","['Google Play Movies ($2.99)', 'YouTube ($2.99)', 'Amazon Video ($3.99)', 'Apple TV Store ($3.99)', 'Fandango At Home ($3.99)']",[],3
Audible,2021,https://images.justwatch.com/poster/264902221/s718/audible.jpg,tt12771540,"['Netflix', 'Netflix Standard with Ads']",[],[],2
Lead Me Home,2021,https://images.justwatch.com/poster/265379061/s718/lead-me-home.jpg,tt15339848,"['Netflix', 'Netflix Standard with Ads']",[],[],2
The Queen of Basketball,2021,https://images.justwatch.com/poster/264111883/s718/the-queen-of-basketball.jpg,tt14513236,[],[],[],0
Three Songs for Benazir,2021,https://images.justwatch.com/poster/264056831/s718/three-songs-for-benazir.jpg,tt14608922,"['Netflix', 'Netflix Standard with Ads']",[],[],2
When We Were Bullies,2021,https://images.justwatch.com/poster/269292924/s718/when-we-were-bullies.jpg,tt13796488,"['HBO Max', 'HBO Max Amazon Channel']",[],[],2
Don't Look Up,2021,https://images.justwatch.com/poster/258080087/s718/dont-look-up-2021.jpg,tt11286314,"['Netflix', 'Netflix Standard with Ads']",[],[],2
The Hand of God,2021,https://images.justwatch.com/poster/249948424/s718/the-hand-of-god.jpg,tt12680684,"['Netflix', 'Netflix Standard with Ads']",[],[],2
Lunana: A Yak in the Classroom,2019,https://images.justwatch.com/poster/298280200/s718/lunana-a-yak-in-the-classroom.jpg,tt10189300,"['Amazon Prime Video', 'Amazon Prime Video with Ads']","['Amazon Video ($3.99)', 'Fandango At Home ($3.99)', 'Apple TV Store ($4.99)', 'Google Play Movies ($4.99)', 'YouTube ($4.99)']","['Amazon DVD / Blu-ray ($13.29)', 'Barnes & Noble ($19.98)']",2
The Worst Person in the World,2021,https://images.justwatch.com/poster/270731108/s718/the-worst-person-in-the-world.jpg,tt10370710,[],"['Amazon Video ($3.99)', 'Apple TV Store ($3.99)', 'Google Play Movies ($3.99)', 'YouTube ($3.99)', 'Fandango At Home ($3.99)']","['Amazon DVD / Blu-ray ($12.23)', 'Barnes & Noble ($29.99)']",0
Coming 2 America,2021,https://images.justwatch.com/poster/242758419/s718/coming-2-america.jpg,tt6802400,"['Amazon Prime Video', 'Amazon Prime Video with Ads']",[],"['Amazon DVD / Blu-ray ($16.73)', 'Zavvi ($23.99)']",2
House of Gucci,2021,https://images.justwatch.com/poster/262350595/s718/house-of-gucci.jpg,tt11214590,"['Netflix', 'Netflix Standard with Ads']","['Amazon Video ($3.99)', 'Apple TV Store ($3.99)', 'Plex ($3.99)', 'Fandango At Home ($5.99)', 'Google Play Movies ($6.99)', 'YouTube ($6.99)']","['GRUV ($12.8)', 'Amazon DVD / Blu-ray ($13.14)', 'Zavvi ($15.99)', 'Barnes & Noble ($19.98)']",2
No Time to Die,2021,https://images.justwatch.com/poster/203383691/s718/no-time-to-die-2020.jpg,tt2382320,"['Netflix', 'Netflix Standard with Ads']","['Amazon Video ($3.99)', 'Apple TV Store ($3.99)', 'Plex ($3.99)', 'Fandango At Home ($5.99)', 'Google Play Movies ($6.99)', 'YouTube ($6.99)']","['GRUV ($11.99)', 'Amazon DVD / Blu-ray ($12.39)', 'Barnes & Noble ($14.99)']",2
Four Good Days,2021,https://images.justwatch.com/poster/245268712/s718/four-good-days.jpg,tt10344522,"['Amazon Prime Video', 'Peacock Premium', 'Amazon Prime Video with Ads', 'Peacock Premium Plus']","['Amazon Video ($3.89)', 'Google Play Movies ($3.89)', 'YouTube ($3.89)', 'Apple TV Store ($3.99)', 'Fandango At Home ($3.99)']",['Barnes & Noble ($17.98)'],4
BoxBallet,2020,https://images.justwatch.com/poster/244013222/s718/boxballet.jpg,tt14825972,[],[],[],0
Robin Robin,2021,https://images.justwatch.com/poster/255617056/s718/robin-robin.jpg,tt11332850,"['Netflix', 'Netflix Standard with Ads']",[],[],2
The Dress,2020,https://images.justwatch.com/poster/263473525/s718/the-dress-2020.jpg,tt12299764,[],[],"['Google Play Movies ($2.99)', 'YouTube ($2.99)']",0
The Long Goodbye,2020,https://images.justwatch.com/poster/330397893/s718/the-long-goodbye-2020.jpg,tt11924384,[],[],[],0
On my Mind,2021,https://images.justwatch.com/poster/264026374/s718/on-my-mind.jpg,tt15289736,[],[],"['Google Play Movies ($2.99)', 'YouTube ($2.99)']",0
Please Hold,2020,https://images.justwatch.com/poster/264026731/s718/please-hold-2020.jpg,tt11383280,['ShortsTV Amazon Channel'],[],['Apple TV Store ($12.99)'],1
Free Guy,2021,https://images.justwatch.com/poster/270083839/s718/free-guy.jpg,tt6264654,"['Disney Plus', 'fuboTV', 'YouTube TV']","['Amazon Video ($3.99)', 'Apple TV Store ($3.99)', 'Google Play Movies ($3.99)', 'YouTube ($3.99)']","['Amazon DVD / Blu-ray ($10.71)', 'Fandango At Home ($19.98)', 'Barnes & Noble ($19.98)', 'Zavvi ($23.99)']",3
Shang-Chi and the Legend of the Ten Rings,2021,https://images.justwatch.com/poster/249961834/s718/shang-chi-and-the-legend-of-the-ten-rings.jpg,tt9376612,['Disney Plus'],"['Amazon Video ($3.99)', 'Apple TV Store ($3.99)', 'Google Play Movies ($3.99)', 'YouTube ($3.99)', 'Fandango At Home ($3.99)']","['Amazon DVD / Blu-ray ($17.98)', 'Barnes & Noble ($19.98)']",1
Spider-Man: No Way Home,2021,https://images.justwatch.com/poster/300177312/s718/spider-man-no-way-home.jpg,tt10872600,"['Starz Apple TV Channel', 'Starz Roku Premium Channel', 'Starz', 'Philo']","['Amazon Video ($3.99)', 'Apple TV Store ($3.99)', 'Google Play Movies ($3.99)', 'YouTube ($3.99)', 'Fandango At Home ($3.99)', 'Spectrum On Demand ($3.99)']","['Amazon DVD / Blu-ray ($9.91)', 'Zavvi ($23.99)', 'Barnes & Noble ($25.99)']",4
Elvis,2022,https://images.justwatch.com/poster/279303413/s718/elvis-2022.jpg,tt3704428,[],"['Plex ($2.99)', 'Spectrum On Demand ($3.99)', 'Amazon Video ($5.99)', 'Apple TV Store ($5.99)', 'Google Play Movies ($5.99)', 'YouTube ($5.99)', 'Fandango At Home ($5.99)']","['Amazon DVD / Blu-ray ($8.99)', 'Zavvi ($14.99)']",0
The Banshees of Inisherin,2022,https://images.justwatch.com/poster/302111328/s718/the-banshees-of-inisherin.jpg,tt11813216,"['fuboTV', 'YouTube TV']","['Apple TV Store ($3.99)', 'Google Play Movies ($3.99)', 'YouTube ($3.99)', 'Fandango At Home ($3.99)']","['Amazon Video ($4.99)', 'Amazon DVD / Blu-ray ($12.21)', 'Barnes & Noble ($19.98)']",2
The Whale,2022,https://images.justwatch.com/poster/303738722/s718/the-whale-2022.jpg,tt13833688,"['HBO Max', 'HBO Max Amazon Channel']","['Amazon Video ($3.99)', 'Fandango At Home ($3.99)', 'Spectrum On Demand ($3.99)', 'Plex ($3.99)', 'Apple TV Store ($4.99)', 'Google Play Movies ($7.99)', 'YouTube ($7.99)']",['Barnes & Noble ($10.49)'],2
Aftersun,2022,https://images.justwatch.com/poster/307271307/s718/aftersun.jpg,tt19770238,[],"['Amazon Video ($3.99)', 'Spectrum On Demand ($3.99)', 'Plex ($3.99)', 'Apple TV Store ($4.99)', 'Google Play Movies ($5.99)', 'YouTube ($5.99)']",['Barnes & Noble ($29.99)'],0
Living,2022,https://images.justwatch.com/poster/301779608/s718/living.jpg,tt9051908,"['fuboTV', 'YouTube TV']","['Amazon Video ($3.99)', 'Apple TV Store ($3.99)', 'Google Play Movies ($3.99)', 'YouTube ($3.99)', 'Fandango At Home ($3.99)', 'Spectrum On Demand ($3.99)']",['Barnes & Noble ($19.98)'],2
Causeway,2022,https://images.justwatch.com/poster/300974125/s718/causeway.jpg,tt10192406,"['Apple TV', 'Apple TV Amazon Channel']","['Amazon Video ($3.99)', 'Apple TV Store ($3.99)', 'Google Play Movies ($3.99)', 'YouTube ($3.99)', 'Fandango At Home ($3.99)']",[],2
The Fabelmans,2022,https://images.justwatch.com/poster/302071361/s718/the-fabelmans.jpg,tt14208870,"['Peacock Premium', 'YouTube TV', 'Peacock Premium Plus']","['Amazon Video ($3.79)', 'Apple TV Store ($3.99)', 'Google Play Movies ($3.99)', 'YouTube ($3.99)', 'Fandango At Home ($3.99)', 'Spectrum On Demand ($3.99)']","['Amazon DVD / Blu-ray ($7.94)', 'GRUV ($7.99)', 'Barnes & Noble ($11.89)']",3
Everything Everywhere All at Once,2022,https://images.justwatch.com/poster/302202421/s718/everything-everywhere-all-at-once.jpg,tt6710474,[],"['Amazon Video ($3.99)', 'Fandango At Home ($3.99)', 'Spectrum On Demand ($3.99)', 'Plex ($3.99)', 'Apple TV Store ($4.99)', 'Google Play Movies ($6.99)', 'YouTube ($6.99)']","['Barnes & Noble ($13.99)', 'Amazon DVD / Blu-ray ($13.99)']",0
TÁR,2022,https://images.justwatch.com/poster/300446588/s718/tar-2022.jpg,tt14444726,"['Peacock Premium', 'USA Network', 'Peacock Premium Plus']","['Amazon Video ($3.99)', 'Apple TV Store ($3.99)', 'Google Play Movies ($3.99)', 'YouTube ($3.99)', 'Fandango At Home ($3.99)']","['Amazon DVD / Blu-ray ($8.99)', 'Barnes & Noble ($13.99)']",3
Blonde,2022,https://images.justwatch.com/poster/300883462/s718/blonde-2022.jpg,tt1655389,"['Netflix', 'Netflix Standard with Ads']",[],[],2
To Leslie,2022,https://images.justwatch.com/poster/302577003/s718/to-leslie.jpg,tt8129806,[],"['Amazon Video ($4.99)', 'Google Play Movies ($4.99)', 'YouTube ($4.99)', 'Fandango At Home ($5.99)']",['Amazon DVD / Blu-ray ($38.08)'],0
Black Panther: Wakanda Forever,2022,https://images.justwatch.com/poster/309965109/s718/black-panther-ii.jpg,tt9114286,"['Disney Plus', 'Hulu', 'fuboTV', 'YouTube TV']","['Amazon Video ($3.99)', 'Google Play Movies ($3.99)', 'YouTube ($3.99)', 'Fandango At Home ($3.99)', 'Apple TV Store ($4.99)']",['Amazon DVD / Blu-ray ($39.65)'],4
Guillermo del Toro's Pinocchio,2022,https://images.justwatch.com/poster/301060449/s718/pinocchio-2022-0.jpg,tt1488589,"['Netflix', 'Netflix Standard with Ads']",[],['Barnes & Noble ($29.99)'],2
Marcel the Shell with Shoes On,2022,https://images.justwatch.com/poster/269958028/s718/marcel-the-shell-with-shoes-on.jpg,tt15339456,[],"['Amazon Video ($3.99)', 'Fandango At Home ($3.99)', 'Spectrum On Demand ($3.99)', 'Plex ($3.99)', 'Apple TV Store ($4.99)', 'Google Play Movies ($6.99)', 'YouTube ($6.99)']",['Barnes & Noble ($19.98)'],0
Puss in Boots: The Last Wish,2022,https://images.justwatch.com/poster/302419965/s718/puss-in-boots-the-last-wish.jpg,tt3915174,"['Peacock Premium', 'Peacock Premium Plus']","['Amazon Video ($3.99)', 'Apple TV Store ($3.99)', 'Google Play Movies ($3.99)', 'YouTube ($3.99)', 'Fandango At Home ($3.99)']",[],2
The Sea Beast,2022,https://images.justwatch.com/poster/290948055/s718/the-sea-beast.jpg,tt9288046,"['Netflix', 'Netflix Standard with Ads']",[],[],2
Turning Red,2022,https://images.justwatch.com/poster/259017400/s718/turning-red.jpg,tt8097030,['Disney Plus'],[],"['Amazon DVD / Blu-ray ($None)', 'Amazon Video ($4.99)', 'Apple TV Store ($4.99)', 'Google Play Movies ($4.99)', 'YouTube ($4.99)', 'Fandango At Home ($5)', 'Zavvi ($11.99)', 'Barnes & Noble ($19.98)']",1
All Quiet on the Western Front,2022,https://images.justwatch.com/poster/301383625/s718/all-quiet-on-the-western-front-2022.jpg,tt1016150,"['Netflix', 'Netflix Standard with Ads']",[],[],2
"BARDO, False Chronicle of a Handful of Truths",2022,https://images.justwatch.com/poster/300652573/s718/bardo-false-chronicle-of-a-handful-of-truths.jpg,tt14176542,"['Netflix', 'Netflix Standard with Ads']",[],[],2
Empire of Light,2022,https://images.justwatch.com/poster/302925760/s718/empire-of-light.jpg,tt14402146,"['fuboTV', 'YouTube TV']","['Amazon Video ($3.99)', 'Apple TV Store ($3.99)', 'Google Play Movies ($3.99)', 'YouTube ($3.99)', 'Fandango At Home ($3.99)']","['Amazon DVD / Blu-ray ($16.57)', 'Barnes & Noble ($19.98)']",2
Babylon,2022,https://images.justwatch.com/poster/301809868/s718/babylon-2022.jpg,tt10640346,"['Netflix', 'Paramount+ Amazon Channel', 'Paramount+ Roku Premium Channel', 'Netflix Standard with Ads', 'Paramount Plus Essential', 'Paramount Plus Premium']","['Amazon Video ($3.99)', 'Apple TV Store ($3.99)', 'Google Play Movies ($3.99)', 'YouTube ($3.99)', 'Fandango At Home ($3.99)', 'JustWatch TV ($3.99)', 'Spectrum On Demand ($3.99)']",['Barnes & Noble ($14.99)'],6
Mrs. Harris Goes to Paris,2022,https://images.justwatch.com/poster/296026039/s718/mrs-harris-goes-to-paris.jpg,tt5151570,"['Peacock Premium', 'YouTube TV', 'Peacock Premium Plus']","['Amazon Video ($3.79)', 'Google Play Movies ($3.79)', 'YouTube ($3.79)', 'Apple TV Store ($3.99)', 'Fandango At Home ($3.99)']","['GRUV ($7.99)', 'Amazon DVD / Blu-ray ($7.99)', 'Barnes & Noble ($11.89)']",3
Triangle of Sadness,2022,https://images.justwatch.com/poster/302474245/s718/triangle-of-sadness.jpg,tt7322224,"['Netflix', 'Netflix Standard with Ads']","['Apple TV Store ($3.99)', 'Google Play Movies ($3.99)', 'YouTube ($3.99)', 'Fandango At Home ($3.99)', 'Spectrum On Demand ($3.99)', 'Plex ($3.99)']","['Amazon DVD / Blu-ray ($12.62)', 'Barnes & Noble ($29.99)']",2
All That Breathes,2022,https://images.justwatch.com/poster/302722758/s718/all-that-breathes.jpg,tt16377862,"['HBO Max', 'HBO Max Amazon Channel']","['Amazon Video ($3.99)', 'Apple TV Store ($3.99)', 'Google Play Movies ($3.99)', 'YouTube ($3.99)', 'Fandango At Home ($5.99)']","['Barnes & Noble ($24.99)', 'Amazon DVD / Blu-ray ($25.33)']",2
All the Beauty and the Bloodshed,2022,https://images.justwatch.com/poster/300981046/s718/all-the-beauty-and-the-bloodshed.jpg,tt21374850,"['HBO Max', 'HBO Max Amazon Channel']","['Amazon Video ($3.99)', 'Apple TV Store ($3.99)', 'Google Play Movies ($3.99)', 'YouTube ($3.99)', 'Fandango At Home ($3.99)', 'Plex ($3.99)']",['Barnes & Noble ($29.99)'],2
Fire of Love,2022,https://images.justwatch.com/poster/292528341/s718/fire-of-love.jpg,tt16227014,"['Disney Plus', 'Hulu']","['Amazon Video ($3.99)', 'Apple TV Store ($3.99)', 'Google Play Movies ($3.99)', 'YouTube ($3.99)', 'Fandango At Home ($3.99)']",[],2
A House Made of Splinters,2023,https://images.justwatch.com/poster/307428239/s718/a-house-made-of-splinters.jpg,tt16377920,[],"['Amazon Video ($3.99)', 'Google Play Movies ($3.99)', 'YouTube ($3.99)', 'Fandango At Home ($3.99)', 'Apple TV Store ($4.99)']",['Amazon DVD / Blu-ray ($5.49)'],0
Navalny,2022,https://images.justwatch.com/poster/271369102/s718/navalny.jpg,tt17041964,"['HBO Max', 'HBO Max Amazon Channel']",[],[],2
The Elephant Whisperers,2022,https://images.justwatch.com/poster/303330057/s718/the-elephant-whisperers.jpg,tt23628262,"['Netflix', 'Netflix Standard with Ads']",[],[],2
Haulout,2024,https://images.justwatch.com/poster/262208374/s718/haulout.jpg,tt17162620,[],[],[],0
The Martha Mitchell Effect,2022,https://images.justwatch.com/poster/266568443/s718/the-martha-mitchell-effect.jpg,tt16379454,"['Netflix', 'Netflix Standard with Ads']",[],[],2
Stranger at the Gate,2022,https://images.justwatch.com/poster/303330281/s718/stranger-at-the-gate.jpg,tt20784118,['DOCSVILLE'],['Apple TV Store ($1.99)'],[],1
Top Gun: Maverick,2022,https://images.justwatch.com/poster/269102668/s718/top-gun-maverick.jpg,tt1745960,"['fuboTV', 'Paramount+ Roku Premium Channel', 'Paramount Plus Essential', 'Paramount Plus Premium']","['JustWatch TV ($1)', 'Amazon Video ($3.99)', 'Apple TV Store ($3.99)', 'Google Play Movies ($3.99)', 'YouTube ($3.99)', 'Fandango At Home ($3.99)', 'FlixFling ($3.99)', 'Spectrum On Demand ($3.99)', 'Plex ($3.99)']","['Amazon DVD / Blu-ray ($12.77)', 'Barnes & Noble ($15.39)', 'Zavvi ($23.99)']",4
"Argentina, 1985",2022,https://images.justwatch.com/poster/301271892/s718/argentina-1985.jpg,tt15301048,"['Amazon Prime Video', 'Amazon Prime Video with Ads']",[],[],2
Close,2022,https://images.justwatch.com/poster/312562987/s718/close-2022.jpg,tt9660502,"['fuboTV', 'Paramount+ Amazon Channel', 'Paramount+ Roku Premium Channel', 'Paramount Plus Premium']","['Amazon Video ($3.99)', 'Fandango At Home ($3.99)', 'Spectrum On Demand ($3.99)', 'Apple TV Store ($4.99)', 'Google Play Movies ($5.99)', 'YouTube ($5.99)']",['Amazon DVD / Blu-ray ($13.21)'],4
EO,2022,https://images.justwatch.com/poster/280088439/s718/eo-2022.jpg,tt19652910,"['HBO Max', 'HBO Max Amazon Channel', 'Criterion Channel']","['Amazon Video ($3.99)', 'Apple TV Store ($3.99)', 'Fandango At Home ($5.99)']",['Barnes & Noble ($24.99)'],3
An Cailín Ciúin,2022,https://images.justwatch.com/poster/303809474/s718/the-quiet-girl.jpg,tt15109082,['Hulu'],"['Amazon Video ($3.89)', 'Apple TV Store ($3.99)', 'Google Play Movies ($3.99)', 'YouTube ($3.99)', 'Fandango At Home ($3.99)', 'Plex ($3.99)']",['Amazon DVD / Blu-ray ($12.72)'],1
The Batman,2022,https://images.justwatch.com/poster/253599997/s718/the-batman.jpg,tt1877830,"['HBO Max', 'HBO Max Amazon Channel']","['Plex ($2.99)', 'Spectrum On Demand ($3.99)', 'Amazon Video ($5.99)', 'Apple TV Store ($5.99)', 'Google Play Movies ($5.99)', 'YouTube ($5.99)', 'Fandango At Home ($5.99)']","['Amazon DVD / Blu-ray ($5)', 'Barnes & Noble ($13.99)']",2
Tell It Like a Woman,2022,https://images.justwatch.com/poster/303330294/s718/tell-it-like-a-woman.jpg,tt5850650,"['Amazon Prime Video', 'Amazon Prime Video with Ads']","['Amazon Video ($4.99)', 'Apple TV Store ($4.99)', 'Fandango At Home ($4.99)']","['Google Play Movies ($14.99)', 'YouTube ($14.99)']",2
RRR,2022,https://images.justwatch.com/poster/268620858/s718/roudram-ranam-rudhiram.jpg,tt8178634,"['Netflix', 'Netflix Standard with Ads']",[],[],2
Avatar: The Way of Water,2022,https://images.justwatch.com/poster/301592778/s718/avatar-2.jpg,tt1630029,['Disney Plus'],"['Amazon Video ($3.99)', 'Apple TV Store ($3.99)', 'Google Play Movies ($3.99)', 'YouTube ($3.99)', 'Fandango At Home ($3.99)']","['Amazon DVD / Blu-ray ($9.96)', 'Barnes & Noble ($25.99)']",1
Women Talking,2022,https://images.justwatch.com/poster/311361467/s718/women-talking.jpg,tt13669038,[],"['Amazon Video ($3.99)', 'Apple TV Store ($3.99)', 'Fandango At Home ($5.99)', 'Plex ($5.99)', 'Google Play Movies ($6.99)', 'YouTube ($6.99)']","['GRUV ($11.99)', 'Amazon DVD / Blu-ray ($11.99)', 'Barnes & Noble ($15.99)']",0
"The Boy, the Mole, the Fox and the Horse",2022,https://images.justwatch.com/poster/336512227/s718/the-boy-the-mole-the-fox-and-the-horse.jpg,tt22667880,"['Apple TV', 'Apple TV Amazon Channel']",[],[],2
The Flying Sailor,2022,https://images.justwatch.com/poster/330368161/s718/the-flying-sailor.jpg,tt20240228,[],[],[],0
Ice Merchants,2023,https://images.justwatch.com/poster/309988971/s718/ice-merchants.jpg,tt19781688,[],[],[],0
My Year of Dicks,2023,https://images.justwatch.com/poster/302498278/s718/my-year-of-dicks.jpg,tt17663790,[],[],[],0
An Ostrich Told Me the World Is Fake and I Think I Believe It,2022,https://images.justwatch.com/poster/302572853/s718/an-ostrich-told-me-the-world-is-fake-and-i-think-i-believe-it.jpg,tt20115114,[],[],[],0
An Irish Goodbye,2022,https://images.justwatch.com/poster/304902613/s718/an-irish-goodbye.jpg,tt14625872,[],['Amazon Video ($0.99)'],[],0
Ivalu,2023,https://images.justwatch.com/poster/330368182/s718/ivalu.jpg,tt22054902,[],['Amazon Video ($2.99)'],[],0
Le Pupille,2022,https://images.justwatch.com/poster/302143431/s718/le-pupille.jpg,tt20215392,['Disney Plus'],[],[],1
Night Ride,2020,https://images.justwatch.com/poster/302265297/s718/night-ride-2020.jpg,tt12566792,[],[],[],0
Glass Onion: A Knives Out Mystery,2022,https://images.justwatch.com/poster/301342724/s718/knives-out-2.jpg,tt11564570,"['Netflix', 'Netflix Standard with Ads']",[],[],2
Welcome to Chechnya,2020,https://images.justwatch.com/poster/194761535/s718/welcome-to-chechnya.jpg,tt11394200,"['Amazon Prime Video', 'HBO Max', 'HBO Max Amazon Channel', 'Philo', 'MUBI', 'MUBI Amazon Channel', 'Fandor Amazon Channel', 'Amazon Prime Video with Ads', 'DocuramaFilms Amazon Channel']","['Amazon Video ($2.99)', 'Google Play Movies ($2.99)', 'YouTube ($2.99)', 'Fandango At Home ($2.99)', 'Apple TV Store ($4.99)']",[],9
Maestro,2023,https://images.justwatch.com/poster/309336798/s718/maestro-2021-0.jpg,tt5535276,"['Netflix', 'Netflix Standard with Ads']",[],[],2
Rustin,2023,https://images.justwatch.com/poster/308914505/s718/rustin.jpg,tt14160834,"['Netflix', 'Netflix Standard with Ads']",[],[],2
The Holdovers,2023,https://images.justwatch.com/poster/309896363/s718/the-holdovers.jpg,tt14849194,[],"['Amazon Video ($3.99)', 'Apple TV Store ($3.99)', 'Google Play Movies ($3.99)', 'YouTube ($3.99)', 'Fandango At Home ($3.99)', 'FlixFling ($3.99)', 'Spectrum On Demand ($3.99)']","['Amazon DVD / Blu-ray ($8.49)', 'GRUV ($9.99)', 'Barnes & Noble ($13.99)']",0
Oppenheimer,2023,https://images.justwatch.com/poster/305252655/s718/oppenheimer.jpg,tt15398776,[],"['Amazon Video ($3.99)', 'Apple TV Store ($3.99)', 'Google Play Movies ($3.99)', 'YouTube ($3.99)', 'Fandango At Home ($3.99)', 'Spectrum On Demand ($3.99)']","['Amazon DVD / Blu-ray ($9.46)', 'Barnes & Noble ($16.09)', 'Zavvi ($20.99)']",0
American Fiction,2023,https://images.justwatch.com/poster/310449652/s718/untitled-cord-jefferson-film.jpg,tt23561236,"['Peacock Premium', 'Peacock Premium Plus']","['Amazon Video ($3.99)', 'Fandango At Home ($3.99)', 'Spectrum On Demand ($3.99)', 'Apple TV Store ($4.99)', 'Google Play Movies ($6.99)', 'YouTube ($6.99)']","['Amazon DVD / Blu-ray ($30.99)', 'Barnes & Noble ($35.99)']",2
Killers of the Flower Moon,2023,https://images.justwatch.com/poster/307275790/s718/killers-of-the-flower-moon.jpg,tt5537002,"['Apple TV', 'Apple TV Amazon Channel']","['Amazon Video ($3.99)', 'Apple TV Store ($3.99)', 'Google Play Movies ($3.99)', 'YouTube ($3.99)', 'Fandango At Home ($3.99)', 'Plex ($3.99)']","['Amazon DVD / Blu-ray ($None)', 'Barnes & Noble ($53.99)']",2
Barbie,2023,https://images.justwatch.com/poster/306454329/s718/barbie-2023.jpg,tt1517268,"['HBO Max', 'HBO Max Amazon Channel', 'YouTube TV', 'Cinemax Amazon Channel', 'Cinemax Apple TV Channel']","['Amazon Video ($3.99)', 'Google Play Movies ($3.99)', 'YouTube ($3.99)', 'Spectrum On Demand ($3.99)', 'Apple TV Store ($4.99)', 'Fandango At Home ($4.99)', 'Plex ($4.99)']","['Amazon DVD / Blu-ray ($7.99)', 'GRUV ($8.99)', 'Barnes & Noble ($16.09)', 'Zavvi ($40.99)']",5
Poor Things,2023,https://images.justwatch.com/poster/309120615/s718/poor-things.jpg,tt14230458,['Hulu'],"['Amazon Video ($3.99)', 'Google Play Movies ($3.99)', 'YouTube ($3.99)', 'Fandango At Home ($3.99)', 'Spectrum On Demand ($3.99)']","['Apple TV Store ($4.99)', 'Amazon DVD / Blu-ray ($17.7)']",1
NYAD,2023,https://images.justwatch.com/poster/310049240/s718/nyad.jpg,tt5302918,"['Netflix', 'Netflix Standard with Ads']",[],[],2
Anatomy of a Fall,2023,https://images.justwatch.com/poster/307074431/s718/anatomie-dune-chute.jpg,tt17009710,['Hulu'],"['Amazon Video ($3.99)', 'Apple TV Store ($3.99)', 'Google Play Movies ($3.99)', 'YouTube ($3.99)', 'Fandango At Home ($3.99)', 'Spectrum On Demand ($3.99)']","['Amazon DVD / Blu-ray ($25.35)', 'Zavvi ($26.99)', 'Barnes & Noble ($29.99)']",1
The Boy and the Heron,2023,https://images.justwatch.com/poster/312644830/s718/kimitachi-wa-do-ikiru-ka.jpg,tt6587046,"['HBO Max', 'HBO Max Amazon Channel']","['Amazon Video ($3.99)', 'Spectrum On Demand ($3.99)', 'Apple TV Store ($4.99)', 'Google Play Movies ($4.99)', 'YouTube ($4.99)', 'Fandango At Home ($4.99)']","['Amazon DVD / Blu-ray ($16.19)', 'Barnes & Noble ($24.49)', 'Zavvi ($30.99)']",2
Elemental,2023,https://images.justwatch.com/poster/307263254/s718/elemental-2023.jpg,tt15789038,['Disney Plus'],"['Amazon Video ($3.99)', 'Apple TV Store ($3.99)', 'Google Play Movies ($3.99)', 'YouTube ($3.99)', 'Fandango At Home ($3.99)', 'Spectrum On Demand ($3.99)']",['Barnes & Noble ($25.99)'],1
Nimona,2023,https://images.justwatch.com/poster/306318494/s718/nimona.jpg,tt19500164,"['Netflix', 'Netflix Standard with Ads']",[],[],2
Robot Dreams,2023,https://images.justwatch.com/poster/318235455/s718/robot-dreams.jpg,tt13429870,['Hulu'],"['Amazon Video ($3.99)', 'Apple TV Store ($3.99)', 'Google Play Movies ($3.99)', 'YouTube ($3.99)', 'Fandango At Home ($3.99)', 'Spectrum On Demand ($3.99)', 'Plex ($3.99)']","['Barnes & Noble ($12.59)', 'Amazon DVD / Blu-ray ($16.96)', 'Zavvi ($16.98)']",1
Spider-Man: Across the Spider-Verse,2023,https://images.justwatch.com/poster/305309017/s718/spider-man-into-the-spider-verse-2.jpg,tt9362722,"['Disney Plus', 'fuboTV']","['Amazon Video ($3.99)', 'Apple TV Store ($3.99)', 'Google Play Movies ($3.99)', 'YouTube ($3.99)', 'Fandango At Home ($3.99)', 'Spectrum On Demand ($3.99)']","['Amazon DVD / Blu-ray ($14.95)', 'Barnes & Noble ($26.99)']",2
El conde,2023,https://images.justwatch.com/poster/309159198/s718/el-conde.jpg,tt21113540,"['Netflix', 'Netflix Standard with Ads']",[],[],2
The Zone of Interest,2023,https://images.justwatch.com/poster/311984962/s718/the-zone-of-interest.jpg,tt7160372,[],"['Spectrum On Demand ($3.99)', 'Plex ($3.99)', 'Amazon Video ($4.99)', 'Apple TV Store ($4.99)', 'Fandango At Home ($4.99)', 'Google Play Movies ($7.99)', 'YouTube ($7.99)']","['Barnes & Noble ($29.99)', 'Amazon DVD / Blu-ray ($34.79)']",0
Bobi Wine: The People's President,2023,https://images.justwatch.com/poster/308654802/s718/bobi-wine-ghetto-president.jpg,tt21376900,['Disney Plus'],[],[],1
La memoria infinita,2023,https://images.justwatch.com/poster/310096107/s718/the-eternal-memory.jpg,tt24082488,"['Paramount+ Roku Premium Channel', 'Paramount+ MTV Amazon Channel', 'Paramount Plus Essential', 'Paramount Plus Premium']","['Amazon Video ($3.99)', 'Apple TV Store ($3.99)', 'Fandango At Home ($3.99)']","['Google Play Movies ($14.99)', 'YouTube ($14.99)']",4
Four Daughters,2023,https://images.justwatch.com/poster/310206470/s718/four-daughters-2023.jpg,tt27502426,['Kino Film Collection'],"['Amazon Video ($2.99)', 'Fandango At Home ($2.99)', 'Apple TV Store ($3.99)', 'Google Play Movies ($4.99)', 'YouTube ($4.99)']",['Barnes & Noble ($14.99)'],1
To Kill a Tiger,2023,https://images.justwatch.com/poster/312407466/s718/to-kill-a-tiger.jpg,tt21688772,"['Netflix', 'Netflix Standard with Ads']",[],[],2
20 Days in Mariupol,2023,https://images.justwatch.com/poster/312371228/s718/20-days-in-mariupol.jpg,tt24082438,['PBS Documentaries Amazon Channel'],"['Amazon Video ($1.99)', 'Google Play Movies ($2.99)', 'YouTube ($2.99)', 'Fandango At Home ($2.99)']",[],1
The Barber of Little Rock,2023,https://images.justwatch.com/poster/311332226/s718/the-barber-of-little-rock.jpg,tt28627868,[],[],[],0
Island in Between,2023,https://images.justwatch.com/poster/312290828/s718/island-in-between.jpg,tt30523942,[],[],[],0
The Last Repair Shop,2024,https://images.justwatch.com/poster/311344549/s718/the-last-repair-shop.jpg,tt29118186,['Disney Plus'],[],[],1
Nǎi Nai & Wài Pó,2024,https://images.justwatch.com/poster/316031894/s718/nai-nai-and-wai-po.jpg,tt26218316,['Disney Plus'],[],[],1
Io capitano,2023,https://images.justwatch.com/poster/321743567/s718/io-capitano.jpg,tt14225838,[],"['Amazon Video ($4.99)', 'Google Play Movies ($4.99)', 'YouTube ($4.99)', 'Fandango At Home ($4.99)', 'Apple TV Store ($5.99)', 'Plex ($5.99)']","['Amazon DVD / Blu-ray ($8.99)', 'Barnes & Noble ($9.99)']",0
Perfect Days,2023,https://images.justwatch.com/poster/310831441/s718/perfect-days.jpg,tt27503384,['Hulu'],"['Amazon Video ($3.59)', 'Apple TV Store ($3.99)', 'Google Play Movies ($3.99)', 'YouTube ($3.99)', 'Fandango At Home ($3.99)', 'Spectrum On Demand ($3.99)']","['Amazon DVD / Blu-ray ($29.66)', 'Barnes & Noble ($29.99)']",1
Society of the Snow,2023,https://images.justwatch.com/poster/309833971/s718/society-of-the-snow.jpg,tt16277242,"['Netflix', 'Netflix Standard with Ads']",[],[],2
The Teachers' Lounge,2023,https://images.justwatch.com/poster/305300774/s718/the-teachers-lounge.jpg,tt26612950,[],"['Amazon Video ($3.99)', 'Apple TV Store ($3.99)', 'Google Play Movies ($3.99)', 'YouTube ($3.99)', 'Fandango At Home ($3.99)', 'Spectrum On Demand ($3.99)']",[],0
Golda,2023,https://images.justwatch.com/poster/308892218/s718/golda-2023.jpg,tt14454876,[],"['Amazon Video ($3.59)', 'Google Play Movies ($3.59)', 'YouTube ($3.59)', 'Apple TV Store ($3.99)', 'Fandango At Home ($3.99)']","['Amazon DVD / Blu-ray ($6.44)', 'Barnes & Noble ($11.39)']",0
Indiana Jones and the Dial of Destiny,2023,https://images.justwatch.com/poster/306066228/s718/indiana-jones-5.jpg,tt1462764,['Disney Plus'],"['Amazon Video ($3.99)', 'Apple TV Store ($3.99)', 'Google Play Movies ($3.99)', 'YouTube ($3.99)', 'Fandango At Home ($3.99)', 'Spectrum On Demand ($3.99)']",['Barnes & Noble ($25.99)'],1
Flamin' Hot,2023,https://images.justwatch.com/poster/305303301/s718/flamin-hot.jpg,tt8105234,"['Disney Plus', 'Hulu']",[],[],2
American Symphony,2023,https://images.justwatch.com/poster/310350216/s718/american-symphony.jpg,tt28865980,"['Netflix', 'Netflix Standard with Ads']",[],[],2
Past Lives,2023,https://images.justwatch.com/poster/305210032/s718/past-lives.jpg,tt13238346,"['HBO Max', 'HBO Max Amazon Channel', 'Cinemax Amazon Channel', 'Cinemax Apple TV Channel']","['Amazon Video ($3.99)', 'Fandango At Home ($3.99)', 'Spectrum On Demand ($3.99)', 'Plex ($3.99)', 'Apple TV Store ($4.99)', 'Google Play Movies ($7.99)', 'YouTube ($7.99)']","['Amazon DVD / Blu-ray ($12.58)', 'Barnes & Noble ($13.99)']",4
Letter to a Pig,2024,https://images.justwatch.com/poster/311755793/s718/letter-to-a-pig.jpg,tt10346066,['ShortsTV Amazon Channel'],[],"['Apple TV Store ($1.99)', 'Google Play Movies ($2.99)', 'YouTube ($2.99)']",1
Ninety-Five Senses,2022,https://images.justwatch.com/poster/311344787/s718/ninety-five-senses.jpg,tt11020596,[],[],[],0
Our Uniform,2023,https://images.justwatch.com/poster/315692151/s718/our-uniform.jpg,tt28058015,[],[],"['Apple TV Store ($1.99)', 'Google Play Movies ($2.99)', 'YouTube ($2.99)']",0
Pachyderm,2024,https://images.justwatch.com/poster/311344738/s718/pachyderm.jpg,tt20862526,[],[],"['Apple TV Store ($1.99)', 'Google Play Movies ($2.99)', 'YouTube ($2.99)']",0
WAR IS OVER! Inspired by the Music of John & Yoko,2023,https://images.justwatch.com/poster/309974244/s718/war-is-over-inspired-by-the-music-of-john-and-yoko.jpg,tt29795707,[],[],[],0
The After,2024,https://images.justwatch.com/poster/309081915/s718/the-after.jpg,tt28532006,"['Netflix', 'Netflix Standard with Ads']",[],[],2
"Red, White and Blue",2024,https://images.justwatch.com/poster/311332971/s718/red-white-and-blue-2023.jpg,tt27759823,[],[],[],0
The Wonderful Story of Henry Sugar,2023,https://images.justwatch.com/poster/312809770/s718/untitled-wes-anderson-roald-dahl-film.jpg,tt16968450,"['Netflix', 'Netflix Standard with Ads']",[],[],2
The Creator,2023,https://images.justwatch.com/poster/309415151/s718/the-creator.jpg,tt11858890,"['Amazon Prime Video', 'Amazon Prime Video with Ads']","['Amazon Video ($3.99)', 'Apple TV Store ($3.99)', 'Google Play Movies ($3.99)', 'YouTube ($3.99)', 'Fandango At Home ($3.99)', 'Spectrum On Demand ($3.99)']","['Amazon DVD / Blu-ray ($12.44)', 'Barnes & Noble ($25.99)']",2
Mission: Impossible - Dead Reckoning Part One,2023,https://images.justwatch.com/poster/305409535/s718/mission-impossible-7.jpg,tt9603212,"['fuboTV', 'MGM+ Amazon Channel', 'Paramount+ Amazon Channel', 'Paramount+ Roku Premium Channel', 'MGM Plus', 'Philo', 'Paramount Plus Essential', 'Paramount Plus Premium']","['Amazon Video ($3.99)', 'Apple TV Store ($3.99)', 'Google Play Movies ($3.99)', 'YouTube ($3.99)', 'Fandango At Home ($3.99)', 'JustWatch TV ($3.99)', 'Plex ($3.99)']","['Barnes & Noble ($14.99)', 'Amazon DVD / Blu-ray ($27.95)']",8
Godzilla Minus One,2023,https://images.justwatch.com/poster/313783206/s718/godzilla-minus-one.jpg,tt23289160,"['Netflix', 'Netflix Standard with Ads']","['Amazon Video ($3.99)', 'Apple TV Store ($3.99)', 'Fandango At Home ($3.99)', 'Plex ($3.99)', 'Google Play Movies ($5.99)', 'YouTube ($5.99)']","['Barnes & Noble ($16.09)', 'Amazon DVD / Blu-ray ($19.71)', 'GRUV ($19.95)']",2
Guardians of the Galaxy Vol. 3,2023,https://images.justwatch.com/poster/304936885/s718/guardians-of-the-galaxy-vol-3.jpg,tt6791350,['Disney Plus'],"['Amazon Video ($3.99)', 'Apple TV Store ($3.99)', 'Google Play Movies ($3.99)', 'YouTube ($3.99)', 'Fandango At Home ($3.99)']",['Amazon DVD / Blu-ray ($24.99)'],1
May December,2023,https://images.justwatch.com/poster/310247617/s718/may-december.jpg,tt13651794,"['Netflix', 'Netflix Standard with Ads']",[],[],2
The Brutalist,2024,https://images.justwatch.com/poster/326223302/s718/the-brutalist.jpg,tt8999762,"['HBO Max', 'HBO Max Amazon Channel']","['Plex ($3.99)', 'Amazon Video ($4.99)', 'Fandango At Home ($4.99)', 'Apple TV Store ($5.99)', 'Google Play Movies ($7.99)', 'YouTube ($7.99)']",['Barnes & Noble ($29.99)'],2
A Complete Unknown,2024,https://images.justwatch.com/poster/323464854/s718/a-complete-unknown.jpg,tt11563598,"['Hulu', 'fuboTV', 'YouTube TV']","['Amazon Video ($3.99)', 'Google Play Movies ($3.99)', 'YouTube ($3.99)', 'Fandango At Home ($3.99)', 'Apple TV Store ($5.99)']",[],3
Sing Sing,2024,https://images.justwatch.com/poster/316460242/s718/sing-sing.jpg,tt28479262,"['HBO Max', 'HBO Max Amazon Channel', 'History Vault', 'Cinemax Amazon Channel', 'Cinemax Apple TV Channel']","['Amazon Video ($4.99)', 'Fandango At Home ($4.99)', 'Apple TV Store ($5.99)', 'Google Play Movies ($7.99)', 'YouTube ($7.99)']",[],5
Conclave,2024,https://images.justwatch.com/poster/322635520/s718/conclave.jpg,tt20215234,"['Amazon Prime Video', 'Peacock Premium', 'Amazon Prime Video with Ads', 'Peacock Premium Plus']","['Amazon Video ($3.99)', 'Apple TV Store ($3.99)', 'Google Play Movies ($3.99)', 'YouTube ($3.99)', 'Fandango At Home ($3.99)']","['Amazon DVD / Blu-ray ($12.99)', 'Barnes & Noble ($13.29)']",4
The Apprentice,2024,https://images.justwatch.com/poster/321930797/s718/the-apprentice-2024-0.jpg,tt8368368,"['Amazon Prime Video', 'Amazon Prime Video with Ads']","['Amazon Video ($1.99)', 'Apple TV Store ($1.99)', 'Google Play Movies ($3.99)', 'YouTube ($3.99)', 'Fandango At Home ($3.99)']","['Amazon DVD / Blu-ray ($17.09)', 'Barnes & Noble ($20.99)']",2
Anora,2024,https://images.justwatch.com/poster/323065528/s718/anora.jpg,tt28607951,['Hulu'],"['Amazon Video ($3.99)', 'Apple TV Store ($3.99)', 'Google Play Movies ($3.99)', 'YouTube ($3.99)', 'Fandango At Home ($3.99)']",['Barnes & Noble ($29.99)'],1
A Real Pain,2024,https://images.justwatch.com/poster/322108439/s718/a-real-pain.jpg,tt21823606,[],"['Amazon Video ($3.99)', 'Apple TV Store ($3.99)', 'Google Play Movies ($3.99)', 'YouTube ($3.99)', 'Fandango At Home ($3.99)']","['Amazon DVD / Blu-ray ($27.39)', 'Barnes & Noble ($40.99)']",0
Wicked,2024,https://images.justwatch.com/poster/322412111/s718/wicked-2021-0.jpg,tt1262426,"['Amazon Prime Video', 'Amazon Prime Video with Ads']","['Amazon Video ($3.99)', 'Apple TV Store ($3.99)', 'Google Play Movies ($3.99)', 'YouTube ($3.99)', 'Fandango At Home ($3.99)', 'FlixFling ($3.99)']",[],2
EMILIA PÉREZ,2024,https://images.justwatch.com/poster/322050662/s718/emilia-perez.jpg,tt20221436,"['Netflix', 'Netflix Standard with Ads']",[],[],2
The Substance,2024,https://images.justwatch.com/poster/320520686/s718/the-substance.jpg,tt17526714,"['HBO Max', 'HBO Max Amazon Channel', 'MUBI', 'MUBI Amazon Channel']","['Amazon Video ($5.99)', 'Apple TV Store ($5.99)', 'Fandango At Home ($5.99)']","['Barnes & Noble ($20.99)', 'Amazon DVD / Blu-ray ($29.9)']",4
I'm Still Here,2024,https://images.justwatch.com/poster/324650634/s718/im-still-here-2025.jpg,tt14961016,['Netflix'],"['Amazon Video ($5.99)', 'Apple TV Store ($5.99)', 'Google Play Movies ($5.99)', 'YouTube ($5.99)', 'Fandango At Home ($5.99)', 'Plex ($5.99)']","['Amazon DVD / Blu-ray ($None)', 'Barnes & Noble ($23.49)']",1
Straume,2024,https://images.justwatch.com/poster/326396708/s718/flow-2024.jpg,tt4772188,"['HBO Max', 'HBO Max Amazon Channel']","['Amazon Video ($2.99)', 'Apple TV Store ($3.99)', 'Google Play Movies ($3.99)', 'YouTube ($3.99)', 'Fandango At Home ($5.99)']","['Barnes & Noble ($29.99)', 'Amazon DVD / Blu-ray ($44.98)']",2
Inside Out 2,2024,https://images.justwatch.com/poster/317102237/s718/inside-out-2.jpg,tt22022452,['Disney Plus'],"['Amazon Video ($3.99)', 'Apple TV Store ($3.99)', 'Google Play Movies ($3.99)', 'YouTube ($3.99)', 'Fandango At Home ($3.99)', 'Spectrum On Demand ($3.99)']","['Barnes & Noble ($26.99)', 'Zavvi ($32.99)']",1
Memoir of a Snail,2024,https://images.justwatch.com/poster/326163828/s718/memoir-of-a-snail.jpg,tt23770030,"['Hulu', 'AMC Plus Apple TV Channel ', 'AMC+ Amazon Channel', 'AMC+', 'Philo', 'Sundance Now']","['Amazon Video ($2.99)', 'Fandango At Home ($2.99)', 'Apple TV Store ($3.99)', 'Spectrum On Demand ($3.99)', 'Plex ($3.99)', 'Google Play Movies ($4.99)', 'YouTube ($4.99)']","['Amazon DVD / Blu-ray ($12.99)', 'Barnes & Noble ($15.59)', 'Zavvi ($22.99)']",6
Wallace & Gromit: Vengeance Most Fowl,2024,https://images.justwatch.com/poster/323236179/s718/wallace-and-gromit-vengeance-most-fowl.jpg,tt17163970,"['Netflix', 'Netflix Standard with Ads']",[],[],2
The Wild Robot,2024,https://images.justwatch.com/poster/317457812/s718/the-wild-robot.jpg,tt29623480,"['Netflix', 'Netflix Standard with Ads']","['Amazon Video ($3.99)', 'Apple TV Store ($3.99)', 'Google Play Movies ($3.99)', 'YouTube ($3.99)', 'Fandango At Home ($3.99)', 'FlixFling ($3.99)']","['GRUV ($9.99)', 'Barnes & Noble ($15.39)', 'Amazon DVD / Blu-ray ($27.93)']",2
Beautiful Men,2023,https://images.justwatch.com/poster/312590223/s718/beautiful-men.jpg,tt30835281,[],[],[],0
Wander to Wonder,2024,https://images.justwatch.com/poster/308731735/s718/wander-to-wonder.jpg,tt28768679,[],[],[],0
Yuck!,2024,https://images.justwatch.com/poster/323463943/s718/yuck.jpg,tt28356173,[],[],[],0
Dune: Part Two,2024,https://images.justwatch.com/poster/312811279/s718/dune-part-two-2023.jpg,tt15239678,"['HBO Max', 'HBO Max Amazon Channel', 'YouTube TV']","['Amazon Video ($3.99)', 'Apple TV Store ($3.99)', 'Google Play Movies ($3.99)', 'YouTube ($3.99)', 'Fandango At Home ($3.99)', 'Spectrum On Demand ($3.99)', 'Plex ($4.99)']","['GRUV ($12.46)', 'Amazon DVD / Blu-ray ($12.46)', 'Barnes & Noble ($16.09)']",3
Maria,2024,https://images.justwatch.com/poster/321612693/s718/maria-2024.jpg,tt22893404,"['Netflix', 'Netflix Standard with Ads']",[],[],2
Nosferatu,2024,https://images.justwatch.com/poster/322635882/s718/nosferatu-2023.jpg,tt5040012,"['Amazon Prime Video', 'Amazon Prime Video with Ads']","['Amazon Video ($3.99)', 'Apple TV Store ($3.99)', 'Google Play Movies ($3.99)', 'YouTube ($3.99)', 'Fandango At Home ($3.99)']",['Barnes & Noble ($13.29)'],2
Burakku bokkusu daiarîzu,2024,https://images.justwatch.com/poster/312804074/s718/black-box-diaries.jpg,tt30227076,"['fuboTV', 'Paramount+ Amazon Channel', 'Paramount+ Roku Premium Channel', 'Paramount Plus Premium']","['Amazon Video ($3.99)', 'Apple TV Store ($3.99)', 'Google Play Movies ($3.99)', 'YouTube ($3.99)', 'Fandango At Home ($3.99)']",['Amazon DVD / Blu-ray ($42.2)'],4
No Other Land,2024,https://images.justwatch.com/poster/322720965/s718/no-other-land.jpg,tt30953759,[],"['Amazon Video ($3.99)', 'Fandango At Home ($3.99)', 'Apple TV Store ($4.99)', 'Google Play Movies ($4.99)', 'YouTube ($4.99)']",['Amazon DVD / Blu-ray ($None)'],0
Porcelain War,2024,https://images.justwatch.com/poster/324990007/s718/porcelain-war.jpg,tt30294282,[],"['Amazon Video ($3.99)', 'Apple TV Store ($4.99)', 'Google Play Movies ($4.99)', 'YouTube ($4.99)']",[],0
Soundtrack to a Coup d'État,2024,https://images.justwatch.com/poster/321440878/s718/soundtrack-to-a-coup-detat.jpg,tt14452174,['Kino Film Collection'],"['Fandango At Home ($2.99)', 'Amazon Video ($3.99)', 'Apple TV Store ($3.99)', 'Google Play Movies ($3.99)', 'YouTube ($3.99)']","['Barnes & Noble ($9.99)', 'Amazon DVD / Blu-ray ($10.54)', 'Zavvi ($25.99)']",1
Sugarcane,2024,https://images.justwatch.com/poster/320969872/s718/sugarcane.jpg,tt30319854,"['Disney Plus', 'fuboTV', 'YouTube TV']","['Amazon Video ($3.99)', 'Apple TV Store ($3.99)', 'Google Play Movies ($3.99)', 'YouTube ($3.99)', 'Fandango At Home ($3.99)']",[],3
"I Am Ready, Warden",2024,https://images.justwatch.com/poster/322388549/s718/i-am-ready-warden.jpg,tt31556921,"['Paramount+ Amazon Channel', 'Paramount+ Roku Premium Channel', 'Paramount Plus Essential', 'Paramount Plus Premium']",[],[],4
Instruments of a Beating Heart,2024,https://images.justwatch.com/poster/324707767/s718/instruments-of-a-beating-heart.jpg,tt32280470,[],[],[],0
The Only Girl in the Orchestra,2023,https://images.justwatch.com/poster/321932321/s718/the-only-girl-in-the-orchestra.jpg,tt29497240,"['Netflix', 'Netflix Standard with Ads']",[],[],2
The Girl with the Needle,2024,https://images.justwatch.com/poster/322761063/s718/the-girl-with-the-needle.jpg,tt10236164,"['MUBI', 'MUBI Amazon Channel']","['Fandango At Home ($4.99)', 'Amazon Video ($5.99)', 'Apple TV Store ($5.99)']",[],2
Dane-ye anjir-e ma'abed,2024,https://images.justwatch.com/poster/319883095/s718/the-seed-of-the-sacred-fig.jpg,tt32178949,['Hulu'],"['Amazon Video ($3.99)', 'Apple TV Store ($3.99)', 'Google Play Movies ($3.99)', 'YouTube ($3.99)', 'Fandango At Home ($3.99)']","['Amazon DVD / Blu-ray ($17.79)', 'Barnes & Noble ($17.98)']",1
A Different Man,2024,https://images.justwatch.com/poster/321602862/s718/a-different-man.jpg,tt21097228,"['HBO Max', 'HBO Max Amazon Channel', 'Cinemax Amazon Channel', 'Cinemax Apple TV Channel']","['Spectrum On Demand ($3.99)', 'Amazon Video ($4.99)', 'Fandango At Home ($4.99)', 'Apple TV Store ($5.99)', 'Google Play Movies ($7.99)', 'YouTube ($7.99)']",['Barnes & Noble ($29.99)'],4
The Six Triple Eight,2024,https://images.justwatch.com/poster/323065580/s718/six-triple-eight.jpg,tt24458622,"['Netflix', 'Netflix Standard with Ads']",[],[],2
Elton John: Never Too Late,2024,https://images.justwatch.com/poster/321254501/s718/elton-john-never-too-late.jpg,tt20316978,['Disney Plus'],[],[],1
Nickel Boys,2024,https://images.justwatch.com/poster/320258042/s718/nickel-boys.jpg,tt23055660,"['Amazon Prime Video', 'fuboTV', 'MGM+ Amazon Channel', 'MGM Plus Roku Premium Channel', 'MGM Plus', 'Philo', 'Amazon Prime Video with Ads']","['Amazon Video ($5.99)', 'Fandango At Home ($5.99)', 'Plex ($5.99)', 'Apple TV Store ($6.99)', 'Google Play Movies ($6.99)', 'YouTube ($6.99)']",[],7
Anuja,2024,https://images.justwatch.com/poster/324553554/s718/anuja.jpg,tt27654431,"['Netflix', 'Netflix Standard with Ads']",[],[],2
Alien: Romulus,2024,https://images.justwatch.com/poster/324639095/s718/alien-romulus.jpg,tt18412256,"['Amazon Prime Video', 'Amazon Prime Video with Ads']","['Amazon Video ($3.99)', 'Apple TV Store ($3.99)', 'Google Play Movies ($3.99)', 'YouTube ($3.99)', 'Fandango At Home ($3.99)']","['Amazon DVD / Blu-ray ($17.96)', 'Barnes & Noble ($26.99)']",2
Better Man,2024,https://images.justwatch.com/poster/323010999/s718/better-man.jpg,tt14260836,"['Amazon Prime Video', 'fuboTV', 'MGM+ Amazon Channel', 'Paramount+ Amazon Channel', 'MGM Plus Roku Premium Channel', 'MGM Plus', 'Philo', 'Amazon Prime Video with Ads', 'Paramount Plus Essential', 'Paramount Plus Premium']","['Amazon Video ($5.99)', 'Apple TV Store ($5.99)', 'Google Play Movies ($5.99)', 'YouTube ($5.99)', 'Fandango At Home ($5.99)', 'Plex ($5.99)']",['Amazon DVD / Blu-ray ($20.11)'],10
Kingdom of the Planet of the Apes,2024,https://images.justwatch.com/poster/314299423/s718/kingdom-of-the-planet-of-the-apes.jpg,tt11389872,['Hulu'],"['Amazon Video ($3.99)', 'Apple TV Store ($3.99)', 'Google Play Movies ($3.99)', 'YouTube ($3.99)', 'Fandango At Home ($3.99)', 'Spectrum On Demand ($3.99)']","['Amazon DVD / Blu-ray ($13.63)', 'Barnes & Noble ($26.99)']",1
September 5,2024,missing,tt28082769,"['Amazon Prime Video', 'fuboTV', 'MGM+ Amazon Channel', 'Paramount+ Amazon Channel', 'Paramount+ Roku Premium Channel', 'Philo', 'Amazon Prime Video with Ads', 'Paramount Plus Essential', 'Paramount Plus Premium']","['Amazon Video ($5.99)', 'Apple TV Store ($5.99)', 'Google Play Movies ($5.99)', 'YouTube ($5.99)', 'Fandango At Home ($5.99)', 'Plex ($5.99)']","['Barnes & Noble ($20.29)', 'Zavvi ($22.99)']",9
