Ceremony,Year,Class,CanonicalCategory,Category,NomId,Film,FilmId,Name,Nominees,NomineeIds,Winner,Detail,Note,Citation,MultifilmNomination,YearStart
83,2010,Acting,ACTOR IN A LEADING ROLE,ACTOR IN A LEADING ROLE,an0310760,Biutiful,tt1164999,Javier Bardem,Javier Bardem,nm0000849,,Uxbal,,,,2010
83,2010,Acting,ACTOR IN A LEADING ROLE,ACTOR IN A LEADING ROLE,an0310761,True Grit,tt1403865,Jeff Bridges,Jeff Bridges,nm0000313,,Rooster Cogburn,,,,2010
83,2010,Acting,ACTOR IN A LEADING ROLE,ACTOR IN A LEADING ROLE,an0310762,The Social Network,tt1285016,Jesse Eisenberg,Jesse Eisenberg,nm0251986,,Mark Zuckerberg,,,,2010
83,2010,Acting,ACTOR IN A LEADING ROLE,ACTOR IN A LEADING ROLE,an0310763,The King's Speech,tt1504320,Colin Firth,Colin Firth,nm0000147,True,King George VI,,,,2010
83,2010,Acting,ACTOR IN A LEADING ROLE,ACTOR IN A LEADING ROLE,an0310764,127 Hours,tt1542344,James Franco,James Franco,nm0290556,,Aron Ralston,,,,2010
83,2010,Acting,ACTOR IN A SUPPORTING ROLE,ACTOR IN A SUPPORTING ROLE,an0310770,The Fighter,tt0964517,Christian Bale,Christian Bale,nm0000288,True,Dicky Eklund,,,,2010
83,2010,Acting,ACTOR IN A SUPPORTING ROLE,ACTOR IN A SUPPORTING ROLE,an0310771,Winter's Bone,tt1399683,John Hawkes,John Hawkes,nm0370035,,Teardrop,,,,2010
83,2010,Acting,ACTOR IN A SUPPORTING ROLE,ACTOR IN A SUPPORTING ROLE,an0310772,The Town,tt0840361,Jeremy Renner,Jeremy Renner,nm0719637,,James Coughlin,,,,2010
83,2010,Acting,ACTOR IN A SUPPORTING ROLE,ACTOR IN A SUPPORTING ROLE,an0310773,The Kids Are All Right,tt0842926,Mark Ruffalo,Mark Ruffalo,nm0749263,,Paul,,,,2010
83,2010,Acting,ACTOR IN A SUPPORTING ROLE,ACTOR IN A SUPPORTING ROLE,an0310774,The King's Speech,tt1504320,Geoffrey Rush,Geoffrey Rush,nm0001691,,Lionel Logue,,,,2010
83,2010,Acting,ACTRESS IN A LEADING ROLE,ACTRESS IN A LEADING ROLE,an0310765,The Kids Are All Right,tt0842926,Annette Bening,Annette Bening,nm0000906,,Nic,,,,2010
83,2010,Acting,ACTRESS IN A LEADING ROLE,ACTRESS IN A LEADING ROLE,an0310766,Rabbit Hole,tt0935075,Nicole Kidman,Nicole Kidman,nm0000173,,Becca,,,,2010
83,2010,Acting,ACTRESS IN A LEADING ROLE,ACTRESS IN A LEADING ROLE,an0310767,Winter's Bone,tt1399683,Jennifer Lawrence,Jennifer Lawrence,nm2225369,,Ree,,,,2010
83,2010,Acting,ACTRESS IN A LEADING ROLE,ACTRESS IN A LEADING ROLE,an0310768,Black Swan,tt0947798,Natalie Portman,Natalie Portman,nm0000204,True,Nina Sayers/The Swan Queen,,,,2010
83,2010,Acting,ACTRESS IN A LEADING ROLE,ACTRESS IN A LEADING ROLE,an0310769,Blue Valentine,tt1120985,Michelle Williams,Michelle Williams,nm0931329,,Cindy,,,,2010
83,2010,Acting,ACTRESS IN A SUPPORTING ROLE,ACTRESS IN A SUPPORTING ROLE,an0310775,The Fighter,tt0964517,Amy Adams,Amy Adams,nm0010736,,Charlene Fleming,,,,2010
83,2010,Acting,ACTRESS IN A SUPPORTING ROLE,ACTRESS IN A SUPPORTING ROLE,an0310776,The King's Speech,tt1504320,Helena Bonham Carter,Helena Bonham Carter,nm0000307,,Queen Elizabeth,,,,2010
83,2010,Acting,ACTRESS IN A SUPPORTING ROLE,ACTRESS IN A SUPPORTING ROLE,an0310777,The Fighter,tt0964517,Melissa Leo,Melissa Leo,nm0502425,True,Alice Ward,,,,2010
83,2010,Acting,ACTRESS IN A SUPPORTING ROLE,ACTRESS IN A SUPPORTING ROLE,an0310778,True Grit,tt1403865,Hailee Steinfeld,Hailee Steinfeld,nm2794962,,Mattie Ross,,,,2010
83,2010,Acting,ACTRESS IN A SUPPORTING ROLE,ACTRESS IN A SUPPORTING ROLE,an0310779,Animal Kingdom,tt1313092,Jacki Weaver,Jacki Weaver,nm0915865,,Janine 'Smurf' Cody,,,,2010
83,2010,Title,ANIMATED FEATURE FILM,ANIMATED FEATURE FILM,an0310795,How to Train Your Dragon,tt0892769,Chris Sanders and Dean DeBlois,"Chris Sanders, Dean DeBlois","nm0761498,nm0213450",,,,,,2010
83,2010,Title,ANIMATED FEATURE FILM,ANIMATED FEATURE FILM,an0310796,The Illusionist,tt0775489,Sylvain Chomet,Sylvain Chomet,nm0158984,,,,,,2010
83,2010,Title,ANIMATED FEATURE FILM,ANIMATED FEATURE FILM,an0310797,Toy Story 3,tt0435761,Lee Unkrich,Lee Unkrich,nm0881279,True,,,,,2010
83,2010,Production,ART DIRECTION,ART DIRECTION,an0349312,Alice in Wonderland,tt1014759,Production Design: Robert Stromberg; Set Decoration: Karen O'Hara,"Robert Stromberg, Karen O'Hara","nm0834902,nm0641286",True,,,,,2010
83,2010,Production,ART DIRECTION,ART DIRECTION,an0349313,Harry Potter and the Deathly Hallows Part 1,tt0926084,Production Design: Stuart Craig; Set Decoration: Stephenie McMillan,"Stuart Craig, Stephenie McMillan","nm0186023,nm0573328",,,,,,2010
83,2010,Production,ART DIRECTION,ART DIRECTION,an0349314,Inception,tt1375666,Production Design: Guy Hendrix Dyas; Set Decoration: Larry Dias and Doug Mowat,"Guy Hendrix Dyas, Larry Dias, Doug Mowat","nm0245596,nm0224878,nm0610245",,,,,,2010
83,2010,Production,ART DIRECTION,ART DIRECTION,an0349315,The King's Speech,tt1504320,Production Design: Eve Stewart; Set Decoration: Judy Farr,"Eve Stewart, Judy Farr","nm0829378,nm0268035",,,,,,2010
83,2010,Production,ART DIRECTION,ART DIRECTION,an0349316,True Grit,tt1403865,Production Design: Jess Gonchor; Set Decoration: Nancy Haigh,"Jess Gonchor, Nancy Haigh","nm0327211,nm0354101",,,,,,2010
83,2010,Production,CINEMATOGRAPHY,CINEMATOGRAPHY,an0310803,Black Swan,tt0947798,Matthew Libatique,Matthew Libatique,nm0508732,,,,,,2010
83,2010,Production,CINEMATOGRAPHY,CINEMATOGRAPHY,an0310804,Inception,tt1375666,Wally Pfister,Wally Pfister,nm0002892,True,,,,,2010
83,2010,Production,CINEMATOGRAPHY,CINEMATOGRAPHY,an0310805,The King's Speech,tt1504320,Danny Cohen,Danny Cohen,nm0169299,,,,,,2010
83,2010,Production,CINEMATOGRAPHY,CINEMATOGRAPHY,an0310806,The Social Network,tt1285016,Jeff Cronenweth,Jeff Cronenweth,nm0188729,,,,,,2010
83,2010,Production,CINEMATOGRAPHY,CINEMATOGRAPHY,an0310807,True Grit,tt1403865,Roger Deakins,Roger Deakins,nm0005683,,,,,,2010
83,2010,Production,COSTUME DESIGN,COSTUME DESIGN,an0310818,Alice in Wonderland,tt1014759,Colleen Atwood,Colleen Atwood,nm0041181,True,,,,,2010
83,2010,Production,COSTUME DESIGN,COSTUME DESIGN,an0310819,I Am Love,tt1226236,Antonella Cannarozzi,Antonella Cannarozzi,nm0134050,,,,,,2010
83,2010,Production,COSTUME DESIGN,COSTUME DESIGN,an0310820,The King's Speech,tt1504320,Jenny Beavan,Jenny Beavan,nm0064746,,,,,,2010
83,2010,Production,COSTUME DESIGN,COSTUME DESIGN,an0310821,The Tempest,tt1274300,Sandy Powell,Sandy Powell,nm0694309,,,,,,2010
83,2010,Production,COSTUME DESIGN,COSTUME DESIGN,an0310822,True Grit,tt1403865,Mary Zophres,Mary Zophres,nm0957861,,,,,,2010
83,2010,Directing,DIRECTING,DIRECTING,an0310780,Black Swan,tt0947798,Darren Aronofsky,Darren Aronofsky,nm0004716,,,,,,2010
83,2010,Directing,DIRECTING,DIRECTING,an0310784,The Fighter,tt0964517,David O. Russell,David O. Russell,nm0751102,,,,,,2010
83,2010,Directing,DIRECTING,DIRECTING,an0310783,The King's Speech,tt1504320,Tom Hooper,Tom Hooper,nm0393799,True,,,,,2010
83,2010,Directing,DIRECTING,DIRECTING,an0310782,The Social Network,tt1285016,David Fincher,David Fincher,nm0000399,,,,,,2010
83,2010,Directing,DIRECTING,DIRECTING,an0310781,True Grit,tt1403865,Joel Coen and Ethan Coen,"Joel Coen, Ethan Coen","nm0001054,nm0001053",,,,,,2010
83,2010,Title,DOCUMENTARY (Feature),DOCUMENTARY (Feature),an0310850,Exit through the Gift Shop,tt1587707,Banksy and Jaimie D'Cruz,"Banksy, Jaimie D'Cruz","nm2612991,nm3261008",,,,,,2010
83,2010,Title,DOCUMENTARY (Feature),DOCUMENTARY (Feature),an0310851,Gasland,tt1558250,Josh Fox and Trish Adlesic,"Josh Fox, Trish Adlesic","nm1068198,nm0012267",,,,,,2010
83,2010,Title,DOCUMENTARY (Feature),DOCUMENTARY (Feature),an0310852,Inside Job,tt1645089,Charles Ferguson and Audrey Marrs,"Charles Ferguson, Audrey Marrs","nm2480587,nm2513737",True,,,,,2010
83,2010,Title,DOCUMENTARY (Feature),DOCUMENTARY (Feature),an0310853,Restrepo,tt1559549,Tim Hetherington and Sebastian Junger,"Tim Hetherington, Sebastian Junger","nm1770672,nm0432631",,,,,,2010
83,2010,Title,DOCUMENTARY (Feature),DOCUMENTARY (Feature),an0310854,Waste Land,tt1268204,Lucy Walker and Angus Aynsley,"Lucy Walker, Angus Aynsley","nm1013671,nm2376154",,,,,,2010
83,2010,Title,DOCUMENTARY (Short Subject),DOCUMENTARY (Short Subject),an0310855,Killing in the Name,tt1684897,Jed Rothstein,Jed Rothstein,nm1160206,,,,,,2010
83,2010,Title,DOCUMENTARY (Short Subject),DOCUMENTARY (Short Subject),an0311465,Poster Girl,tt1505384,Sara Nesson and Mitchell W. Block,"Sara Nesson, Mitchell W. Block","nm3257331,nm0088753",,,,,,2010
83,2010,Title,DOCUMENTARY (Short Subject),DOCUMENTARY (Short Subject),an0310857,Strangers No More,tt1754549,Karen Goodman and Kirk Simon,"Karen Goodman, Kirk Simon","nm0329139,nm0800232",True,,,,,2010
83,2010,Title,DOCUMENTARY (Short Subject),DOCUMENTARY (Short Subject),an0310858,Sun Come Up,tt1621975,Jennifer Redfearn and Tim Metzger,"Jennifer Redfearn, Tim Metzger","nm2503646,nm0582758",,,,,,2010
83,2010,Title,DOCUMENTARY (Short Subject),DOCUMENTARY (Short Subject),an0310859,The Warriors of Qiugang,tt1744887,Ruby Yang and Thomas Lennon,"Ruby Yang, Thomas Lennon","nm0002548,nm0502072",,,,,,2010
83,2010,Production,FILM EDITING,FILM EDITING,an0310809,Black Swan,tt0947798,Andrew Weisblum,Andrew Weisblum,nm0918733,,,,,,2010
83,2010,Production,FILM EDITING,FILM EDITING,an0310810,The Fighter,tt0964517,Pamela Martin,Pamela Martin,nm0552862,,,,,,2010
83,2010,Production,FILM EDITING,FILM EDITING,an0310811,The King's Speech,tt1504320,Tariq Anwar,Tariq Anwar,nm0031697,,,,,,2010
83,2010,Production,FILM EDITING,FILM EDITING,an0310808,127 Hours,tt1542344,Jon Harris,Jon Harris,nm1154184,,,,,,2010
83,2010,Production,FILM EDITING,FILM EDITING,an0310812,The Social Network,tt1285016,Angus Wall and Kirk Baxter,"Angus Wall, Kirk Baxter","nm0908370,nm0062775",True,,,,,2010
83,2010,Title,INTERNATIONAL FEATURE FILM,FOREIGN LANGUAGE FILM,an0347018,Biutiful,tt1164999,Mexico,,,,,,,,2010
83,2010,Title,INTERNATIONAL FEATURE FILM,FOREIGN LANGUAGE FILM,an0347019,Dogtooth,tt1379182,Greece,,,,,,,,2010
83,2010,Title,INTERNATIONAL FEATURE FILM,FOREIGN LANGUAGE FILM,an0347017,In a Better World,tt1340107,Denmark,,,True,,,,,2010
83,2010,Title,INTERNATIONAL FEATURE FILM,FOREIGN LANGUAGE FILM,an0347020,Incendies,tt1255953,Canada,,,,,,,,2010
83,2010,Title,INTERNATIONAL FEATURE FILM,FOREIGN LANGUAGE FILM,an0347021,Outside the Law (Hors-la-loi),tt1229381,Algeria,,,,,,,,2010
83,2010,Production,MAKEUP AND HAIRSTYLING,MAKEUP,an0310823,Barney's Version,tt1423894,Adrien Morot,Adrien Morot,nm0606110,,,,,,2010
83,2010,Production,MAKEUP AND HAIRSTYLING,MAKEUP,an0310824,The Way Back,tt1023114,"Edouard F. Henriques, Gregory Funk and Yolanda Toussieng","Edouard F. Henriques, Gregory Funk, Yolanda Toussieng","nm0377667,nm0298727,nm0869758",,,,,,2010
83,2010,Production,MAKEUP AND HAIRSTYLING,MAKEUP,an0310825,The Wolfman,tt0780653,Rick Baker and Dave Elsey,"Rick Baker, Dave Elsey","nm0000711,nm0255642",True,,,,,2010
83,2010,Music,MUSIC (Original Score),MUSIC (Original Score),an0310827,How to Train Your Dragon,tt0892769,John Powell,John Powell,nm0694173,,,,,,2010
83,2010,Music,MUSIC (Original Score),MUSIC (Original Score),an0310828,Inception,tt1375666,Hans Zimmer,Hans Zimmer,nm0001877,,,,,,2010
83,2010,Music,MUSIC (Original Score),MUSIC (Original Score),an0310829,The King's Speech,tt1504320,Alexandre Desplat,Alexandre Desplat,nm0006035,,,,,,2010
83,2010,Music,MUSIC (Original Score),MUSIC (Original Score),an0310826,127 Hours,tt1542344,A.R. Rahman,A.R. Rahman,nm0006246,,,,,,2010
83,2010,Music,MUSIC (Original Score),MUSIC (Original Score),an0310830,The Social Network,tt1285016,Trent Reznor and Atticus Ross,"Trent Reznor, Atticus Ross","nm0722153,nm1589604",True,,,,,2010
83,2010,Music,MUSIC (Original Song),MUSIC (Original Song),an0349074,Country Strong,tt1555064,"Music and Lyric by Tom Douglas, Troy Verges and Hillary Lindsey","Tom Douglas, Troy Verges, Hillary Lindsey","nm2762412,nm1525422,nm4269992",,Coming Home,,,,2010
83,2010,Music,MUSIC (Original Song),MUSIC (Original Song),an0349075,Tangled,tt0398286,Music by Alan Menken; Lyric by Glenn Slater,"Alan Menken, Glenn Slater","nm0579678,nm1637698",,I See The Light,,,,2010
83,2010,Music,MUSIC (Original Song),MUSIC (Original Song),an0349073,127 Hours,tt1542344,Music by A.R. Rahman; Lyric by Dido and Rollo Armstrong,"A.R. Rahman, Dido, Rollo Armstrong","nm0006246,nm0225824,nm1926821",,If I Rise,,,,2010
83,2010,Music,MUSIC (Original Song),MUSIC (Original Song),an0310834,Toy Story 3,tt0435761,Music and Lyric by Randy Newman,Randy Newman,nm0005271,True,We Belong Together,,,,2010
83,2010,Title,BEST PICTURE,BEST PICTURE,an0310751,Black Swan,tt0947798,"Mike Medavoy, Brian Oliver and Scott Franklin, Producers","Mike Medavoy, Brian Oliver, Scott Franklin","nm0005219,nm1003922,nm0291542",,,,,,2010
83,2010,Title,BEST PICTURE,BEST PICTURE,an0310752,The Fighter,tt0964517,"David Hoberman, Todd Lieberman and Mark Wahlberg, Producers","David Hoberman, Todd Lieberman, Mark Wahlberg","nm0387674,nm0509414,nm0000242",,,,,,2010
83,2010,Title,BEST PICTURE,BEST PICTURE,an0310753,Inception,tt1375666,"Emma Thomas and Christopher Nolan, Producers","Emma Thomas, Christopher Nolan","nm0858799,nm0634240",,,,,,2010
83,2010,Title,BEST PICTURE,BEST PICTURE,an0310754,The Kids Are All Right,tt0842926,"Gary Gilbert, Jeffrey Levy-Hinte and Celine Rattray, Producers","Gary Gilbert, Jeffrey Levy-Hinte, Celine Rattray","nm1344784,nm0506664,nm1488027",,,,,,2010
83,2010,Title,BEST PICTURE,BEST PICTURE,an0310755,The King's Speech,tt1504320,"Iain Canning, Emile Sherman and Gareth Unwin, Producers","Iain Canning, Emile Sherman, Gareth Unwin","nm2096617,nm0792431,nm1060902",True,,,,,2010
83,2010,Title,BEST PICTURE,BEST PICTURE,an0310750,127 Hours,tt1542344,"Christian Colson, Danny Boyle and John Smithson, Producers","Christian Colson, Danny Boyle, John Smithson","nm1384503,nm0000965,nm0810478",,,,,,2010
83,2010,Title,BEST PICTURE,BEST PICTURE,an0310756,The Social Network,tt1285016,"Scott Rudin, Dana Brunetti, Michael De Luca and Ceán Chaffin, Producers","Scott Rudin, Dana Brunetti, Michael De Luca, Ceán Chaffin","nm0748784,nm0116232,nm0006894,nm0149556",,,,,,2010
83,2010,Title,BEST PICTURE,BEST PICTURE,an0310757,Toy Story 3,tt0435761,"Darla K. Anderson, Producer",Darla K. Anderson,nm0026565,,,,,,2010
83,2010,Title,BEST PICTURE,BEST PICTURE,an0310758,True Grit,tt1403865,"Scott Rudin, Ethan Coen and Joel Coen, Producers","Scott Rudin, Ethan Coen, Joel Coen","nm0748784,nm0001053,nm0001054",,,,,,2010
83,2010,Title,BEST PICTURE,BEST PICTURE,an0310759,Winter's Bone,tt1399683,"Anne Rosellini and Alix Madigan-Yorkin, Producers","Anne Rosellini, Alix Madigan-Yorkin","nm1367893,nm0534893",,,,,,2010
83,2010,Title,SHORT FILM (Animated),SHORT FILM (Animated),an0310860,Day & Night,tt1620446,Teddy Newton,Teddy Newton,nm0628599,,,,,,2010
83,2010,Title,SHORT FILM (Animated),SHORT FILM (Animated),an0310861,The Gruffalo,tt1461418,Jakob Schuh and Max Lang,"Jakob Schuh, Max Lang","nm2104164,nm3495071",,,,,,2010
83,2010,Title,SHORT FILM (Animated),SHORT FILM (Animated),an0310862,Let's Pollute,tt1470652,Geefwee Boedoe,Geefwee Boedoe,nm0091161,,,,,,2010
83,2010,Title,SHORT FILM (Animated),SHORT FILM (Animated),an0310863,The Lost Thing,tt1669698,Shaun Tan and Andrew Ruhemann,"Shaun Tan, Andrew Ruhemann","nm1316810,nm0749509",True,,,,,2010
83,2010,Title,SHORT FILM (Animated),SHORT FILM (Animated),an0310864,"Madagascar, carnet de voyage (Madagascar, a Journey Diary)",tt1590114,Bastien Dubois,Bastien Dubois,nm3777126,,,,,,2010
83,2010,Title,SHORT FILM (Live Action),SHORT FILM (Live Action),an0310865,The Confession,tt1687903,Tanel Toom,Tanel Toom,nm1823803,,,,,,2010
83,2010,Title,SHORT FILM (Live Action),SHORT FILM (Live Action),an0310866,The Crush,tt1509756,Michael Creagh,Michael Creagh,nm1739260,,,,,,2010
83,2010,Title,SHORT FILM (Live Action),SHORT FILM (Live Action),an0310867,God of Love,tt1631323,Luke Matheny,Luke Matheny,nm1487468,True,,,,,2010
83,2010,Title,SHORT FILM (Live Action),SHORT FILM (Live Action),an0310868,Na Wewe,tt1764508,Ivan Goldschmidt,Ivan Goldschmidt,nm0326006,,,,,,2010
83,2010,Title,SHORT FILM (Live Action),SHORT FILM (Live Action),an0310869,Wish 143,tt1518330,Ian Barnes and Samantha Waite,"Ian Barnes, Samantha Waite","nm1357838,nm1639314",,,,,,2010
83,2010,Production,SOUND EDITING,SOUND EDITING,an0310840,Inception,tt1375666,Richard King,Richard King,nm0455185,True,,,,,2010
83,2010,Production,SOUND EDITING,SOUND EDITING,an0310841,Toy Story 3,tt0435761,Tom Myers and Michael Silvers,"Tom Myers, Michael Silvers","nm0616878,nm0799011",,,,,,2010
83,2010,Production,SOUND EDITING,SOUND EDITING,an0310842,Tron: Legacy,tt1104001,Gwendolyn Yates Whittle and Addison Teague,"Gwendolyn Yates Whittle, Addison Teague","nm0946705,nm0853529",,,,,,2010
83,2010,Production,SOUND EDITING,SOUND EDITING,an0310843,True Grit,tt1403865,Skip Lievsay and Craig Berkey,"Skip Lievsay, Craig Berkey","nm0509792,nm0075389",,,,,,2010
83,2010,Production,SOUND EDITING,SOUND EDITING,an0310844,Unstoppable,tt0477080,Mark P. Stoeckinger,Mark P. Stoeckinger,nm0831057,,,,,,2010
83,2010,Production,SOUND MIXING,SOUND MIXING,an0310835,Inception,tt1375666,"Lora Hirschberg, Gary A. Rizzo and Ed Novick","Lora Hirschberg, Gary A. Rizzo, Ed Novick","nm0386567,nm0729886,nm0637085",True,,,,,2010
83,2010,Production,SOUND MIXING,SOUND MIXING,an0310836,The King's Speech,tt1504320,"Paul Hamblin, Martin Jensen and John Midgley","Paul Hamblin, Martin Jensen, John Midgley","nm0357413,nm1259646,nm0585611",,,,,,2010
83,2010,Production,SOUND MIXING,SOUND MIXING,an0310837,Salt,tt0944835,"Jeffrey J. Haboush, Greg P. Russell, Scott Millan and William Sarokin","Jeffrey J. Haboush, Greg P. Russell, Scott Millan, William Sarokin","nm0352300,nm0751169,nm0586793,nm0765458",,,,,,2010
83,2010,Production,SOUND MIXING,SOUND MIXING,an0310838,The Social Network,tt1285016,"Ren Klyce, David Parker, Michael Semanick and Mark Weingarten","Ren Klyce, David Parker, Michael Semanick, Mark Weingarten","nm0460274,nm0662188,nm0783713,nm0918319",,,,,,2010
83,2010,Production,SOUND MIXING,SOUND MIXING,an0310839,True Grit,tt1403865,"Skip Lievsay, Craig Berkey, Greg Orloff and Peter F. Kurland","Skip Lievsay, Craig Berkey, Greg Orloff, Peter F. Kurland","nm0509792,nm0075389,nm0650088,nm0004212",,,,,,2010
83,2010,Production,VISUAL EFFECTS,VISUAL EFFECTS,an0310845,Alice in Wonderland,tt1014759,"Ken Ralston, David Schaub, Carey Villegas and Sean Phillips","Ken Ralston, David Schaub, Carey Villegas, Sean Phillips","nm0707822,nm0770258,nm0898211,nm1237052",,,,,,2010
83,2010,Production,VISUAL EFFECTS,VISUAL EFFECTS,an0310846,Harry Potter and the Deathly Hallows Part 1,tt0926084,"Tim Burke, John Richardson, Christian Manz and Nicolas Aithadi","Tim Burke, John Richardson, Christian Manz, Nicolas Aithadi","nm0121888,nm0724624,nm1114640,nm1212365",,,,,,2010
83,2010,Production,VISUAL EFFECTS,VISUAL EFFECTS,an0310847,Hereafter,tt1212419,"Michael Owens, Bryan Grill, Stephan Trojansky and Joe Farrell","Michael Owens, Bryan Grill, Stephan Trojansky, Joe Farrell","nm0654424,nm0341985,nm1176756,nm1062239",,,,,,2010
83,2010,Production,VISUAL EFFECTS,VISUAL EFFECTS,an0310848,Inception,tt1375666,"Paul Franklin, Chris Corbould, Andrew Lockley and Peter Bebb","Paul Franklin, Chris Corbould, Andrew Lockley, Peter Bebb","nm0291518,nm0179269,nm0516916,nm0064825",True,,,,,2010
83,2010,Production,VISUAL EFFECTS,VISUAL EFFECTS,an0310849,Iron Man 2,tt1228705,"Janek Sirrs, Ben Snow, Ged Wright and Daniel Sudick","Janek Sirrs, Ben Snow, Ged Wright, Daniel Sudick","nm0802938,nm0811240,nm2261997,nm0837203",,,,,,2010
83,2010,Writing,WRITING (Adapted Screenplay),WRITING (Adapted Screenplay),an0310790,127 Hours,tt1542344,Screenplay by Danny Boyle & Simon Beaufoy,"Danny Boyle, Simon Beaufoy","nm0000965,nm0064479",,,,,,2010
83,2010,Writing,WRITING (Adapted Screenplay),WRITING (Adapted Screenplay),an0310791,The Social Network,tt1285016,Screenplay by Aaron Sorkin,Aaron Sorkin,nm0815070,True,,,,,2010
83,2010,Writing,WRITING (Adapted Screenplay),WRITING (Adapted Screenplay),an0350204,Toy Story 3,tt0435761,"Screenplay by Michael Arndt; Story by John Lasseter, Andrew Stanton and Lee Unkrich","Michael Arndt, John Lasseter, Andrew Stanton, Lee Unkrich","nm1578335,nm0005124,nm0004056,nm0881279",,,,,,2010
83,2010,Writing,WRITING (Adapted Screenplay),WRITING (Adapted Screenplay),an0310793,True Grit,tt1403865,Written for the screen by Joel Coen & Ethan Coen,"Joel Coen, Ethan Coen","nm0001054,nm0001053",,,,,,2010
83,2010,Writing,WRITING (Adapted Screenplay),WRITING (Adapted Screenplay),an0310794,Winter's Bone,tt1399683,Adapted for the screen by Debra Granik & Anne Rosellini,"Debra Granik, Anne Rosellini","nm0335138,nm1367893",,,,,,2010
83,2010,Writing,WRITING (Original Screenplay),WRITING (Original Screenplay),an0310785,Another Year,tt1431181,Written by Mike Leigh,Mike Leigh,nm0005139,,,,,,2010
83,2010,Writing,WRITING (Original Screenplay),WRITING (Original Screenplay),an0350205,The Fighter,tt0964517,Screenplay by Scott Silver and Paul Tamasy & Eric Johnson; Story by Keith Dorrington & Paul Tamasy & Eric Johnson,"Scott Silver, Paul Tamasy, Eric Johnson, Keith Dorrington","nm0798788,nm0848496,nm2053216,nm2565612",,,,,,2010
83,2010,Writing,WRITING (Original Screenplay),WRITING (Original Screenplay),an0310787,Inception,tt1375666,Written by Christopher Nolan,Christopher Nolan,nm0634240,,,,,,2010
83,2010,Writing,WRITING (Original Screenplay),WRITING (Original Screenplay),an0310788,The Kids Are All Right,tt0842926,Written by Lisa Cholodenko & Stuart Blumberg,"Lisa Cholodenko, Stuart Blumberg","nm0158966,nm0089742",,,,,,2010
83,2010,Writing,WRITING (Original Screenplay),WRITING (Original Screenplay),an0310789,The King's Speech,tt1504320,Screenplay by David Seidler,David Seidler,nm0782436,True,,,,,2010
84,2011,Acting,ACTOR IN A LEADING ROLE,ACTOR IN A LEADING ROLE,an0367869,A Better Life,tt1554091,Demián Bichir,Demián Bichir,nm0065007,,Carlos Galindo,,,,2011
84,2011,Acting,ACTOR IN A LEADING ROLE,ACTOR IN A LEADING ROLE,an0367870,The Descendants,tt1033575,George Clooney,George Clooney,nm0000123,,Matt King,,,,2011
84,2011,Acting,ACTOR IN A LEADING ROLE,ACTOR IN A LEADING ROLE,an0367871,The Artist,tt1655442,Jean Dujardin,Jean Dujardin,nm0241121,True,George Valentin,,,,2011
84,2011,Acting,ACTOR IN A LEADING ROLE,ACTOR IN A LEADING ROLE,an0367872,Tinker Tailor Soldier Spy,tt1340800,Gary Oldman,Gary Oldman,nm0000198,,George Smiley,,,,2011
84,2011,Acting,ACTOR IN A LEADING ROLE,ACTOR IN A LEADING ROLE,an0367873,Moneyball,tt1210166,Brad Pitt,Brad Pitt,nm0000093,,Billy Beane,,,,2011
84,2011,Acting,ACTOR IN A SUPPORTING ROLE,ACTOR IN A SUPPORTING ROLE,an0367879,My Week with Marilyn,tt1655420,Kenneth Branagh,Kenneth Branagh,nm0000110,,Sir Laurence Olivier,,,,2011
84,2011,Acting,ACTOR IN A SUPPORTING ROLE,ACTOR IN A SUPPORTING ROLE,an0367880,Moneyball,tt1210166,Jonah Hill,Jonah Hill,nm1706767,,Peter Brand,,,,2011
84,2011,Acting,ACTOR IN A SUPPORTING ROLE,ACTOR IN A SUPPORTING ROLE,an0367881,Warrior,tt1291584,Nick Nolte,Nick Nolte,nm0000560,,Paddy Conlon,,,,2011
84,2011,Acting,ACTOR IN A SUPPORTING ROLE,ACTOR IN A SUPPORTING ROLE,an0367882,Beginners,tt1532503,Christopher Plummer,Christopher Plummer,nm0001626,True,Hal,,,,2011
84,2011,Acting,ACTOR IN A SUPPORTING ROLE,ACTOR IN A SUPPORTING ROLE,an0367883,Extremely Loud & Incredibly Close,tt0477302,Max von Sydow,Max von Sydow,nm0001884,,The Renter,,,,2011
84,2011,Acting,ACTRESS IN A LEADING ROLE,ACTRESS IN A LEADING ROLE,an0367874,Albert Nobbs,tt1602098,Glenn Close,Glenn Close,nm0000335,,Albert Nobbs,,,,2011
84,2011,Acting,ACTRESS IN A LEADING ROLE,ACTRESS IN A LEADING ROLE,an0367875,The Help,tt1454029,Viola Davis,Viola Davis,nm0205626,,Aibileen Clark,,,,2011
84,2011,Acting,ACTRESS IN A LEADING ROLE,ACTRESS IN A LEADING ROLE,an0367876,The Girl with the Dragon Tattoo,tt1568346,Rooney Mara,Rooney Mara,nm1913734,,Lisbeth Salander,,,,2011
84,2011,Acting,ACTRESS IN A LEADING ROLE,ACTRESS IN A LEADING ROLE,an0367877,The Iron Lady,tt1007029,Meryl Streep,Meryl Streep,nm0000658,True,Margaret Thatcher,,,,2011
84,2011,Acting,ACTRESS IN A LEADING ROLE,ACTRESS IN A LEADING ROLE,an0367878,My Week with Marilyn,tt1655420,Michelle Williams,Michelle Williams,nm0931329,,Marilyn Monroe,,,,2011
84,2011,Acting,ACTRESS IN A SUPPORTING ROLE,ACTRESS IN A SUPPORTING ROLE,an0367884,The Artist,tt1655442,Bérénice Bejo,Bérénice Bejo,nm0067367,,Peppy Miller,,,,2011
84,2011,Acting,ACTRESS IN A SUPPORTING ROLE,ACTRESS IN A SUPPORTING ROLE,an0367885,The Help,tt1454029,Jessica Chastain,Jessica Chastain,nm1567113,,Celia Foote,,,,2011
84,2011,Acting,ACTRESS IN A SUPPORTING ROLE,ACTRESS IN A SUPPORTING ROLE,an0367886,Bridesmaids,tt1478338,Melissa McCarthy,Melissa McCarthy,nm0565250,,Megan,,,,2011
84,2011,Acting,ACTRESS IN A SUPPORTING ROLE,ACTRESS IN A SUPPORTING ROLE,an0367887,Albert Nobbs,tt1602098,Janet McTeer,Janet McTeer,nm0005216,,Hubert Page,,,,2011
84,2011,Acting,ACTRESS IN A SUPPORTING ROLE,ACTRESS IN A SUPPORTING ROLE,an0367888,The Help,tt1454029,Octavia Spencer,Octavia Spencer,nm0818055,True,Minny Jackson,,,,2011
84,2011,Title,ANIMATED FEATURE FILM,ANIMATED FEATURE FILM,an0367904,A Cat in Paris,tt1673702,Alain Gagnol and Jean-Loup Felicioli,"Alain Gagnol, Jean-Loup Felicioli","nm0300944,nm0271246",,,,,,2011
84,2011,Title,ANIMATED FEATURE FILM,ANIMATED FEATURE FILM,an0367905,Chico & Rita,tt1235830,Fernando Trueba and Javier Mariscal,"Fernando Trueba, Javier Mariscal","nm0874096,nm0973475",,,,,,2011
84,2011,Title,ANIMATED FEATURE FILM,ANIMATED FEATURE FILM,an0367906,Kung Fu Panda 2,tt1302011,Jennifer Yuh Nelson,Jennifer Yuh Nelson,nm0950775,,,,,,2011
84,2011,Title,ANIMATED FEATURE FILM,ANIMATED FEATURE FILM,an0367907,Puss in Boots,tt0448694,Chris Miller,Chris Miller,nm1844237,,,,,,2011
84,2011,Title,ANIMATED FEATURE FILM,ANIMATED FEATURE FILM,an0367908,Rango,tt1192628,Gore Verbinski,Gore Verbinski,nm0893659,True,,,,,2011
84,2011,Production,ART DIRECTION,ART DIRECTION,an0368245,The Artist,tt1655442,Production Design: Laurence Bennett; Set Decoration: Robert Gould,"Laurence Bennett, Robert Gould","nm0071879,nm0332481",,,,,,2011
84,2011,Production,ART DIRECTION,ART DIRECTION,an0368246,Harry Potter and the Deathly Hallows Part 2,tt1201607,Production Design: Stuart Craig; Set Decoration: Stephenie McMillan,"Stuart Craig, Stephenie McMillan","nm0186023,nm0573328",,,,,,2011
84,2011,Production,ART DIRECTION,ART DIRECTION,an0368247,Hugo,tt0970179,Production Design: Dante Ferretti; Set Decoration: Francesca Lo Schiavo,"Dante Ferretti, Francesca Lo Schiavo","nm0274721,nm0521302",True,,,,,2011
84,2011,Production,ART DIRECTION,ART DIRECTION,an0368248,Midnight in Paris,tt1605783,Production Design: Anne Seibel; Set Decoration: Hélène Dubreuil,"Anne Seibel, Hélène Dubreuil","nm0796740,nm0239571",,,,,,2011
84,2011,Production,ART DIRECTION,ART DIRECTION,an0368249,War Horse,tt1568911,Production Design: Rick Carter; Set Decoration: Lee Sandales,"Rick Carter, Lee Sandales","nm0141437,nm0761227",,,,,,2011
84,2011,Production,CINEMATOGRAPHY,CINEMATOGRAPHY,an0367914,The Artist,tt1655442,Guillaume Schiffman,Guillaume Schiffman,nm0771526,,,,,,2011
84,2011,Production,CINEMATOGRAPHY,CINEMATOGRAPHY,an0367915,The Girl with the Dragon Tattoo,tt1568346,Jeff Cronenweth,Jeff Cronenweth,nm0188729,,,,,,2011
84,2011,Production,CINEMATOGRAPHY,CINEMATOGRAPHY,an0367916,Hugo,tt0970179,Robert Richardson,Robert Richardson,nm0724744,True,,,,,2011
84,2011,Production,CINEMATOGRAPHY,CINEMATOGRAPHY,an0367917,The Tree of Life,tt0478304,Emmanuel Lubezki,Emmanuel Lubezki,nm0523881,,,,,,2011
84,2011,Production,CINEMATOGRAPHY,CINEMATOGRAPHY,an0367918,War Horse,tt1568911,Janusz Kaminski,Janusz Kaminski,nm0001405,,,,,,2011
84,2011,Production,COSTUME DESIGN,COSTUME DESIGN,an0367929,Anonymous,tt1521197,Lisy Christl,Lisy Christl,nm0160425,,,,,,2011
84,2011,Production,COSTUME DESIGN,COSTUME DESIGN,an0367930,The Artist,tt1655442,Mark Bridges,Mark Bridges,nm0108775,True,,,,,2011
84,2011,Production,COSTUME DESIGN,COSTUME DESIGN,an0367931,Hugo,tt0970179,Sandy Powell,Sandy Powell,nm0694309,,,,,,2011
84,2011,Production,COSTUME DESIGN,COSTUME DESIGN,an0367932,Jane Eyre,tt1229822,Michael O'Connor,Michael O'Connor,nm0640445,,,,,,2011
84,2011,Production,COSTUME DESIGN,COSTUME DESIGN,an0367933,W.E.,tt1536048,Arianne Phillips,Arianne Phillips,nm0680218,,,,,,2011
84,2011,Directing,DIRECTING,DIRECTING,an0367890,The Artist,tt1655442,Michel Hazanavicius,Michel Hazanavicius,nm0371890,True,,,,,2011
84,2011,Directing,DIRECTING,DIRECTING,an0367892,The Descendants,tt1033575,Alexander Payne,Alexander Payne,nm0668247,,,,,,2011
84,2011,Directing,DIRECTING,DIRECTING,an0367893,Hugo,tt0970179,Martin Scorsese,Martin Scorsese,nm0000217,,,,,,2011
84,2011,Directing,DIRECTING,DIRECTING,an0367889,Midnight in Paris,tt1605783,Woody Allen,Woody Allen,nm0000095,,,,,,2011
84,2011,Directing,DIRECTING,DIRECTING,an0367891,The Tree of Life,tt0478304,Terrence Malick,Terrence Malick,nm0000517,,,,,,2011
84,2011,Title,DOCUMENTARY (Feature),DOCUMENTARY (Feature),an0367959,Hell and Back Again,tt1748043,Danfung Dennis and Mike Lerner,"Danfung Dennis, Mike Lerner","nm3653362,nm0503631",,,,,,2011
84,2011,Title,DOCUMENTARY (Feature),DOCUMENTARY (Feature),an0367960,If a Tree Falls: A Story of the Earth Liberation Front,tt1787725,Marshall Curry and Sam Cullman,"Marshall Curry, Sam Cullman","nm1903582,nm2014414",,,,,,2011
84,2011,Title,DOCUMENTARY (Feature),DOCUMENTARY (Feature),an0367961,Paradise Lost 3: Purgatory,tt2028530,Joe Berlinger and Bruce Sinofsky,"Joe Berlinger, Bruce Sinofsky","nm0075666,nm0802501",,,,,,2011
84,2011,Title,DOCUMENTARY (Feature),DOCUMENTARY (Feature),an0367962,Pina,tt1440266,Wim Wenders and Gian-Piero Ringel,"Wim Wenders, Gian-Piero Ringel","nm0000694,nm1868176",,,,,,2011
84,2011,Title,DOCUMENTARY (Feature),DOCUMENTARY (Feature),an0367963,Undefeated,tt1860355,"TJ Martin, Dan Lindsay and Rich Middlemas","TJ Martin, Dan Lindsay, Rich Middlemas","nm1390562,nm2418675,nm4375657",True,,,,,2011
84,2011,Title,DOCUMENTARY (Short Subject),DOCUMENTARY (Short Subject),an0367964,The Barber of Birmingham: Foot Soldier of the Civil Rights Movement,tt1844056,Robin Fryday and Gail Dolgin,"Robin Fryday, Gail Dolgin","nm4325872,nm0231000",,,,,,2011
84,2011,Title,DOCUMENTARY (Short Subject),DOCUMENTARY (Short Subject),an0385830,God Is the Bigger Elvis,tt2210633,Rebecca Cammisa and Julie Anderson,"Rebecca Cammisa, Julie Anderson","nm1095640,nm1088893",,,,,,2011
84,2011,Title,DOCUMENTARY (Short Subject),DOCUMENTARY (Short Subject),an0367965,Incident in New Baghdad,tt1746180,James Spione,James Spione,nm0819011,,,,,,2011
84,2011,Title,DOCUMENTARY (Short Subject),DOCUMENTARY (Short Subject),an0367966,Saving Face,tt2140371,Daniel Junge and Sharmeen Obaid-Chinoy,"Daniel Junge, Sharmeen Obaid-Chinoy","nm0432616,nm1581464",True,,,,,2011
84,2011,Title,DOCUMENTARY (Short Subject),DOCUMENTARY (Short Subject),an0367967,The Tsunami and the Cherry Blossom,tt2028578,Lucy Walker and Kira Carstensen,"Lucy Walker, Kira Carstensen","nm1013671,nm0141379",,,,,,2011
84,2011,Production,FILM EDITING,FILM EDITING,an0367919,The Artist,tt1655442,Anne-Sophie Bion and Michel Hazanavicius,"Anne-Sophie Bion, Michel Hazanavicius","nm2691134,nm0371890",,,,,,2011
84,2011,Production,FILM EDITING,FILM EDITING,an0367920,The Descendants,tt1033575,Kevin Tent,Kevin Tent,nm0855188,,,,,,2011
84,2011,Production,FILM EDITING,FILM EDITING,an0367921,The Girl with the Dragon Tattoo,tt1568346,Kirk Baxter and Angus Wall,"Kirk Baxter, Angus Wall","nm0062775,nm0908370",True,,,,,2011
84,2011,Production,FILM EDITING,FILM EDITING,an0367922,Hugo,tt0970179,Thelma Schoonmaker,Thelma Schoonmaker,nm0774817,,,,,,2011
84,2011,Production,FILM EDITING,FILM EDITING,an0367923,Moneyball,tt1210166,Christopher Tellefsen,Christopher Tellefsen,nm0854403,,,,,,2011
84,2011,Title,INTERNATIONAL FEATURE FILM,FOREIGN LANGUAGE FILM,an0367909,Bullhead,tt1821593,Belgium,,,,,,,,2011
84,2011,Title,INTERNATIONAL FEATURE FILM,FOREIGN LANGUAGE FILM,an0367910,Footnote,tt1445520,Israel,,,,,,,,2011
84,2011,Title,INTERNATIONAL FEATURE FILM,FOREIGN LANGUAGE FILM,an0367911,In Darkness,tt1417075,Poland,,,,,,,,2011
84,2011,Title,INTERNATIONAL FEATURE FILM,FOREIGN LANGUAGE FILM,an0367912,Monsieur Lazhar,tt2011971,Canada,,,,,,,,2011
84,2011,Title,INTERNATIONAL FEATURE FILM,FOREIGN LANGUAGE FILM,an0367913,A Separation,tt1832382,Iran,,,True,,,,,2011
84,2011,Production,MAKEUP AND HAIRSTYLING,MAKEUP,an0367934,Albert Nobbs,tt1602098,"Martial Corneville, Lynn Johnston and Matthew W. Mungle","Martial Corneville, Lynn Johnston, Matthew W. Mungle","nm0180355,nm0425699,nm0612817",,,,,,2011
84,2011,Production,MAKEUP AND HAIRSTYLING,MAKEUP,an0367935,Harry Potter and the Deathly Hallows Part 2,tt1201607,"Nick Dudman, Amanda Knight and Lisa Tomblin","Nick Dudman, Amanda Knight, Lisa Tomblin","nm0240183,nm0460792,nm0866566",,,,,,2011
84,2011,Production,MAKEUP AND HAIRSTYLING,MAKEUP,an0367936,The Iron Lady,tt1007029,Mark Coulier and J. Roy Helland,"Mark Coulier, J. Roy Helland","nm0183418,nm0375187",True,,,,,2011
84,2011,Music,MUSIC (Original Score),MUSIC (Original Score),an0367937,The Adventures of Tintin,tt0983193,John Williams,John Williams,nm0002354,,,,,,2011
84,2011,Music,MUSIC (Original Score),MUSIC (Original Score),an0367938,The Artist,tt1655442,Ludovic Bource,Ludovic Bource,nm0099753,True,,,,,2011
84,2011,Music,MUSIC (Original Score),MUSIC (Original Score),an0367939,Hugo,tt0970179,Howard Shore,Howard Shore,nm0006290,,,,,,2011
84,2011,Music,MUSIC (Original Score),MUSIC (Original Score),an0367940,Tinker Tailor Soldier Spy,tt1340800,Alberto Iglesias,Alberto Iglesias,nm0407076,,,,,,2011
84,2011,Music,MUSIC (Original Score),MUSIC (Original Score),an0367941,War Horse,tt1568911,John Williams,John Williams,nm0002354,,,,,,2011
84,2011,Music,MUSIC (Original Song),MUSIC (Original Song),an0367942,The Muppets,tt1204342,Music and Lyric by Bret McKenzie,Bret McKenzie,nm1235366,True,Man Or Muppet,,,,2011
84,2011,Music,MUSIC (Original Song),MUSIC (Original Song),an0368286,Rio,tt1436562,Music by Sergio Mendes and Carlinhos Brown; Lyric by Siedah Garrett,"Sergio Mendes, Carlinhos Brown, Siedah Garrett","nm0005223,nm0113198,nm0308206",,Real In Rio,,,,2011
84,2011,Title,BEST PICTURE,BEST PICTURE,an0367860,The Artist,tt1655442,"Thomas Langmann, Producer",Thomas Langmann,nm0486627,True,,,,,2011
84,2011,Title,BEST PICTURE,BEST PICTURE,an0367861,The Descendants,tt1033575,"Jim Burke, Alexander Payne and Jim Taylor, Producers","Jim Burke, Alexander Payne, Jim Taylor","nm0121724,nm0668247,nm0852591",,,,,,2011
84,2011,Title,BEST PICTURE,BEST PICTURE,an0367862,Extremely Loud & Incredibly Close,tt0477302,"Scott Rudin, Producer",Scott Rudin,nm0748784,,,,,,2011
84,2011,Title,BEST PICTURE,BEST PICTURE,an0367863,The Help,tt1454029,"Brunson Green, Chris Columbus and Michael Barnathan, Producers","Brunson Green, Chris Columbus, Michael Barnathan","nm0337676,nm0001060,nm0055431",,,,,,2011
84,2011,Title,BEST PICTURE,BEST PICTURE,an0367864,Hugo,tt0970179,"Graham King and Martin Scorsese, Producers","Graham King, Martin Scorsese","nm0454752,nm0000217",,,,,,2011
84,2011,Title,BEST PICTURE,BEST PICTURE,an0367865,Midnight in Paris,tt1605783,"Letty Aronson and Stephen Tenenbaum, Producers","Letty Aronson, Stephen Tenenbaum","nm0036981,nm1008264",,,,,,2011
84,2011,Title,BEST PICTURE,BEST PICTURE,an0367866,Moneyball,tt1210166,"Michael De Luca, Rachael Horovitz and Brad Pitt, Producers","Michael De Luca, Rachael Horovitz, Brad Pitt","nm0006894,nm0395267,nm0000093",,,,,,2011
84,2011,Title,BEST PICTURE,BEST PICTURE,an0368620,The Tree of Life,tt0478304,"Sarah Green, Bill Pohlad, Dede Gardner and Grant Hill, Producers","Sarah Green, Bill Pohlad, Dede Gardner, Grant Hill","nm0338320,nm0688361,nm0306890,nm0384294",,,,,,2011
84,2011,Title,BEST PICTURE,BEST PICTURE,an0367868,War Horse,tt1568911,"Steven Spielberg and Kathleen Kennedy, Producers","Steven Spielberg, Kathleen Kennedy","nm0000229,nm0005086",,,,,,2011
84,2011,Title,SHORT FILM (Animated),SHORT FILM (Animated),an0367968,Dimanche/Sunday,tt1895334,Patrick Doyon,Patrick Doyon,nm4420977,,,,,,2011
84,2011,Title,SHORT FILM (Animated),SHORT FILM (Animated),an0367969,The Fantastic Flying Books of Mr. Morris Lessmore,tt1778342,William Joyce and Brandon Oldenburg,"William Joyce, Brandon Oldenburg","nm0431622,nm1099141",True,,,,,2011
84,2011,Title,SHORT FILM (Animated),SHORT FILM (Animated),an0367970,La Luna,tt1957945,Enrico Casarosa,Enrico Casarosa,nm1154836,,,,,,2011
84,2011,Title,SHORT FILM (Animated),SHORT FILM (Animated),an0367971,A Morning Stroll,tt1964446,Grant Orchard and Sue Goffe,"Grant Orchard, Sue Goffe","nm1487762,nm1516583",,,,,,2011
84,2011,Title,SHORT FILM (Animated),SHORT FILM (Animated),an0367972,Wild Life,tt2097943,Amanda Forbis and Wendy Tilby,"Amanda Forbis, Wendy Tilby","nm0285428,nm0863195",,,,,,2011
84,2011,Title,SHORT FILM (Live Action),SHORT FILM (Live Action),an0385520,Pentecost,tt1866218,Peter McDonald and Eimear O'Kane,"Peter McDonald, Eimear O'Kane","nm0567945,nm2276885",,,,,,2011
84,2011,Title,SHORT FILM (Live Action),SHORT FILM (Live Action),an0367974,Raju,tt1819651,Max Zähle and Stefan Gieren,"Max Zähle, Stefan Gieren","nm2020448,nm4269794",,,,,,2011
84,2011,Title,SHORT FILM (Live Action),SHORT FILM (Live Action),an0385831,The Shore,tt2201259,Terry George and Oorlagh George,"Terry George, Oorlagh George","nm0313623,nm1599010",True,,,,,2011
84,2011,Title,SHORT FILM (Live Action),SHORT FILM (Live Action),an0367975,Time Freak,tt1733689,Andrew Bowler and Gigi Causey,"Andrew Bowler, Gigi Causey","nm1577772,nm0146592",,,,,,2011
84,2011,Title,SHORT FILM (Live Action),SHORT FILM (Live Action),an0367976,Tuba Atlantic,tt2061843,Hallvar Witzø,Hallvar Witzø,nm2523083,,,"NOTE: THIS IS NOT AN OFFICIAL NOMINATION. After the awards ceremony on February 26, 2012, the Academy was made aware that Tuba Atlantic had been shown on Norwegian television in 2010, making the film ineligible for the 84th Awards under the rules governing the category. In July 2012, the nomination was rescinded by the Board of Governors.",,,2011
84,2011,Production,SOUND EDITING,SOUND EDITING,an0367949,Drive,tt0780504,Lon Bender and Victor Ray Ennis,"Lon Bender, Victor Ray Ennis","nm0070489,nm0257905",,,,,,2011
84,2011,Production,SOUND EDITING,SOUND EDITING,an0367950,The Girl with the Dragon Tattoo,tt1568346,Ren Klyce,Ren Klyce,nm0460274,,,,,,2011
84,2011,Production,SOUND EDITING,SOUND EDITING,an0367951,Hugo,tt0970179,Philip Stockton and Eugene Gearty,"Philip Stockton, Eugene Gearty","nm0830958,nm0311267",True,,,,,2011
84,2011,Production,SOUND EDITING,SOUND EDITING,an0367952,Transformers: Dark of the Moon,tt1399103,Ethan Van der Ryn and Erik Aadahl,"Ethan Van der Ryn, Erik Aadahl","nm0886399,nm0007321",,,,,,2011
84,2011,Production,SOUND EDITING,SOUND EDITING,an0367953,War Horse,tt1568911,Richard Hymns and Gary Rydstrom,"Richard Hymns, Gary Rydstrom","nm0405232,nm0003977",,,,,,2011
84,2011,Production,SOUND MIXING,SOUND MIXING,an0367944,The Girl with the Dragon Tattoo,tt1568346,"David Parker, Michael Semanick, Ren Klyce and Bo Persson","David Parker, Michael Semanick, Ren Klyce, Bo Persson","nm0662188,nm0783713,nm0460274,nm0675565",,,,,,2011
84,2011,Production,SOUND MIXING,SOUND MIXING,an0367945,Hugo,tt0970179,Tom Fleischman and John Midgley,"Tom Fleischman, John Midgley","nm0281530,nm0585611",True,,,,,2011
84,2011,Production,SOUND MIXING,SOUND MIXING,an0367946,Moneyball,tt1210166,"Deb Adair, Ron Bochar, David Giammarco and Ed Novick","Deb Adair, Ron Bochar, David Giammarco, Ed Novick","nm0010426,nm0090580,nm0316102,nm0637085",,,,,,2011
84,2011,Production,SOUND MIXING,SOUND MIXING,an0367947,Transformers: Dark of the Moon,tt1399103,"Greg P. Russell, Gary Summers, Jeffrey J. Haboush and Peter J. Devlin","Greg P. Russell, Gary Summers, Jeffrey J. Haboush, Peter J. Devlin","nm0751169,nm0838707,nm0352300,nm0222818",,,,,,2011
84,2011,Production,SOUND MIXING,SOUND MIXING,an0367948,War Horse,tt1568911,"Gary Rydstrom, Andy Nelson, Tom Johnson and Stuart Wilson","Gary Rydstrom, Andy Nelson, Tom Johnson, Stuart Wilson","nm0003977,nm0625144,nm0426348,nm0934184",,,,,,2011
84,2011,Production,VISUAL EFFECTS,VISUAL EFFECTS,an0367954,Harry Potter and the Deathly Hallows Part 2,tt1201607,"Tim Burke, David Vickery, Greg Butler and John Richardson","Tim Burke, David Vickery, Greg Butler, John Richardson","nm0121888,nm1316134,nm0124935,nm0724624",,,,,,2011
84,2011,Production,VISUAL EFFECTS,VISUAL EFFECTS,an0367955,Hugo,tt0970179,"Rob Legato, Joss Williams, Ben Grossmann and Alex Henning","Rob Legato, Joss Williams, Ben Grossmann, Alex Henning","nm0499215,nm0930998,nm1322973,nm1639884",True,,,,,2011
84,2011,Production,VISUAL EFFECTS,VISUAL EFFECTS,an0367956,Real Steel,tt0433035,"Erik Nash, John Rosengrant, Dan Taylor and Swen Gillberg","Erik Nash, John Rosengrant, Dan Taylor, Swen Gillberg","nm0621716,nm0742603,nm0852199,nm1089828",,,,,,2011
84,2011,Production,VISUAL EFFECTS,VISUAL EFFECTS,an0367957,Rise of the Planet of the Apes,tt1318514,"Joe Letteri, Dan Lemmon, R. Christopher White and Daniel Barrett","Joe Letteri, Dan Lemmon, R. Christopher White, Daniel Barrett","nm0504784,nm0501424,nm0925341,nm2280778",,,,,,2011
84,2011,Production,VISUAL EFFECTS,VISUAL EFFECTS,an0367958,Transformers: Dark of the Moon,tt1399103,"Scott Farrar, Scott Benza, Matthew Butler and John Frazier","Scott Farrar, Scott Benza, Matthew Butler, John Frazier","nm0268141,nm1388484,nm0125056,nm0292594",,,,,,2011
84,2011,Writing,WRITING (Adapted Screenplay),WRITING (Adapted Screenplay),an0367899,The Descendants,tt1033575,Screenplay by Alexander Payne and Nat Faxon & Jim Rash,"Alexander Payne, Nat Faxon, Jim Rash","nm0668247,nm0269542,nm0711110",True,,,,,2011
84,2011,Writing,WRITING (Adapted Screenplay),WRITING (Adapted Screenplay),an0367900,Hugo,tt0970179,Screenplay by John Logan,John Logan,nm0517589,,,,,,2011
84,2011,Writing,WRITING (Adapted Screenplay),WRITING (Adapted Screenplay),an0367901,The Ides of March,tt1124035,Screenplay by George Clooney & Grant Heslov and Beau Willimon,"George Clooney, Grant Heslov, Beau Willimon","nm0000123,nm0381416,nm2802722",,,,,,2011
84,2011,Writing,WRITING (Adapted Screenplay),WRITING (Adapted Screenplay),an0368287,Moneyball,tt1210166,Screenplay by Steven Zaillian and Aaron Sorkin; Story by Stan Chervin,"Steven Zaillian, Aaron Sorkin, Stan Chervin","nm0001873,nm0815070,nm3133181",,,,,,2011
84,2011,Writing,WRITING (Adapted Screenplay),WRITING (Adapted Screenplay),an0367903,Tinker Tailor Soldier Spy,tt1340800,Screenplay by Bridget O'Connor & Peter Straughan,"Bridget O'Connor, Peter Straughan","nm2091799,nm1661186",,,,,,2011
84,2011,Writing,WRITING (Original Screenplay),WRITING (Original Screenplay),an0367894,The Artist,tt1655442,Written by Michel Hazanavicius,Michel Hazanavicius,nm0371890,,,,,,2011
84,2011,Writing,WRITING (Original Screenplay),WRITING (Original Screenplay),an0367895,Bridesmaids,tt1478338,Written by Annie Mumolo & Kristen Wiig,"Annie Mumolo, Kristen Wiig","nm1754239,nm1325419",,,,,,2011
84,2011,Writing,WRITING (Original Screenplay),WRITING (Original Screenplay),an0367896,Margin Call,tt1615147,Written by J.C. Chandor,J.C. Chandor,nm1170855,,,,,,2011
84,2011,Writing,WRITING (Original Screenplay),WRITING (Original Screenplay),an0367897,Midnight in Paris,tt1605783,Written by Woody Allen,Woody Allen,nm0000095,True,,,,,2011
84,2011,Writing,WRITING (Original Screenplay),WRITING (Original Screenplay),an0367898,A Separation,tt1832382,Written by Asghar Farhadi,Asghar Farhadi,nm1410815,,,,,,2011
85,2012,Acting,ACTOR IN A LEADING ROLE,ACTOR IN A LEADING ROLE,an0428409,Silver Linings Playbook,tt1045658,Bradley Cooper,Bradley Cooper,nm0177896,,Pat,,,,2012
85,2012,Acting,ACTOR IN A LEADING ROLE,ACTOR IN A LEADING ROLE,an0428410,Lincoln,tt0443272,Daniel Day-Lewis,Daniel Day-Lewis,nm0000358,True,Abraham Lincoln,,,,2012
85,2012,Acting,ACTOR IN A LEADING ROLE,ACTOR IN A LEADING ROLE,an0428411,Les Misérables,tt1707386,Hugh Jackman,Hugh Jackman,nm0413168,,Jean Valjean,,,,2012
85,2012,Acting,ACTOR IN A LEADING ROLE,ACTOR IN A LEADING ROLE,an0428412,The Master,tt1560747,Joaquin Phoenix,Joaquin Phoenix,nm0001618,,Freddie Quell,,,,2012
85,2012,Acting,ACTOR IN A LEADING ROLE,ACTOR IN A LEADING ROLE,an0428413,Flight,tt1907668,Denzel Washington,Denzel Washington,nm0000243,,Whip Whitaker,,,,2012
85,2012,Acting,ACTOR IN A SUPPORTING ROLE,ACTOR IN A SUPPORTING ROLE,an0428419,Argo,tt1024648,Alan Arkin,Alan Arkin,nm0000273,,Lester Siegel,,,,2012
85,2012,Acting,ACTOR IN A SUPPORTING ROLE,ACTOR IN A SUPPORTING ROLE,an0428420,Silver Linings Playbook,tt1045658,Robert De Niro,Robert De Niro,nm0000134,,Pat Sr.,,,,2012
85,2012,Acting,ACTOR IN A SUPPORTING ROLE,ACTOR IN A SUPPORTING ROLE,an0428421,The Master,tt1560747,Philip Seymour Hoffman,Philip Seymour Hoffman,nm0000450,,Lancaster Dodd,,,,2012
85,2012,Acting,ACTOR IN A SUPPORTING ROLE,ACTOR IN A SUPPORTING ROLE,an0428422,Lincoln,tt0443272,Tommy Lee Jones,Tommy Lee Jones,nm0000169,,Thaddeus Stevens,,,,2012
85,2012,Acting,ACTOR IN A SUPPORTING ROLE,ACTOR IN A SUPPORTING ROLE,an0428423,Django Unchained,tt1853728,Christoph Waltz,Christoph Waltz,nm0910607,True,Dr. King Schultz,,,,2012
85,2012,Acting,ACTRESS IN A LEADING ROLE,ACTRESS IN A LEADING ROLE,an0428414,Zero Dark Thirty,tt1790885,Jessica Chastain,Jessica Chastain,nm1567113,,Maya,,,,2012
85,2012,Acting,ACTRESS IN A LEADING ROLE,ACTRESS IN A LEADING ROLE,an0428415,Silver Linings Playbook,tt1045658,Jennifer Lawrence,Jennifer Lawrence,nm2225369,True,Tiffany,,,,2012
85,2012,Acting,ACTRESS IN A LEADING ROLE,ACTRESS IN A LEADING ROLE,an0428416,Amour,tt1602620,Emmanuelle Riva,Emmanuelle Riva,nm0728938,,Anne,,,,2012
85,2012,Acting,ACTRESS IN A LEADING ROLE,ACTRESS IN A LEADING ROLE,an0428417,Beasts of the Southern Wild,tt2125435,Quvenzhané Wallis,Quvenzhané Wallis,nm4832920,,Hushpuppy,,,,2012
85,2012,Acting,ACTRESS IN A LEADING ROLE,ACTRESS IN A LEADING ROLE,an0428418,The Impossible,tt1649419,Naomi Watts,Naomi Watts,nm0915208,,Maria,,,,2012
85,2012,Acting,ACTRESS IN A SUPPORTING ROLE,ACTRESS IN A SUPPORTING ROLE,an0428424,The Master,tt1560747,Amy Adams,Amy Adams,nm0010736,,Peggy Dodd,,,,2012
85,2012,Acting,ACTRESS IN A SUPPORTING ROLE,ACTRESS IN A SUPPORTING ROLE,an0428425,Lincoln,tt0443272,Sally Field,Sally Field,nm0000398,,Mary Todd Lincoln,,,,2012
85,2012,Acting,ACTRESS IN A SUPPORTING ROLE,ACTRESS IN A SUPPORTING ROLE,an0428426,Les Misérables,tt1707386,Anne Hathaway,Anne Hathaway,nm0004266,True,Fantine,,,,2012
85,2012,Acting,ACTRESS IN A SUPPORTING ROLE,ACTRESS IN A SUPPORTING ROLE,an0428427,The Sessions,tt1866249,Helen Hunt,Helen Hunt,nm0000166,,Cheryl,,,,2012
85,2012,Acting,ACTRESS IN A SUPPORTING ROLE,ACTRESS IN A SUPPORTING ROLE,an0428428,Silver Linings Playbook,tt1045658,Jacki Weaver,Jacki Weaver,nm0915865,,Dolores,,,,2012
85,2012,Title,ANIMATED FEATURE FILM,ANIMATED FEATURE FILM,an0428444,Brave,tt1217209,Mark Andrews and Brenda Chapman,"Mark Andrews, Brenda Chapman","nm0028764,nm0152312",True,,,,,2012
85,2012,Title,ANIMATED FEATURE FILM,ANIMATED FEATURE FILM,an0428445,Frankenweenie,tt1142977,Tim Burton,Tim Burton,nm0000318,,,,,,2012
85,2012,Title,ANIMATED FEATURE FILM,ANIMATED FEATURE FILM,an0428446,ParaNorman,tt1623288,Sam Fell and Chris Butler,"Sam Fell, Chris Butler","nm0271402,nm2752098",,,,,,2012
85,2012,Title,ANIMATED FEATURE FILM,ANIMATED FEATURE FILM,an0428447,The Pirates! Band of Misfits,tt1430626,Peter Lord,Peter Lord,nm0520485,,,,,,2012
85,2012,Title,ANIMATED FEATURE FILM,ANIMATED FEATURE FILM,an0428448,Wreck-It Ralph,tt1772341,Rich Moore,Rich Moore,nm0601781,,,,,,2012
85,2012,Production,CINEMATOGRAPHY,CINEMATOGRAPHY,an0428454,Anna Karenina,tt1781769,Seamus McGarvey,Seamus McGarvey,nm0568974,,,,,,2012
85,2012,Production,CINEMATOGRAPHY,CINEMATOGRAPHY,an0428455,Django Unchained,tt1853728,Robert Richardson,Robert Richardson,nm0724744,,,,,,2012
85,2012,Production,CINEMATOGRAPHY,CINEMATOGRAPHY,an0428456,Life of Pi,tt0454876,Claudio Miranda,Claudio Miranda,nm0592073,True,,,,,2012
85,2012,Production,CINEMATOGRAPHY,CINEMATOGRAPHY,an0428457,Lincoln,tt0443272,Janusz Kaminski,Janusz Kaminski,nm0001405,,,,,,2012
85,2012,Production,CINEMATOGRAPHY,CINEMATOGRAPHY,an0428458,Skyfall,tt1074638,Roger Deakins,Roger Deakins,nm0005683,,,,,,2012
85,2012,Production,COSTUME DESIGN,COSTUME DESIGN,an0428469,Anna Karenina,tt1781769,Jacqueline Durran,Jacqueline Durran,nm0244330,True,,,,,2012
85,2012,Production,COSTUME DESIGN,COSTUME DESIGN,an0428470,Les Misérables,tt1707386,Paco Delgado,Paco Delgado,nm0214625,,,,,,2012
85,2012,Production,COSTUME DESIGN,COSTUME DESIGN,an0428471,Lincoln,tt0443272,Joanna Johnston,Joanna Johnston,nm0426693,,,,,,2012
85,2012,Production,COSTUME DESIGN,COSTUME DESIGN,an0428472,Mirror Mirror,tt1667353,Eiko Ishioka,Eiko Ishioka,nm0411130,,,,,,2012
85,2012,Production,COSTUME DESIGN,COSTUME DESIGN,an0428473,Snow White and the Huntsman,tt1735898,Colleen Atwood,Colleen Atwood,nm0041181,,,,,,2012
85,2012,Directing,DIRECTING,DIRECTING,an0428429,Amour,tt1602620,Michael Haneke,Michael Haneke,nm0359734,,,,,,2012
85,2012,Directing,DIRECTING,DIRECTING,an0428433,Beasts of the Southern Wild,tt2125435,Benh Zeitlin,Benh Zeitlin,nm1022455,,,,,,2012
85,2012,Directing,DIRECTING,DIRECTING,an0428430,Life of Pi,tt0454876,Ang Lee,Ang Lee,nm0000487,True,,,,,2012
85,2012,Directing,DIRECTING,DIRECTING,an0428432,Lincoln,tt0443272,Steven Spielberg,Steven Spielberg,nm0000229,,,,,,2012
85,2012,Directing,DIRECTING,DIRECTING,an0428431,Silver Linings Playbook,tt1045658,David O. Russell,David O. Russell,nm0751102,,,,,,2012
85,2012,Title,DOCUMENTARY (Feature),DOCUMENTARY (Feature),an0428502,5 Broken Cameras,tt2125423,Emad Burnat and Guy Davidi,"Emad Burnat, Guy Davidi","nm4796818,nm1519079",,,,,,2012
85,2012,Title,DOCUMENTARY (Feature),DOCUMENTARY (Feature),an0428503,The Gatekeepers,tt2309788,"Dror Moreh, Philippa Kowarsky and Estelle Fialon","Dror Moreh, Philippa Kowarsky, Estelle Fialon","nm0603466,nm0997268,nm4287643",,,,,,2012
85,2012,Title,DOCUMENTARY (Feature),DOCUMENTARY (Feature),an0428504,How to Survive a Plague,tt2124803,David France and Howard Gertler,"David France, Howard Gertler","nm0289800,nm0314971",,,,,,2012
85,2012,Title,DOCUMENTARY (Feature),DOCUMENTARY (Feature),an0428505,The Invisible War,tt2120152,Kirby Dick and Amy Ziering,"Kirby Dick, Amy Ziering","nm0225269,nm0463039",,,,,,2012
85,2012,Title,DOCUMENTARY (Feature),DOCUMENTARY (Feature),an0428506,Searching for Sugar Man,tt2125608,Malik Bendjelloul and Simon Chinn,"Malik Bendjelloul, Simon Chinn","nm0070594,nm1187711",True,,,,,2012
85,2012,Title,DOCUMENTARY (Short Subject),DOCUMENTARY (Short Subject),an0428507,Inocente,tt2123210,Sean Fine and Andrea Nix Fine,"Sean Fine, Andrea Nix Fine","nm0277658,nm2107225",True,,,,,2012
85,2012,Title,DOCUMENTARY (Short Subject),DOCUMENTARY (Short Subject),an0428508,Kings Point,tt2109153,Sari Gilman and Jedd Wider,"Sari Gilman, Jedd Wider","nm1020490,nm0927086",,,,,,2012
85,2012,Title,DOCUMENTARY (Short Subject),DOCUMENTARY (Short Subject),an0428509,Mondays at Racine,tt2083264,Cynthia Wade and Robin Honan,"Cynthia Wade, Robin Honan","nm1106629,nm1976219",,,,,,2012
85,2012,Title,DOCUMENTARY (Short Subject),DOCUMENTARY (Short Subject),an0428510,Open Heart,tt2348322,Kief Davidson and Cori Shepherd Stern,"Kief Davidson, Cori Shepherd Stern","nm0203400,nm3765886",,,,,,2012
85,2012,Title,DOCUMENTARY (Short Subject),DOCUMENTARY (Short Subject),an0428511,Redemption,tt2201886,Jon Alpert and Matthew O'Neill,"Jon Alpert, Matthew O'Neill","nm0022412,nm2268713",,,,,,2012
85,2012,Production,FILM EDITING,FILM EDITING,an0428459,Argo,tt1024648,William Goldenberg,William Goldenberg,nm0325549,True,,,,,2012
85,2012,Production,FILM EDITING,FILM EDITING,an0428460,Life of Pi,tt0454876,Tim Squyres,Tim Squyres,nm0820163,,,,,,2012
85,2012,Production,FILM EDITING,FILM EDITING,an0428461,Lincoln,tt0443272,Michael Kahn,Michael Kahn,nm0434883,,,,,,2012
85,2012,Production,FILM EDITING,FILM EDITING,an0428462,Silver Linings Playbook,tt1045658,Jay Cassidy and Crispin Struthers,"Jay Cassidy, Crispin Struthers","nm0144203,nm0835370",,,,,,2012
85,2012,Production,FILM EDITING,FILM EDITING,an0428463,Zero Dark Thirty,tt1790885,Dylan Tichenor and William Goldenberg,"Dylan Tichenor, William Goldenberg","nm0862664,nm0325549",,,,,,2012
85,2012,Title,INTERNATIONAL FEATURE FILM,FOREIGN LANGUAGE FILM,an0428449,Amour,tt1602620,Austria,,,True,,,,,2012
85,2012,Title,INTERNATIONAL FEATURE FILM,FOREIGN LANGUAGE FILM,an0428453,Kon-Tiki,tt1613750,Norway,,,,,,,,2012
85,2012,Title,INTERNATIONAL FEATURE FILM,FOREIGN LANGUAGE FILM,an0428451,No,tt2059255,Chile,,,,,,,,2012
85,2012,Title,INTERNATIONAL FEATURE FILM,FOREIGN LANGUAGE FILM,an0428452,A Royal Affair,tt1276419,Denmark,,,,,,,,2012
85,2012,Title,INTERNATIONAL FEATURE FILM,FOREIGN LANGUAGE FILM,an0428450,War Witch,tt1820488,Canada,,,,,,,,2012
85,2012,Production,MAKEUP AND HAIRSTYLING,MAKEUP AND HAIRSTYLING,an0428474,Hitchcock,tt0975645,"Howard Berger, Peter Montagna and Martin Samuel","Howard Berger, Peter Montagna, Martin Samuel","nm0074205,nm0598713,nm0760407",,,,,,2012
85,2012,Production,MAKEUP AND HAIRSTYLING,MAKEUP AND HAIRSTYLING,an0428475,The Hobbit: An Unexpected Journey,tt0903624,"Peter Swords King, Rick Findlater and Tami Lane","Peter Swords King, Rick Findlater, Tami Lane","nm0455135,nm0277515,nm0485577",,,,,,2012
85,2012,Production,MAKEUP AND HAIRSTYLING,MAKEUP AND HAIRSTYLING,an0428476,Les Misérables,tt1707386,Lisa Westcott and Julie Dartnell,"Lisa Westcott, Julie Dartnell","nm0922509,nm0201757",True,,,,,2012
85,2012,Music,MUSIC (Original Score),MUSIC (Original Score),an0428477,Anna Karenina,tt1781769,Dario Marianelli,Dario Marianelli,nm0547050,,,,,,2012
85,2012,Music,MUSIC (Original Score),MUSIC (Original Score),an0428478,Argo,tt1024648,Alexandre Desplat,Alexandre Desplat,nm0006035,,,,,,2012
85,2012,Music,MUSIC (Original Score),MUSIC (Original Score),an0428479,Life of Pi,tt0454876,Mychael Danna,Mychael Danna,nm0002217,True,,,,,2012
85,2012,Music,MUSIC (Original Score),MUSIC (Original Score),an0428480,Lincoln,tt0443272,John Williams,John Williams,nm0002354,,,,,,2012
85,2012,Music,MUSIC (Original Score),MUSIC (Original Score),an0428481,Skyfall,tt1074638,Thomas Newman,Thomas Newman,nm0002353,,,,,,2012
85,2012,Music,MUSIC (Original Song),MUSIC (Original Song),an0428482,Chasing Ice,tt1579361,Music and Lyric by J. Ralph,J. Ralph,nm0707775,,Before My Time,,,,2012
85,2012,Music,MUSIC (Original Song),MUSIC (Original Song),an0428595,Ted,tt1637725,Music by Walter Murphy; Lyric by Seth MacFarlane,"Walter Murphy, Seth MacFarlane","nm0614774,nm0532235",,Everybody Needs A Best Friend,,,,2012
85,2012,Music,MUSIC (Original Song),MUSIC (Original Song),an0428596,Life of Pi,tt0454876,Music by Mychael Danna; Lyric by Bombay Jayashri,"Mychael Danna, Bombay Jayashri","nm0002217,nm1425113",,Pi's Lullaby,,,,2012
85,2012,Music,MUSIC (Original Song),MUSIC (Original Song),an0428485,Skyfall,tt1074638,Music and Lyric by Adele Adkins and Paul Epworth,"Adele Adkins, Paul Epworth","nm2233157,nm2059375",True,Skyfall,,,,2012
85,2012,Music,MUSIC (Original Song),MUSIC (Original Song),an0428597,Les Misérables,tt1707386,Music by Claude-Michel Schönberg; Lyric by Herbert Kretzmer and Alain Boublil,"Claude-Michel Schönberg, Herbert Kretzmer, Alain Boublil","nm0774744,nm0471014,nm0098842",,Suddenly,,,,2012
85,2012,Title,BEST PICTURE,BEST PICTURE,an0428400,Amour,tt1602620,"Margaret Menegoz, Stefan Arndt, Veit Heiduschka and Michael Katz, Producers","Margaret Menegoz, Stefan Arndt, Veit Heiduschka, Michael Katz","nm0617705,nm0036155,nm0374002,nm0441798",,,,,,2012
85,2012,Title,BEST PICTURE,BEST PICTURE,an0428401,Argo,tt1024648,"Grant Heslov, Ben Affleck and George Clooney, Producers","Grant Heslov, Ben Affleck, George Clooney","nm0381416,nm0000255,nm0000123",True,,,,,2012
85,2012,Title,BEST PICTURE,BEST PICTURE,an0428402,Beasts of the Southern Wild,tt2125435,"Dan Janvey, Josh Penn and Michael Gottwald, Producers","Dan Janvey, Josh Penn, Michael Gottwald","nm1885766,nm3017255,nm1886653",,,,,,2012
85,2012,Title,BEST PICTURE,BEST PICTURE,an0428403,Django Unchained,tt1853728,"Stacey Sher, Reginald Hudlin and Pilar Savone, Producers","Stacey Sher, Reginald Hudlin, Pilar Savone","nm0792049,nm0399737,nm0767894",,,,,,2012
85,2012,Title,BEST PICTURE,BEST PICTURE,an0428404,Les Misérables,tt1707386,"Tim Bevan, Eric Fellner, Debra Hayward and Cameron Mackintosh, Producers","Tim Bevan, Eric Fellner, Debra Hayward, Cameron Mackintosh","nm0079677,nm0271479,nm0371735,nm0533583",,,,,,2012
85,2012,Title,BEST PICTURE,BEST PICTURE,an0428405,Life of Pi,tt0454876,"Gil Netter, Ang Lee and David Womark, Producers","Gil Netter, Ang Lee, David Womark","nm0626696,nm0000487,nm0003720",,,,,,2012
85,2012,Title,BEST PICTURE,BEST PICTURE,an0428406,Lincoln,tt0443272,"Steven Spielberg and Kathleen Kennedy, Producers","Steven Spielberg, Kathleen Kennedy","nm0000229,nm0005086",,,,,,2012
85,2012,Title,BEST PICTURE,BEST PICTURE,an0428407,Silver Linings Playbook,tt1045658,"Donna Gigliotti, Bruce Cohen and Jonathan Gordon, Producers","Donna Gigliotti, Bruce Cohen, Jonathan Gordon","nm0317642,nm0169260,nm0330335",,,,,,2012
85,2012,Title,BEST PICTURE,BEST PICTURE,an0428408,Zero Dark Thirty,tt1790885,"Mark Boal, Kathryn Bigelow and Megan Ellison, Producers","Mark Boal, Kathryn Bigelow, Megan Ellison","nm1676793,nm0000941,nm2691892",,,,,,2012
85,2012,Production,ART DIRECTION,PRODUCTION DESIGN,an0428598,Anna Karenina,tt1781769,Production Design: Sarah Greenwood; Set Decoration: Katie Spencer,"Sarah Greenwood, Katie Spencer","nm0339391,nm0818005",,,,,,2012
85,2012,Production,ART DIRECTION,PRODUCTION DESIGN,an0428599,The Hobbit: An Unexpected Journey,tt0903624,Production Design: Dan Hennah; Set Decoration: Ra Vincent and Simon Bright,"Dan Hennah, Ra Vincent, Simon Bright","nm0377172,nm1308151,nm0109186",,,,,,2012
85,2012,Production,ART DIRECTION,PRODUCTION DESIGN,an0428600,Les Misérables,tt1707386,Production Design: Eve Stewart; Set Decoration: Anna Lynch-Robinson,"Eve Stewart, Anna Lynch-Robinson","nm0829378,nm0528498",,,,,,2012
85,2012,Production,ART DIRECTION,PRODUCTION DESIGN,an0428601,Life of Pi,tt0454876,Production Design: David Gropman; Set Decoration: Anna Pinnock,"David Gropman, Anna Pinnock","nm0343222,nm0003519",,,,,,2012
85,2012,Production,ART DIRECTION,PRODUCTION DESIGN,an0428602,Lincoln,tt0443272,Production Design: Rick Carter; Set Decoration: Jim Erickson,"Rick Carter, Jim Erickson","nm0141437,nm1075312",True,,,,,2012
85,2012,Title,SHORT FILM (Animated),SHORT FILM (Animated),an0428512,Adam and Dog,tt2162565,Minkyu Lee,Minkyu Lee,nm3767356,,,,,,2012
85,2012,Title,SHORT FILM (Animated),SHORT FILM (Animated),an0428513,Fresh Guacamole,tt2309977,PES,PES,nm1396934,,,,,,2012
85,2012,Title,SHORT FILM (Animated),SHORT FILM (Animated),an0428514,Head over Heels,tt2391009,Timothy Reckart and Fodhla Cronin O'Reilly,"Timothy Reckart, Fodhla Cronin O'Reilly","nm3302450,nm2154065",,,,,,2012
85,2012,Title,SHORT FILM (Animated),SHORT FILM (Animated),an0428516,"Maggie Simpson in \""The Longest Daycare\""",tt2175842,David Silverman,David Silverman,nm0798899,,,,,,2012
85,2012,Title,SHORT FILM (Animated),SHORT FILM (Animated),an0428515,Paperman,tt2388725,John Kahrs,John Kahrs,nm0434969,True,,,,,2012
85,2012,Title,SHORT FILM (Live Action),SHORT FILM (Live Action),an0428517,Asad,tt2136747,Bryan Buckley and Mino Jarjoura,"Bryan Buckley, Mino Jarjoura","nm1519252,nm3802523",,,,,,2012
85,2012,Title,SHORT FILM (Live Action),SHORT FILM (Live Action),an0428518,Buzkashi Boys,tt2133304,Sam French and Ariel Nasr,"Sam French, Ariel Nasr","nm2125396,nm2393874",,,,,,2012
85,2012,Title,SHORT FILM (Live Action),SHORT FILM (Live Action),an0428519,Curfew,tt2088735,Shawn Christensen,Shawn Christensen,nm0159900,True,,,,,2012
85,2012,Title,SHORT FILM (Live Action),SHORT FILM (Live Action),an0428520,Death of a Shadow (Dood van een Schaduw),tt2312702,Tom Van Avermaet and Ellen De Waele,"Tom Van Avermaet, Ellen De Waele","nm2429966,nm1743520",,,,,,2012
85,2012,Title,SHORT FILM (Live Action),SHORT FILM (Live Action),an0428521,Henry,tt2004244,Yan England,Yan England,nm0257471,,,,,,2012
85,2012,Production,SOUND EDITING,SOUND EDITING,an0428492,Argo,tt1024648,Erik Aadahl and Ethan Van der Ryn,"Erik Aadahl, Ethan Van der Ryn","nm0007321,nm0886399",,,,,,2012
85,2012,Production,SOUND EDITING,SOUND EDITING,an0428493,Django Unchained,tt1853728,Wylie Stateman,Wylie Stateman,nm0823758,,,,,,2012
85,2012,Production,SOUND EDITING,SOUND EDITING,an0428494,Life of Pi,tt0454876,Eugene Gearty and Philip Stockton,"Eugene Gearty, Philip Stockton","nm0311267,nm0830958",,,,,,2012
85,2012,Production,SOUND EDITING,SOUND EDITING,an0428495,Skyfall,tt1074638,Per Hallberg and Karen Baker Landers,"Per Hallberg, Karen Baker Landers","nm0356319,nm0048623",True,,NOTE: A tie. The other winning film in this category was Zero Dark Thirty.,,,2012
85,2012,Production,SOUND EDITING,SOUND EDITING,an0428496,Zero Dark Thirty,tt1790885,Paul N.J. Ottosson,Paul N.J. Ottosson,nm0653338,True,,NOTE: A tie. The other winning film in this category was Skyfall.,,,2012
85,2012,Production,SOUND MIXING,SOUND MIXING,an0428487,Argo,tt1024648,"John Reitz, Gregg Rudloff and Jose Antonio Garcia","John Reitz, Gregg Rudloff, Jose Antonio Garcia","nm0718676,nm0748832,nm0306223",,,,,,2012
85,2012,Production,SOUND MIXING,SOUND MIXING,an0428488,Les Misérables,tt1707386,"Andy Nelson, Mark Paterson and Simon Hayes","Andy Nelson, Mark Paterson, Simon Hayes","nm0625144,nm2296910,nm1536532",True,,,,,2012
85,2012,Production,SOUND MIXING,SOUND MIXING,an0428489,Life of Pi,tt0454876,"Ron Bartlett, D.M. Hemphill and Drew Kunin","Ron Bartlett, D.M. Hemphill, Drew Kunin","nm0058897,nm0376153,nm0475168",,,,,,2012
85,2012,Production,SOUND MIXING,SOUND MIXING,an0428490,Lincoln,tt0443272,"Andy Nelson, Gary Rydstrom and Ronald Judkins","Andy Nelson, Gary Rydstrom, Ronald Judkins","nm0625144,nm0003977,nm0431954",,,,,,2012
85,2012,Production,SOUND MIXING,SOUND MIXING,an0428491,Skyfall,tt1074638,"Scott Millan, Greg P. Russell and Stuart Wilson","Scott Millan, Greg P. Russell, Stuart Wilson","nm0586793,nm0751169,nm0934184",,,,,,2012
85,2012,Production,VISUAL EFFECTS,VISUAL EFFECTS,an0428498,The Hobbit: An Unexpected Journey,tt0903624,"Joe Letteri, Eric Saindon, David Clayton and R. Christopher White","Joe Letteri, Eric Saindon, David Clayton, R. Christopher White","nm0504784,nm0756590,nm2238085,nm0925341",,,,,,2012
85,2012,Production,VISUAL EFFECTS,VISUAL EFFECTS,an0428499,Life of Pi,tt0454876,"Bill Westenhofer, Guillaume Rocheron, Erik-Jan De Boer and Donald R. Elliott","Bill Westenhofer, Guillaume Rocheron, Erik-Jan De Boer, Donald R. Elliott","nm0922543,nm1806981,nm0207487,nm0254433",True,,,,,2012
85,2012,Production,VISUAL EFFECTS,VISUAL EFFECTS,an0428497,Marvel's The Avengers,tt0848228,"Janek Sirrs, Jeff White, Guy Williams and Dan Sudick","Janek Sirrs, Jeff White, Guy Williams, Dan Sudick","nm0802938,nm1578635,nm1401413,nm0837203",,,,,,2012
85,2012,Production,VISUAL EFFECTS,VISUAL EFFECTS,an0428500,Prometheus,tt1446714,"Richard Stammers, Trevor Wood, Charley Henley and Martin Hill","Richard Stammers, Trevor Wood, Charley Henley, Martin Hill","nm0821868,nm0940058,nm0377111,nm2243342",,,,,,2012
85,2012,Production,VISUAL EFFECTS,VISUAL EFFECTS,an0428501,Snow White and the Huntsman,tt1735898,"Cedric Nicolas-Troyan, Philip Brennan, Neil Corbould and Michael Dawson","Cedric Nicolas-Troyan, Philip Brennan, Neil Corbould, Michael Dawson","nm1031639,nm1184514,nm0179273,nm0206207",,,,,,2012
85,2012,Writing,WRITING (Adapted Screenplay),WRITING (Adapted Screenplay),an0428439,Argo,tt1024648,Screenplay by Chris Terrio,Chris Terrio,nm0006516,True,,,,,2012
85,2012,Writing,WRITING (Adapted Screenplay),WRITING (Adapted Screenplay),an0428440,Beasts of the Southern Wild,tt2125435,Screenplay by Lucy Alibar & Benh Zeitlin,"Lucy Alibar, Benh Zeitlin","nm3599054,nm1022455",,,,,,2012
85,2012,Writing,WRITING (Adapted Screenplay),WRITING (Adapted Screenplay),an0428441,Life of Pi,tt0454876,Screenplay by David Magee,David Magee,nm1341735,,,,,,2012
85,2012,Writing,WRITING (Adapted Screenplay),WRITING (Adapted Screenplay),an0428442,Lincoln,tt0443272,Screenplay by Tony Kushner,Tony Kushner,nm1065785,,,,,,2012
85,2012,Writing,WRITING (Adapted Screenplay),WRITING (Adapted Screenplay),an0428443,Silver Linings Playbook,tt1045658,Screenplay by David O. Russell,David O. Russell,nm0751102,,,,,,2012
85,2012,Writing,WRITING (Original Screenplay),WRITING (Original Screenplay),an0428434,Amour,tt1602620,Written by Michael Haneke,Michael Haneke,nm0359734,,,,,,2012
85,2012,Writing,WRITING (Original Screenplay),WRITING (Original Screenplay),an0428435,Django Unchained,tt1853728,Written by Quentin Tarantino,Quentin Tarantino,nm0000233,True,,,,,2012
85,2012,Writing,WRITING (Original Screenplay),WRITING (Original Screenplay),an0428436,Flight,tt1907668,Written by John Gatins,John Gatins,nm0309691,,,,,,2012
85,2012,Writing,WRITING (Original Screenplay),WRITING (Original Screenplay),an0428437,Moonrise Kingdom,tt1748122,Written by Wes Anderson & Roman Coppola,"Wes Anderson, Roman Coppola","nm0027572,nm0178910",,,,,,2012
85,2012,Writing,WRITING (Original Screenplay),WRITING (Original Screenplay),an0428438,Zero Dark Thirty,tt1790885,Written by Mark Boal,Mark Boal,nm1676793,,,,,,2012
86,2013,Acting,ACTOR IN A LEADING ROLE,ACTOR IN A LEADING ROLE,an0481745,American Hustle,tt1800241,Christian Bale,Christian Bale,nm0000288,,Irving Rosenfeld,,,,2013
86,2013,Acting,ACTOR IN A LEADING ROLE,ACTOR IN A LEADING ROLE,an0481746,Nebraska,tt1821549,Bruce Dern,Bruce Dern,nm0001136,,Woody Grant,,,,2013
86,2013,Acting,ACTOR IN A LEADING ROLE,ACTOR IN A LEADING ROLE,an0481747,The Wolf of Wall Street,tt0993846,Leonardo DiCaprio,Leonardo DiCaprio,nm0000138,,Jordan Belfort,,,,2013
86,2013,Acting,ACTOR IN A LEADING ROLE,ACTOR IN A LEADING ROLE,an0481748,12 Years a Slave,tt2024544,Chiwetel Ejiofor,Chiwetel Ejiofor,nm0252230,,Solomon Northup,,,,2013
86,2013,Acting,ACTOR IN A LEADING ROLE,ACTOR IN A LEADING ROLE,an0481749,Dallas Buyers Club,tt0790636,Matthew McConaughey,Matthew McConaughey,nm0000190,True,Ron Woodroof,,,,2013
86,2013,Acting,ACTOR IN A SUPPORTING ROLE,ACTOR IN A SUPPORTING ROLE,an0481755,Captain Phillips,tt1535109,Barkhad Abdi,Barkhad Abdi,nm5831542,,Muse,,,,2013
86,2013,Acting,ACTOR IN A SUPPORTING ROLE,ACTOR IN A SUPPORTING ROLE,an0481756,American Hustle,tt1800241,Bradley Cooper,Bradley Cooper,nm0177896,,Richie DiMaso,,,,2013
86,2013,Acting,ACTOR IN A SUPPORTING ROLE,ACTOR IN A SUPPORTING ROLE,an0481757,12 Years a Slave,tt2024544,Michael Fassbender,Michael Fassbender,nm1055413,,Edwin Epps,,,,2013
86,2013,Acting,ACTOR IN A SUPPORTING ROLE,ACTOR IN A SUPPORTING ROLE,an0481758,The Wolf of Wall Street,tt0993846,Jonah Hill,Jonah Hill,nm1706767,,Donnie Azoff,,,,2013
86,2013,Acting,ACTOR IN A SUPPORTING ROLE,ACTOR IN A SUPPORTING ROLE,an0481759,Dallas Buyers Club,tt0790636,Jared Leto,Jared Leto,nm0001467,True,Rayon,,,,2013
86,2013,Acting,ACTRESS IN A LEADING ROLE,ACTRESS IN A LEADING ROLE,an0481750,American Hustle,tt1800241,Amy Adams,Amy Adams,nm0010736,,Sydney Prosser,,,,2013
86,2013,Acting,ACTRESS IN A LEADING ROLE,ACTRESS IN A LEADING ROLE,an0481751,Blue Jasmine,tt2334873,Cate Blanchett,Cate Blanchett,nm0000949,True,Jasmine,,,,2013
86,2013,Acting,ACTRESS IN A LEADING ROLE,ACTRESS IN A LEADING ROLE,an0481752,Gravity,tt1454468,Sandra Bullock,Sandra Bullock,nm0000113,,Ryan Stone,,,,2013
86,2013,Acting,ACTRESS IN A LEADING ROLE,ACTRESS IN A LEADING ROLE,an0481753,Philomena,tt2431286,Judi Dench,Judi Dench,nm0001132,,Philomena,,,,2013
86,2013,Acting,ACTRESS IN A LEADING ROLE,ACTRESS IN A LEADING ROLE,an0481754,August: Osage County,tt1322269,Meryl Streep,Meryl Streep,nm0000658,,Violet Weston,,,,2013
86,2013,Acting,ACTRESS IN A SUPPORTING ROLE,ACTRESS IN A SUPPORTING ROLE,an0481760,Blue Jasmine,tt2334873,Sally Hawkins,Sally Hawkins,nm1020089,,Ginger,,,,2013
86,2013,Acting,ACTRESS IN A SUPPORTING ROLE,ACTRESS IN A SUPPORTING ROLE,an0481761,American Hustle,tt1800241,Jennifer Lawrence,Jennifer Lawrence,nm2225369,,Rosalyn Rosenfeld,,,,2013
86,2013,Acting,ACTRESS IN A SUPPORTING ROLE,ACTRESS IN A SUPPORTING ROLE,an0481762,12 Years a Slave,tt2024544,Lupita Nyong'o,Lupita Nyong'o,nm2143282,True,Patsey,,,,2013
86,2013,Acting,ACTRESS IN A SUPPORTING ROLE,ACTRESS IN A SUPPORTING ROLE,an0481763,August: Osage County,tt1322269,Julia Roberts,Julia Roberts,nm0000210,,Barbara Weston,,,,2013
86,2013,Acting,ACTRESS IN A SUPPORTING ROLE,ACTRESS IN A SUPPORTING ROLE,an0481764,Nebraska,tt1821549,June Squibb,June Squibb,nm0820053,,Kate Grant,,,,2013
86,2013,Title,ANIMATED FEATURE FILM,ANIMATED FEATURE FILM,an0481765,The Croods,tt0481499,"Chris Sanders, Kirk DeMicco and Kristine Belson","Chris Sanders, Kirk DeMicco, Kristine Belson","nm0761498,nm0210320,nm0069549",,,,,,2013
86,2013,Title,ANIMATED FEATURE FILM,ANIMATED FEATURE FILM,an0481766,Despicable Me 2,tt1690953,"Chris Renaud, Pierre Coffin and Chris Meledandri","Chris Renaud, Pierre Coffin, Chris Meledandri","nm0719208,nm1853544,nm0577560",,,,,,2013
86,2013,Title,ANIMATED FEATURE FILM,ANIMATED FEATURE FILM,an0481767,Ernest & Celestine,tt1816518,Benjamin Renner and Didier Brunner,"Benjamin Renner, Didier Brunner","nm2883649,nm0116369",,,,,,2013
86,2013,Title,ANIMATED FEATURE FILM,ANIMATED FEATURE FILM,an0481768,Frozen,tt2294629,"Chris Buck, Jennifer Lee and Peter Del Vecho","Chris Buck, Jennifer Lee, Peter Del Vecho","nm0118333,nm1601644,nm1275326",True,,,,,2013
86,2013,Title,ANIMATED FEATURE FILM,ANIMATED FEATURE FILM,an0481769,The Wind Rises,tt2013293,Hayao Miyazaki and Toshio Suzuki,"Hayao Miyazaki, Toshio Suzuki","nm0594503,nm0840699",,,,,,2013
86,2013,Production,CINEMATOGRAPHY,CINEMATOGRAPHY,an0481770,The Grandmaster,tt1462900,Philippe Le Sourd,Philippe Le Sourd,nm0494628,,,,,,2013
86,2013,Production,CINEMATOGRAPHY,CINEMATOGRAPHY,an0481771,Gravity,tt1454468,Emmanuel Lubezki,Emmanuel Lubezki,nm0523881,True,,,,,2013
86,2013,Production,CINEMATOGRAPHY,CINEMATOGRAPHY,an0481772,Inside Llewyn Davis,tt2042568,Bruno Delbonnel,Bruno Delbonnel,nm0216632,,,,,,2013
86,2013,Production,CINEMATOGRAPHY,CINEMATOGRAPHY,an0481773,Nebraska,tt1821549,Phedon Papamichael,Phedon Papamichael,nm0003659,,,,,,2013
86,2013,Production,CINEMATOGRAPHY,CINEMATOGRAPHY,an0481774,Prisoners,tt1392214,Roger A. Deakins,Roger A. Deakins,nm0005683,,,,,,2013
86,2013,Production,COSTUME DESIGN,COSTUME DESIGN,an0481775,American Hustle,tt1800241,Michael Wilkinson,Michael Wilkinson,nm0929452,,,,,,2013
86,2013,Production,COSTUME DESIGN,COSTUME DESIGN,an0481776,The Grandmaster,tt1462900,William Chang Suk Ping,William Chang Suk Ping,nm0151858,,,,,,2013
86,2013,Production,COSTUME DESIGN,COSTUME DESIGN,an0481777,The Great Gatsby,tt1343092,Catherine Martin,Catherine Martin,nm0552039,True,,,,,2013
86,2013,Production,COSTUME DESIGN,COSTUME DESIGN,an0481778,The Invisible Woman,tt1700845,Michael O'Connor,Michael O'Connor,nm0640445,,,,,,2013
86,2013,Production,COSTUME DESIGN,COSTUME DESIGN,an0481779,12 Years a Slave,tt2024544,Patricia Norris,Patricia Norris,nm0635876,,,,,,2013
86,2013,Directing,DIRECTING,DIRECTING,an0481780,American Hustle,tt1800241,David O. Russell,David O. Russell,nm0751102,,,,,,2013
86,2013,Directing,DIRECTING,DIRECTING,an0481781,Gravity,tt1454468,Alfonso Cuarón,Alfonso Cuarón,nm0190859,True,,,,,2013
86,2013,Directing,DIRECTING,DIRECTING,an0481782,Nebraska,tt1821549,Alexander Payne,Alexander Payne,nm0668247,,,,,,2013
86,2013,Directing,DIRECTING,DIRECTING,an0481783,12 Years a Slave,tt2024544,Steve McQueen,Steve McQueen,nm2588606,,,,,,2013
86,2013,Directing,DIRECTING,DIRECTING,an0481784,The Wolf of Wall Street,tt0993846,Martin Scorsese,Martin Scorsese,nm0000217,,,,,,2013
86,2013,Title,DOCUMENTARY (Feature),DOCUMENTARY (Feature),an0481785,The Act of Killing,tt2375605,Joshua Oppenheimer and Signe Byrge Sørensen,"Joshua Oppenheimer, Signe Byrge Sørensen","nm1484791,nm1718147",,,,,,2013
86,2013,Title,DOCUMENTARY (Feature),DOCUMENTARY (Feature),an0481786,Cutie and the Boxer,tt2355540,Zachary Heinzerling and Lydia Dean Pilcher,"Zachary Heinzerling, Lydia Dean Pilcher","nm2784978,nm0212990",,,,,,2013
86,2013,Title,DOCUMENTARY (Feature),DOCUMENTARY (Feature),an0481787,Dirty Wars,tt2532528,Richard Rowley and Jeremy Scahill,"Richard Rowley, Jeremy Scahill","nm0746823,nm1568139",,,,,,2013
86,2013,Title,DOCUMENTARY (Feature),DOCUMENTARY (Feature),an0481788,The Square,tt2486682,Jehane Noujaim and Karim Amer,"Jehane Noujaim, Karim Amer","nm0636675,nm5255757",,,,,,2013
86,2013,Title,DOCUMENTARY (Feature),DOCUMENTARY (Feature),an0488287,20 Feet from Stardom,tt2396566,"Morgan Neville, Gil Friesen and Caitrin Rogers","Morgan Neville, Gil Friesen, Caitrin Rogers","nm1365879,nm0295648,nm2868934",True,,,,,2013
86,2013,Title,DOCUMENTARY (Short Subject),DOCUMENTARY (Short Subject),an0481790,CaveDigger,tt2516860,Jeffrey Karoff,Jeffrey Karoff,nm5366058,,,,,,2013
86,2013,Title,DOCUMENTARY (Short Subject),DOCUMENTARY (Short Subject),an0481791,Facing Fear,tt2776636,Jason Cohen,Jason Cohen,nm0169474,,,,,,2013
86,2013,Title,DOCUMENTARY (Short Subject),DOCUMENTARY (Short Subject),an0481792,Karama Has No Walls,tt2551790,Sara Ishaq,Sara Ishaq,nm5390809,,,,,,2013
86,2013,Title,DOCUMENTARY (Short Subject),DOCUMENTARY (Short Subject),an0481793,The Lady in Number 6: Music Saved My Life,tt2924484,Malcolm Clarke and Nicholas Reed,"Malcolm Clarke, Nicholas Reed","nm0164885,nm3760504",True,,,,,2013
86,2013,Title,DOCUMENTARY (Short Subject),DOCUMENTARY (Short Subject),an0481794,Prison Terminal: The Last Days of Private Jack Hall,tt3145026,Edgar Barens,Edgar Barens,nm4767836,,,,,,2013
86,2013,Production,FILM EDITING,FILM EDITING,an0481795,American Hustle,tt1800241,"Jay Cassidy, Crispin Struthers and Alan Baumgarten","Jay Cassidy, Crispin Struthers, Alan Baumgarten","nm0144203,nm0835370,nm0062328",,,,,,2013
86,2013,Production,FILM EDITING,FILM EDITING,an0481796,Captain Phillips,tt1535109,Christopher Rouse,Christopher Rouse,nm0002582,,,,,,2013
86,2013,Production,FILM EDITING,FILM EDITING,an0481797,Dallas Buyers Club,tt0790636,John Mac McMurphy and Martin Pensa,"John Mac McMurphy, Martin Pensa","nm0885249,nm3819839",,,,,,2013
86,2013,Production,FILM EDITING,FILM EDITING,an0481798,Gravity,tt1454468,Alfonso Cuarón and Mark Sanger,"Alfonso Cuarón, Mark Sanger","nm0190859,nm0002747",True,,,,,2013
86,2013,Production,FILM EDITING,FILM EDITING,an0481799,12 Years a Slave,tt2024544,Joe Walker,Joe Walker,nm0907863,,,,,,2013
86,2013,Title,INTERNATIONAL FEATURE FILM,FOREIGN LANGUAGE FILM,an0481800,The Broken Circle Breakdown,tt2024519,Belgium,,,,,,,,2013
86,2013,Title,INTERNATIONAL FEATURE FILM,FOREIGN LANGUAGE FILM,an0481801,The Great Beauty,tt2358891,Italy,,,True,,,,,2013
86,2013,Title,INTERNATIONAL FEATURE FILM,FOREIGN LANGUAGE FILM,an0481802,The Hunt,tt2106476,Denmark,,,,,,,,2013
86,2013,Title,INTERNATIONAL FEATURE FILM,FOREIGN LANGUAGE FILM,an0481803,The Missing Picture,tt2852470,Cambodia,,,,,,,,2013
86,2013,Title,INTERNATIONAL FEATURE FILM,FOREIGN LANGUAGE FILM,an0481804,Omar,tt2852406,Palestine,,,,,,,,2013
86,2013,Production,MAKEUP AND HAIRSTYLING,MAKEUP AND HAIRSTYLING,an0481805,Dallas Buyers Club,tt0790636,Adruitha Lee and Robin Mathews,"Adruitha Lee, Robin Mathews","nm0496759,nm0560165",True,,,,,2013
86,2013,Production,MAKEUP AND HAIRSTYLING,MAKEUP AND HAIRSTYLING,an0481806,Jackass Presents: Bad Grandpa,tt3063516,Stephen Prouty,Stephen Prouty,nm0698990,,,,,,2013
86,2013,Production,MAKEUP AND HAIRSTYLING,MAKEUP AND HAIRSTYLING,an0481807,The Lone Ranger,tt1210819,Joel Harlow and Gloria Pasqua-Casny,"Joel Harlow, Gloria Pasqua-Casny","nm0363355,nm0664675",,,,,,2013
86,2013,Music,MUSIC (Original Score),MUSIC (Original Score),an0481808,The Book Thief,tt0816442,John Williams,John Williams,nm0002354,,,,,,2013
86,2013,Music,MUSIC (Original Score),MUSIC (Original Score),an0481809,Gravity,tt1454468,Steven Price,Steven Price,nm1888527,True,,,,,2013
86,2013,Music,MUSIC (Original Score),MUSIC (Original Score),an0481810,Her,tt1798709,William Butler and Owen Pallett,"William Butler, Owen Pallett","nm1372622,nm2564754",,,,,,2013
86,2013,Music,MUSIC (Original Score),MUSIC (Original Score),an0481811,Philomena,tt2431286,Alexandre Desplat,Alexandre Desplat,nm0006035,,,,,,2013
86,2013,Music,MUSIC (Original Score),MUSIC (Original Score),an0481812,Saving Mr. Banks,tt2140373,Thomas Newman,Thomas Newman,nm0002353,,,,,,2013
86,2013,Music,MUSIC (Original Song),MUSIC (Original Song),an0481813,Alone Yet Not Alone,tt1986769,Music by Bruce Broughton; Lyric by Dennis Spiegel,"Bruce Broughton, Dennis Spiegel","nm0005976,nm0818525",,Alone Yet Not Alone,"NOTE: THIS IS NOT AN OFFICIAL NOMINATION. After the nominations were announced on January 16, 2014, it was determined that Mr. Broughton had taken actions in promoting the song that were inconsistent with the Academy's campaign regulations. The Board of Governors voted to rescind the nomination on January 29, and only four songs were included on the final ballot.",,,2013
86,2013,Music,MUSIC (Original Song),MUSIC (Original Song),an0481814,Despicable Me 2,tt1690953,Music and Lyric by Pharrell Williams,Pharrell Williams,nm1214289,,Happy,,,,2013
86,2013,Music,MUSIC (Original Song),MUSIC (Original Song),an0481815,Frozen,tt2294629,Music and Lyric by Kristen Anderson-Lopez and Robert Lopez,"Kristen Anderson-Lopez, Robert Lopez","nm2844448,nm0520188",True,Let It Go,,,,2013
86,2013,Music,MUSIC (Original Song),MUSIC (Original Song),an0481856,Her,tt1798709,Music by Karen O; Lyric by Karen O and Spike Jonze,"Karen O, Spike Jonze","nm1760393,nm0005069",,The Moon Song,,,,2013
86,2013,Music,MUSIC (Original Song),MUSIC (Original Song),an0481857,Mandela: Long Walk to Freedom,tt2304771,"Music by Paul Hewson, Dave Evans, Adam Clayton and Larry Mullen; Lyric by Paul Hewson","Paul Hewson, Dave Evans, Adam Clayton, Larry Mullen","nm0095104,nm0857253,nm0165651,nm0611979",,Ordinary Love,,,,2013
86,2013,Title,BEST PICTURE,BEST PICTURE,an0481630,American Hustle,tt1800241,"Charles Roven, Richard Suckle, Megan Ellison and Jonathan Gordon, Producers","Charles Roven, Richard Suckle, Megan Ellison, Jonathan Gordon","nm0746273,nm0837112,nm2691892,nm0330335",,,,,,2013
86,2013,Title,BEST PICTURE,BEST PICTURE,an0481632,Captain Phillips,tt1535109,"Scott Rudin, Dana Brunetti and Michael De Luca, Producers","Scott Rudin, Dana Brunetti, Michael De Luca","nm0748784,nm0116232,nm0006894",,,,,,2013
86,2013,Title,BEST PICTURE,BEST PICTURE,an0481634,Dallas Buyers Club,tt0790636,"Robbie Brenner and Rachel Winter, Producers","Robbie Brenner, Rachel Winter","nm0107509,nm0292647",,,,,,2013
86,2013,Title,BEST PICTURE,BEST PICTURE,an0481636,Gravity,tt1454468,"Alfonso Cuarón and David Heyman, Producers","Alfonso Cuarón, David Heyman","nm0190859,nm0382268",,,,,,2013
86,2013,Title,BEST PICTURE,BEST PICTURE,an0481638,Her,tt1798709,"Megan Ellison, Spike Jonze and Vincent Landay, Producers","Megan Ellison, Spike Jonze, Vincent Landay","nm2691892,nm0005069,nm0484504",,,,,,2013
86,2013,Title,BEST PICTURE,BEST PICTURE,an0481631,Nebraska,tt1821549,"Albert Berger and Ron Yerxa, Producers","Albert Berger, Ron Yerxa","nm0074100,nm0947695",,,,,,2013
86,2013,Title,BEST PICTURE,BEST PICTURE,an0481633,Philomena,tt2431286,"Gabrielle Tana, Steve Coogan and Tracey Seaward, Producers","Gabrielle Tana, Steve Coogan, Tracey Seaward","nm0848932,nm0176869,nm0780870",,,,,,2013
86,2013,Title,BEST PICTURE,BEST PICTURE,an0481635,12 Years a Slave,tt2024544,"Brad Pitt, Dede Gardner, Jeremy Kleiner, Steve McQueen and Anthony Katagas, Producers","Brad Pitt, Dede Gardner, Jeremy Kleiner, Steve McQueen, Anthony Katagas","nm0000093,nm0306890,nm1250070,nm2588606,nm0441097",True,,,,,2013
86,2013,Title,BEST PICTURE,BEST PICTURE,an0482880,The Wolf of Wall Street,tt0993846,"Martin Scorsese, Leonardo DiCaprio, Joey McFarland and Emma Tillinger Koskoff, Producers","Martin Scorsese, Leonardo DiCaprio, Joey McFarland, Emma Tillinger Koskoff","nm0000217,nm0000138,nm2110175,nm0863374",,,,,,2013
86,2013,Production,ART DIRECTION,PRODUCTION DESIGN,an0481858,American Hustle,tt1800241,Production Design: Judy Becker; Set Decoration: Heather Loeffler,"Judy Becker, Heather Loeffler","nm0065473,nm1346736",,,,,,2013
86,2013,Production,ART DIRECTION,PRODUCTION DESIGN,an0481859,Gravity,tt1454468,Production Design: Andy Nicholson; Set Decoration: Rosie Goodwin and Joanne Woollard,"Andy Nicholson, Rosie Goodwin, Joanne Woollard","nm0629772,nm2532784,nm0941219",,,,,,2013
86,2013,Production,ART DIRECTION,PRODUCTION DESIGN,an0481860,The Great Gatsby,tt1343092,Production Design: Catherine Martin; Set Decoration: Beverley Dunn,"Catherine Martin, Beverley Dunn","nm0552039,nm1427646",True,,,,,2013
86,2013,Production,ART DIRECTION,PRODUCTION DESIGN,an0481861,Her,tt1798709,Production Design: K.K. Barrett; Set Decoration: Gene Serdena,"K.K. Barrett, Gene Serdena","nm0057187,nm0784922",,,,,,2013
86,2013,Production,ART DIRECTION,PRODUCTION DESIGN,an0481862,12 Years a Slave,tt2024544,Production Design: Adam Stockhausen; Set Decoration: Alice Baker,"Adam Stockhausen, Alice Baker","nm1360914,nm0048212",,,,,,2013
86,2013,Title,SHORT FILM (Animated),SHORT FILM (Animated),an0481863,Feral,tt2499022,Daniel Sousa and Dan Golden,"Daniel Sousa, Dan Golden","nm1009789,nm3196711",,,,,,2013
86,2013,Title,SHORT FILM (Animated),SHORT FILM (Animated),an0481864,Get a Horse!,tt2980764,Lauren MacMullan and Dorothy McKim,"Lauren MacMullan, Dorothy McKim","nm0534041,nm1545668",,,,,,2013
86,2013,Title,SHORT FILM (Animated),SHORT FILM (Animated),an0481865,Mr. Hublot,tt3043542,Laurent Witz and Alexandre Espigares,"Laurent Witz, Alexandre Espigares","nm5793837,nm3115348",True,,,,,2013
86,2013,Title,SHORT FILM (Animated),SHORT FILM (Animated),an0481866,Possessions,tt3080074,Shuhei Morita,Shuhei Morita,nm1557215,,,,,,2013
86,2013,Title,SHORT FILM (Animated),SHORT FILM (Animated),an0481867,Room on the Broom,tt2484120,Max Lang and Jan Lachauer,"Max Lang, Jan Lachauer","nm3495071,nm3936610",,,,,,2013
86,2013,Title,SHORT FILM (Live Action),SHORT FILM (Live Action),an0481868,Aquel No Era Yo (That Wasn't Me),tt2372213,Esteban Crespo,Esteban Crespo,nm1878916,,,,,,2013
86,2013,Title,SHORT FILM (Live Action),SHORT FILM (Live Action),an0481869,Avant Que De Tout Perdre (Just before Losing Everything),tt2689992,Xavier Legrand and Alexandre Gavras,"Xavier Legrand, Alexandre Gavras","nm0499488,nm0308009",,,,,,2013
86,2013,Title,SHORT FILM (Live Action),SHORT FILM (Live Action),an0481870,Helium,tt3346410,Anders Walter and Kim Magnusson,"Anders Walter, Kim Magnusson","nm2225334,nm0536385",True,,,,,2013
86,2013,Title,SHORT FILM (Live Action),SHORT FILM (Live Action),an0481871,Pitääkö Mun Kaikki Hoitaa? (Do I Have to Take Care of Everything?),tt2256646,Selma Vilhunen and Kirsikka Saari,"Selma Vilhunen, Kirsikka Saari","nm1437990,nm2798718",,,,,,2013
86,2013,Title,SHORT FILM (Live Action),SHORT FILM (Live Action),an0481872,The Voorman Problem,tt1998355,Mark Gill and Baldwin Li,"Mark Gill, Baldwin Li","nm4317210,nm3172989",,,,,,2013
86,2013,Production,SOUND EDITING,SOUND EDITING,an0481873,All Is Lost,tt2017038,Steve Boeddeker and Richard Hymns,"Steve Boeddeker, Richard Hymns","nm0006655,nm0405232",,,,,,2013
86,2013,Production,SOUND EDITING,SOUND EDITING,an0481874,Captain Phillips,tt1535109,Oliver Tarney,Oliver Tarney,nm0850549,,,,,,2013
86,2013,Production,SOUND EDITING,SOUND EDITING,an0481875,Gravity,tt1454468,Glenn Freemantle,Glenn Freemantle,nm0293634,True,,,,,2013
86,2013,Production,SOUND EDITING,SOUND EDITING,an0492281,The Hobbit: The Desolation of Smaug,tt1170358,Brent Burge and Chris Ward,"Brent Burge, Chris Ward","nm0121151,nm0911446",,,,,,2013
86,2013,Production,SOUND EDITING,SOUND EDITING,an0492282,Lone Survivor,tt1091191,Wylie Stateman,Wylie Stateman,nm0823758,,,,,,2013
86,2013,Production,SOUND MIXING,SOUND MIXING,an0481878,Captain Phillips,tt1535109,"Chris Burdon, Mark Taylor, Mike Prestwood Smith and Chris Munro","Chris Burdon, Mark Taylor, Mike Prestwood Smith, Chris Munro","nm0121006,nm0852837,nm0696523,nm0613101",,,,,,2013
86,2013,Production,SOUND MIXING,SOUND MIXING,an0481879,Gravity,tt1454468,"Skip Lievsay, Niv Adiri, Christopher Benstead and Chris Munro","Skip Lievsay, Niv Adiri, Christopher Benstead, Chris Munro","nm0509792,nm1866364,nm1666163,nm0613101",True,,,,,2013
86,2013,Production,SOUND MIXING,SOUND MIXING,an0481880,The Hobbit: The Desolation of Smaug,tt1170358,"Christopher Boyes, Michael Hedges, Michael Semanick and Tony Johnson","Christopher Boyes, Michael Hedges, Michael Semanick, Tony Johnson","nm0102110,nm0373276,nm0783713,nm0426357",,,,,,2013
86,2013,Production,SOUND MIXING,SOUND MIXING,an0481881,Inside Llewyn Davis,tt2042568,"Skip Lievsay, Greg Orloff and Peter F. Kurland","Skip Lievsay, Greg Orloff, Peter F. Kurland","nm0509792,nm0650088,nm0004212",,,,,,2013
86,2013,Production,SOUND MIXING,SOUND MIXING,an0481882,Lone Survivor,tt1091191,"Andy Koyama, Beau Borders and David Brownlow","Andy Koyama, Beau Borders, David Brownlow","nm0468701,nm0003311,nm0115244",,,,,,2013
86,2013,Production,VISUAL EFFECTS,VISUAL EFFECTS,an0481883,Gravity,tt1454468,"Tim Webber, Chris Lawrence, David Shirk and Neil Corbould","Tim Webber, Chris Lawrence, David Shirk, Neil Corbould","nm0916449,nm1165856,nm1874068,nm0179273",True,,,,,2013
86,2013,Production,VISUAL EFFECTS,VISUAL EFFECTS,an0481884,The Hobbit: The Desolation of Smaug,tt1170358,"Joe Letteri, Eric Saindon, David Clayton and Eric Reynolds","Joe Letteri, Eric Saindon, David Clayton, Eric Reynolds","nm0504784,nm0756590,nm2238085,nm0721708",,,,,,2013
86,2013,Production,VISUAL EFFECTS,VISUAL EFFECTS,an0481885,Iron Man 3,tt1300854,"Christopher Townsend, Guy Williams, Erik Nash and Dan Sudick","Christopher Townsend, Guy Williams, Erik Nash, Dan Sudick","nm0870102,nm1401413,nm0621716,nm0837203",,,,,,2013
86,2013,Production,VISUAL EFFECTS,VISUAL EFFECTS,an0481886,The Lone Ranger,tt1210819,"Tim Alexander, Gary Brozenich, Edson Williams and John Frazier","Tim Alexander, Gary Brozenich, Edson Williams, John Frazier","nm0018780,nm1819614,nm0930510,nm0292594",,,,,,2013
86,2013,Production,VISUAL EFFECTS,VISUAL EFFECTS,an0481887,Star Trek Into Darkness,tt1408101,"Roger Guyett, Patrick Tubach, Ben Grossmann and Burt Dalton","Roger Guyett, Patrick Tubach, Ben Grossmann, Burt Dalton","nm0004361,nm0875604,nm1322973,nm0198245",,,,,,2013
86,2013,Writing,WRITING (Adapted Screenplay),WRITING (Adapted Screenplay),an0481888,Before Midnight,tt2209418,"Written by Richard Linklater, Julie Delpy, Ethan Hawke","Richard Linklater, Julie Delpy, Ethan Hawke","nm0000500,nm0000365,nm0000160",,,,,,2013
86,2013,Writing,WRITING (Adapted Screenplay),WRITING (Adapted Screenplay),an0481889,Captain Phillips,tt1535109,Screenplay by Billy Ray,Billy Ray,nm0712753,,,,,,2013
86,2013,Writing,WRITING (Adapted Screenplay),WRITING (Adapted Screenplay),an0481890,Philomena,tt2431286,Screenplay by Steve Coogan and Jeff Pope,"Steve Coogan, Jeff Pope","nm0176869,nm0691131",,,,,,2013
86,2013,Writing,WRITING (Adapted Screenplay),WRITING (Adapted Screenplay),an0481891,12 Years a Slave,tt2024544,Screenplay by John Ridley,John Ridley,nm0725983,True,,,,,2013
86,2013,Writing,WRITING (Adapted Screenplay),WRITING (Adapted Screenplay),an0481892,The Wolf of Wall Street,tt0993846,Screenplay by Terence Winter,Terence Winter,nm1010540,,,,,,2013
86,2013,Writing,WRITING (Original Screenplay),WRITING (Original Screenplay),an0481893,American Hustle,tt1800241,Written by Eric Warren Singer and David O. Russell,"Eric Warren Singer, David O. Russell","nm2545235,nm0751102",,,,,,2013
86,2013,Writing,WRITING (Original Screenplay),WRITING (Original Screenplay),an0481894,Blue Jasmine,tt2334873,Written by Woody Allen,Woody Allen,nm0000095,,,,,,2013
86,2013,Writing,WRITING (Original Screenplay),WRITING (Original Screenplay),an0481895,Dallas Buyers Club,tt0790636,Written by Craig Borten & Melisa Wallack,"Craig Borten, Melisa Wallack","nm1258965,nm2214893",,,,,,2013
86,2013,Writing,WRITING (Original Screenplay),WRITING (Original Screenplay),an0481896,Her,tt1798709,Written by Spike Jonze,Spike Jonze,nm0005069,True,,,,,2013
86,2013,Writing,WRITING (Original Screenplay),WRITING (Original Screenplay),an0481897,Nebraska,tt1821549,Written by Bob Nelson,Bob Nelson,nm1504572,,,,,,2013
87,2014,Acting,ACTOR IN A LEADING ROLE,ACTOR IN A LEADING ROLE,an0606465,Foxcatcher,tt1100089,Steve Carell,Steve Carell,nm0136797,,John du Pont,,,,2014
87,2014,Acting,ACTOR IN A LEADING ROLE,ACTOR IN A LEADING ROLE,an0606467,American Sniper,tt2179136,Bradley Cooper,Bradley Cooper,nm0177896,,Chris Kyle,,,,2014
87,2014,Acting,ACTOR IN A LEADING ROLE,ACTOR IN A LEADING ROLE,an0606466,The Imitation Game,tt2084970,Benedict Cumberbatch,Benedict Cumberbatch,nm1212722,,Alan Turing,,,,2014
87,2014,Acting,ACTOR IN A LEADING ROLE,ACTOR IN A LEADING ROLE,an0606468,Birdman or (The Unexpected Virtue of Ignorance),tt2562232,Michael Keaton,Michael Keaton,nm0000474,,Riggan,,,,2014
87,2014,Acting,ACTOR IN A LEADING ROLE,ACTOR IN A LEADING ROLE,an0606469,The Theory of Everything,tt2980516,Eddie Redmayne,Eddie Redmayne,nm1519666,True,Stephen Hawking,,,,2014
87,2014,Acting,ACTOR IN A SUPPORTING ROLE,ACTOR IN A SUPPORTING ROLE,an0606475,The Judge,tt1872194,Robert Duvall,Robert Duvall,nm0000380,,Joseph Palmer,,,,2014
87,2014,Acting,ACTOR IN A SUPPORTING ROLE,ACTOR IN A SUPPORTING ROLE,an0606476,Boyhood,tt1065073,Ethan Hawke,Ethan Hawke,nm0000160,,Dad,,,,2014
87,2014,Acting,ACTOR IN A SUPPORTING ROLE,ACTOR IN A SUPPORTING ROLE,an0606477,Birdman or (The Unexpected Virtue of Ignorance),tt2562232,Edward Norton,Edward Norton,nm0001570,,Mike,,,,2014
87,2014,Acting,ACTOR IN A SUPPORTING ROLE,ACTOR IN A SUPPORTING ROLE,an0606478,Foxcatcher,tt1100089,Mark Ruffalo,Mark Ruffalo,nm0749263,,David Schultz,,,,2014
87,2014,Acting,ACTOR IN A SUPPORTING ROLE,ACTOR IN A SUPPORTING ROLE,an0606479,Whiplash,tt2582802,J.K. Simmons,J.K. Simmons,nm0799777,True,Fletcher,,,,2014
87,2014,Acting,ACTRESS IN A LEADING ROLE,ACTRESS IN A LEADING ROLE,an0606470,"Two Days, One Night",tt2737050,Marion Cotillard,Marion Cotillard,nm0182839,,Sandra,,,,2014
87,2014,Acting,ACTRESS IN A LEADING ROLE,ACTRESS IN A LEADING ROLE,an0606471,The Theory of Everything,tt2980516,Felicity Jones,Felicity Jones,nm0428065,,Jane Hawking,,,,2014
87,2014,Acting,ACTRESS IN A LEADING ROLE,ACTRESS IN A LEADING ROLE,an0606473,Still Alice,tt3316960,Julianne Moore,Julianne Moore,nm0000194,True,Alice Howland,,,,2014
87,2014,Acting,ACTRESS IN A LEADING ROLE,ACTRESS IN A LEADING ROLE,an0606472,Gone Girl,tt2267998,Rosamund Pike,Rosamund Pike,nm0683253,,Amy Dunne,,,,2014
87,2014,Acting,ACTRESS IN A LEADING ROLE,ACTRESS IN A LEADING ROLE,an0606474,Wild,tt2305051,Reese Witherspoon,Reese Witherspoon,nm0000702,,Cheryl,,,,2014
87,2014,Acting,ACTRESS IN A SUPPORTING ROLE,ACTRESS IN A SUPPORTING ROLE,an0606480,Boyhood,tt1065073,Patricia Arquette,Patricia Arquette,nm0000099,True,Mom,,,,2014
87,2014,Acting,ACTRESS IN A SUPPORTING ROLE,ACTRESS IN A SUPPORTING ROLE,an0606481,Wild,tt2305051,Laura Dern,Laura Dern,nm0000368,,Bobbi,,,,2014
87,2014,Acting,ACTRESS IN A SUPPORTING ROLE,ACTRESS IN A SUPPORTING ROLE,an0606482,The Imitation Game,tt2084970,Keira Knightley,Keira Knightley,nm0461136,,Joan Clarke,,,,2014
87,2014,Acting,ACTRESS IN A SUPPORTING ROLE,ACTRESS IN A SUPPORTING ROLE,an0606483,Birdman or (The Unexpected Virtue of Ignorance),tt2562232,Emma Stone,Emma Stone,nm1297015,,Sam,,,,2014
87,2014,Acting,ACTRESS IN A SUPPORTING ROLE,ACTRESS IN A SUPPORTING ROLE,an0606484,Into the Woods,tt2180411,Meryl Streep,Meryl Streep,nm0000658,,Witch,,,,2014
87,2014,Title,ANIMATED FEATURE FILM,ANIMATED FEATURE FILM,an0611287,Big Hero 6,tt2245084,"Don Hall, Chris Williams and Roy Conli","Don Hall, Chris Williams, Roy Conli","nm2320658,nm0930261,nm0174807",True,,,,,2014
87,2014,Title,ANIMATED FEATURE FILM,ANIMATED FEATURE FILM,an0611288,The Boxtrolls,tt0787474,"Anthony Stacchi, Graham Annable and Travis Knight","Anthony Stacchi, Graham Annable, Travis Knight","nm0820934,nm0030253,nm1325899",,,,,,2014
87,2014,Title,ANIMATED FEATURE FILM,ANIMATED FEATURE FILM,an0611289,How to Train Your Dragon 2,tt1646971,Dean DeBlois and Bonnie Arnold,"Dean DeBlois, Bonnie Arnold","nm0213450,nm0036366",,,,,,2014
87,2014,Title,ANIMATED FEATURE FILM,ANIMATED FEATURE FILM,an0611290,Song of the Sea,tt1865505,Tomm Moore and Paul Young,"Tomm Moore, Paul Young","nm1119079,nm2727721",,,,,,2014
87,2014,Title,ANIMATED FEATURE FILM,ANIMATED FEATURE FILM,an0611291,The Tale of the Princess Kaguya,tt2576852,Isao Takahata and Yoshiaki Nishimura,"Isao Takahata, Yoshiaki Nishimura","nm0847223,nm2052679",,,,,,2014
87,2014,Production,CINEMATOGRAPHY,CINEMATOGRAPHY,an0606510,Birdman or (The Unexpected Virtue of Ignorance),tt2562232,Emmanuel Lubezki,Emmanuel Lubezki,nm0523881,True,,,,,2014
87,2014,Production,CINEMATOGRAPHY,CINEMATOGRAPHY,an0606511,The Grand Budapest Hotel,tt2278388,Robert Yeoman,Robert Yeoman,nm0005934,,,,,,2014
87,2014,Production,CINEMATOGRAPHY,CINEMATOGRAPHY,an0606514,Ida,tt2718492,Lukasz Zal and Ryszard Lenczewski,"Lukasz Zal, Ryszard Lenczewski","nm2617994,nm0501755",,,,,,2014
87,2014,Production,CINEMATOGRAPHY,CINEMATOGRAPHY,an0606512,Mr. Turner,tt2473794,Dick Pope,Dick Pope,nm0005836,,,,,,2014
87,2014,Production,CINEMATOGRAPHY,CINEMATOGRAPHY,an0606513,Unbroken,tt1809398,Roger Deakins,Roger Deakins,nm0005683,,,,,,2014
87,2014,Production,COSTUME DESIGN,COSTUME DESIGN,an0606525,The Grand Budapest Hotel,tt2278388,Milena Canonero,Milena Canonero,nm0134382,True,,,,,2014
87,2014,Production,COSTUME DESIGN,COSTUME DESIGN,an0606526,Inherent Vice,tt1791528,Mark Bridges,Mark Bridges,nm0108775,,,,,,2014
87,2014,Production,COSTUME DESIGN,COSTUME DESIGN,an0606527,Into the Woods,tt2180411,Colleen Atwood,Colleen Atwood,nm0041181,,,,,,2014
87,2014,Production,COSTUME DESIGN,COSTUME DESIGN,an0606528,Maleficent,tt1587310,Anna B. Sheppard,Anna B. Sheppard,nm0081318,,,,,,2014
87,2014,Production,COSTUME DESIGN,COSTUME DESIGN,an0606529,Mr. Turner,tt2473794,Jacqueline Durran,Jacqueline Durran,nm0244330,,,,,,2014
87,2014,Directing,DIRECTING,DIRECTING,an0606486,Birdman or (The Unexpected Virtue of Ignorance),tt2562232,Alejandro G. Iñárritu,Alejandro G. Iñárritu,nm0327944,True,,,,,2014
87,2014,Directing,DIRECTING,DIRECTING,an0606485,Boyhood,tt1065073,Richard Linklater,Richard Linklater,nm0000500,,,,,,2014
87,2014,Directing,DIRECTING,DIRECTING,an0606487,Foxcatcher,tt1100089,Bennett Miller,Bennett Miller,nm0587955,,,,,,2014
87,2014,Directing,DIRECTING,DIRECTING,an0606488,The Grand Budapest Hotel,tt2278388,Wes Anderson,Wes Anderson,nm0027572,,,,,,2014
87,2014,Directing,DIRECTING,DIRECTING,an0606489,The Imitation Game,tt2084970,Morten Tyldum,Morten Tyldum,nm0878763,,,,,,2014
87,2014,Title,DOCUMENTARY (Feature),DOCUMENTARY (Feature),an0606558,CitizenFour,tt4044364,"Laura Poitras, Mathilde Bonnefoy and Dirk Wilutzky","Laura Poitras, Mathilde Bonnefoy, Dirk Wilutzky","nm0688636,nm0094850,nm0934406",True,,,,,2014
87,2014,Title,DOCUMENTARY (Feature),DOCUMENTARY (Feature),an0606559,Finding Vivian Maier,tt2714900,John Maloof and Charlie Siskel,"John Maloof, Charlie Siskel","nm5525244,nm0803020",,,,,,2014
87,2014,Title,DOCUMENTARY (Feature),DOCUMENTARY (Feature),an0606560,Last Days in Vietnam,tt3279124,Rory Kennedy and Keven McAlester,"Rory Kennedy, Keven McAlester","nm0448311,nm2222778",,,,,,2014
87,2014,Title,DOCUMENTARY (Feature),DOCUMENTARY (Feature),an0606561,The Salt of the Earth,tt3674140,"Wim Wenders, Juliano Ribeiro Salgado and David Rosier","Wim Wenders, Juliano Ribeiro Salgado, David Rosier","nm0000694,nm2081382,nm6514669",,,,,,2014
87,2014,Title,DOCUMENTARY (Feature),DOCUMENTARY (Feature),an0606562,Virunga,tt3455224,Orlando von Einsiedel and Joanna Natasegara,"Orlando von Einsiedel, Joanna Natasegara","nm3915542,nm3319085",,,,,,2014
87,2014,Title,DOCUMENTARY (Short Subject),DOCUMENTARY (Short Subject),an0606563,Crisis Hotline: Veterans Press 1,tt3449252,Ellen Goosenberg Kent and Dana Perry,"Ellen Goosenberg Kent, Dana Perry","nm0329651,nm0675017",True,,,,,2014
87,2014,Title,DOCUMENTARY (Short Subject),DOCUMENTARY (Short Subject),an0606564,Joanna,tt2976354,Aneta Kopacz,Aneta Kopacz,nm5098826,,,,,,2014
87,2014,Title,DOCUMENTARY (Short Subject),DOCUMENTARY (Short Subject),an0606565,Our Curse,tt3069992,Tomasz Sliwinski and Maciej Slesicki,"Tomasz Sliwinski, Maciej Slesicki","nm4724948,nm0805751",,,,,,2014
87,2014,Title,DOCUMENTARY (Short Subject),DOCUMENTARY (Short Subject),an0606566,The Reaper (La Parka),tt3438472,Gabriel Serra Arguello,Gabriel Serra Arguello,nm4717581,,,,,,2014
87,2014,Title,DOCUMENTARY (Short Subject),DOCUMENTARY (Short Subject),an0606567,White Earth,tt3044564,J. Christian Jensen,J. Christian Jensen,nm2650005,,,,,,2014
87,2014,Production,FILM EDITING,FILM EDITING,an0606519,American Sniper,tt2179136,Joel Cox and Gary D. Roach,"Joel Cox, Gary D. Roach","nm0185088,nm0730013",,,,,,2014
87,2014,Production,FILM EDITING,FILM EDITING,an0606515,Boyhood,tt1065073,Sandra Adair,Sandra Adair,nm0010471,,,,,,2014
87,2014,Production,FILM EDITING,FILM EDITING,an0606517,The Grand Budapest Hotel,tt2278388,Barney Pilling,Barney Pilling,nm1306189,,,,,,2014
87,2014,Production,FILM EDITING,FILM EDITING,an0606516,The Imitation Game,tt2084970,William Goldenberg,William Goldenberg,nm0325549,,,,,,2014
87,2014,Production,FILM EDITING,FILM EDITING,an0606518,Whiplash,tt2582802,Tom Cross,Tom Cross,nm0189285,True,,,,,2014
87,2014,Title,INTERNATIONAL FEATURE FILM,FOREIGN LANGUAGE FILM,an0606506,Ida,tt2718492,Poland,,,True,,,,,2014
87,2014,Title,INTERNATIONAL FEATURE FILM,FOREIGN LANGUAGE FILM,an0606507,Leviathan,tt2802154,Russia,,,,,,,,2014
87,2014,Title,INTERNATIONAL FEATURE FILM,FOREIGN LANGUAGE FILM,an0606505,Tangerines,tt2991224,Estonia,,,,,,,,2014
87,2014,Title,INTERNATIONAL FEATURE FILM,FOREIGN LANGUAGE FILM,an0606509,Timbuktu,tt3409392,Mauritania,,,,,,,,2014
87,2014,Title,INTERNATIONAL FEATURE FILM,FOREIGN LANGUAGE FILM,an0606508,Wild Tales,tt3011894,Argentina,,,,,,,,2014
87,2014,Production,MAKEUP AND HAIRSTYLING,MAKEUP AND HAIRSTYLING,an0606530,Foxcatcher,tt1100089,Bill Corso and Dennis Liddiard,"Bill Corso, Dennis Liddiard","nm0181134,nm0509187",,,,,,2014
87,2014,Production,MAKEUP AND HAIRSTYLING,MAKEUP AND HAIRSTYLING,an0606531,The Grand Budapest Hotel,tt2278388,Frances Hannon and Mark Coulier,"Frances Hannon, Mark Coulier","nm0360470,nm0183418",True,,,,,2014
87,2014,Production,MAKEUP AND HAIRSTYLING,MAKEUP AND HAIRSTYLING,an0606532,Guardians of the Galaxy,tt2015381,Elizabeth Yianni-Georgiou and David White,"Elizabeth Yianni-Georgiou, David White","nm0947958,nm0924675",,,,,,2014
87,2014,Music,MUSIC (Original Score),MUSIC (Original Score),an0606534,The Grand Budapest Hotel,tt2278388,Alexandre Desplat,Alexandre Desplat,nm0006035,True,,,,,2014
87,2014,Music,MUSIC (Original Score),MUSIC (Original Score),an0606533,The Imitation Game,tt2084970,Alexandre Desplat,Alexandre Desplat,nm0006035,,,,,,2014
87,2014,Music,MUSIC (Original Score),MUSIC (Original Score),an0606535,Interstellar,tt0816692,Hans Zimmer,Hans Zimmer,nm0001877,,,,,,2014
87,2014,Music,MUSIC (Original Score),MUSIC (Original Score),an0606537,Mr. Turner,tt2473794,Gary Yershon,Gary Yershon,nm0947665,,,,,,2014
87,2014,Music,MUSIC (Original Score),MUSIC (Original Score),an0606536,The Theory of Everything,tt2980516,Jóhann Jóhannsson,Jóhann Jóhannsson,nm0433580,,,,,,2014
87,2014,Music,MUSIC (Original Song),MUSIC (Original Song),an0606540,The Lego Movie,tt1490017,Music and Lyric by Shawn Patterson,Shawn Patterson,nm0666405,,Everything Is Awesome,,,,2014
87,2014,Music,MUSIC (Original Song),MUSIC (Original Song),an0606538,Selma,tt1020072,Music and Lyric by John Stephens and Lonnie Lynn,"John Stephens, Lonnie Lynn","nm1775466,nm0996669",True,Glory,,,,2014
87,2014,Music,MUSIC (Original Song),MUSIC (Original Song),an0606541,Beyond the Lights,tt3125324,Music and Lyric by Diane Warren,Diane Warren,nm0005534,,Grateful,,,,2014
87,2014,Music,MUSIC (Original Song),MUSIC (Original Song),an0606542,Glen Campbell...I'll Be Me,tt2049586,Music and Lyric by Glen Campbell and Julian Raymond,"Glen Campbell, Julian Raymond","nm0004794,nm0713305",,I'm Not Gonna Miss You,,,,2014
87,2014,Music,MUSIC (Original Song),MUSIC (Original Song),an0606539,Begin Again,tt1980929,Music and Lyric by Gregg Alexander and Danielle Brisebois,"Gregg Alexander, Danielle Brisebois","nm1353967,nm0109815",,Lost Stars,,,,2014
87,2014,Title,BEST PICTURE,BEST PICTURE,an0606457,American Sniper,tt2179136,"Clint Eastwood, Robert Lorenz, Andrew Lazar, Bradley Cooper and Peter Morgan, Producers","Clint Eastwood, Robert Lorenz, Andrew Lazar, Bradley Cooper, Peter Morgan","nm0000142,nm0520749,nm0493662,nm0177896,nm0604950",,,,,,2014
87,2014,Title,BEST PICTURE,BEST PICTURE,an0606458,Birdman or (The Unexpected Virtue of Ignorance),tt2562232,"Alejandro G. Iñárritu, John Lesher and James W. Skotchdopole, Producers","Alejandro G. Iñárritu, John Lesher, James W. Skotchdopole","nm0327944,nm0971956,nm0804739",True,,,,,2014
87,2014,Title,BEST PICTURE,BEST PICTURE,an0606459,Boyhood,tt1065073,"Richard Linklater and Cathleen Sutherland, Producers","Richard Linklater, Cathleen Sutherland","nm0000500,nm0840060",,,,,,2014
87,2014,Title,BEST PICTURE,BEST PICTURE,an0606461,The Grand Budapest Hotel,tt2278388,"Wes Anderson, Scott Rudin, Steven Rales and Jeremy Dawson, Producers","Wes Anderson, Scott Rudin, Steven Rales, Jeremy Dawson","nm0027572,nm0748784,nm2262509,nm0206154",,,,,,2014
87,2014,Title,BEST PICTURE,BEST PICTURE,an0606460,The Imitation Game,tt2084970,"Nora Grossman, Ido Ostrowsky and Teddy Schwarzman, Producers","Nora Grossman, Ido Ostrowsky, Teddy Schwarzman","nm3860486,nm1755470,nm3267061",,,,,,2014
87,2014,Title,BEST PICTURE,BEST PICTURE,an0606462,Selma,tt1020072,"Christian Colson, Oprah Winfrey, Dede Gardner and Jeremy Kleiner, Producers","Christian Colson, Oprah Winfrey, Dede Gardner, Jeremy Kleiner","nm1384503,nm0001856,nm0306890,nm1250070",,,,,,2014
87,2014,Title,BEST PICTURE,BEST PICTURE,an0606463,The Theory of Everything,tt2980516,"Tim Bevan, Eric Fellner, Lisa Bruce and Anthony McCarten, Producers","Tim Bevan, Eric Fellner, Lisa Bruce, Anthony McCarten","nm0079677,nm0271479,nm0115537,nm0565026",,,,,,2014
87,2014,Title,BEST PICTURE,BEST PICTURE,an0606464,Whiplash,tt2582802,"Jason Blum, Helen Estabrook and David Lancaster, Producers","Jason Blum, Helen Estabrook, David Lancaster","nm0089658,nm2615685,nm0484123",,,,,,2014
87,2014,Production,ART DIRECTION,PRODUCTION DESIGN,an0616882,The Grand Budapest Hotel,tt2278388,Production Design: Adam Stockhausen; Set Decoration: Anna Pinnock,"Adam Stockhausen, Anna Pinnock","nm1360914,nm0003519",True,,,,,2014
87,2014,Production,ART DIRECTION,PRODUCTION DESIGN,an0616883,The Imitation Game,tt2084970,Production Design: Maria Djurkovic; Set Decoration: Tatiana Macdonald,"Maria Djurkovic, Tatiana Macdonald","nm0229319,nm0526248",,,,,,2014
87,2014,Production,ART DIRECTION,PRODUCTION DESIGN,an0616884,Interstellar,tt0816692,Production Design: Nathan Crowley; Set Decoration: Gary Fettis,"Nathan Crowley, Gary Fettis","nm0189769,nm0275361",,,,,,2014
87,2014,Production,ART DIRECTION,PRODUCTION DESIGN,an0616885,Into the Woods,tt2180411,Production Design: Dennis Gassner; Set Decoration: Anna Pinnock,"Dennis Gassner, Anna Pinnock","nm0309357,nm0003519",,,,,,2014
87,2014,Production,ART DIRECTION,PRODUCTION DESIGN,an0616886,Mr. Turner,tt2473794,Production Design: Suzie Davies; Set Decoration: Charlotte Watts,"Suzie Davies, Charlotte Watts","nm0203990,nm0915117",,,,,,2014
87,2014,Title,SHORT FILM (Animated),SHORT FILM (Animated),an0611292,The Bigger Picture,tt3610188,Daisy Jacobs and Christopher Hees,"Daisy Jacobs, Christopher Hees","nm4441366,nm6372097",,,,,,2014
87,2014,Title,SHORT FILM (Animated),SHORT FILM (Animated),an0611293,The Dam Keeper,tt3326262,Robert Kondo and Dice Tsutsumi,"Robert Kondo, Dice Tsutsumi","nm2937142,nm1156606",,,,,,2014
87,2014,Title,SHORT FILM (Animated),SHORT FILM (Animated),an0611294,Feast,tt3689498,Patrick Osborne and Kristina Reed,"Patrick Osborne, Kristina Reed","nm2444148,nm0715534",True,,,,,2014
87,2014,Title,SHORT FILM (Animated),SHORT FILM (Animated),an0611295,Me and My Moulton,tt3946086,Torill Kove,Torill Kove,nm0468380,,,,,,2014
87,2014,Title,SHORT FILM (Animated),SHORT FILM (Animated),an0611296,A Single Life,tt3838700,Joris Oprins,Joris Oprins,nm1977837,,,,,,2014
87,2014,Title,SHORT FILM (Live Action),SHORT FILM (Live Action),an0606573,Aya,tt2326094,Oded Binnun and Mihal Brezis,"Oded Binnun, Mihal Brezis","nm1729068,nm1729072",,,,,,2014
87,2014,Title,SHORT FILM (Live Action),SHORT FILM (Live Action),an0606574,Boogaloo and Graham,tt3612232,Michael Lennox and Ronan Blaney,"Michael Lennox, Ronan Blaney","nm3156269,nm3905562",,,,,,2014
87,2014,Title,SHORT FILM (Live Action),SHORT FILM (Live Action),an0606575,Butter Lamp (La Lampe Au Beurre De Yak),tt2922078,Hu Wei and Julien Féret,"Hu Wei, Julien Féret","nm5130656,nm0299676",,,,,,2014
87,2014,Title,SHORT FILM (Live Action),SHORT FILM (Live Action),an0606576,Parvaneh,tt3008010,Talkhon Hamzavi and Stefan Eichenberger,"Talkhon Hamzavi, Stefan Eichenberger","nm4422449,nm3022531",,,,,,2014
87,2014,Title,SHORT FILM (Live Action),SHORT FILM (Live Action),an0606577,The Phone Call,tt3071532,Mat Kirkby and James Lucas,"Mat Kirkby, James Lucas","nm2375389,nm5819328",True,,,,,2014
87,2014,Production,SOUND EDITING,SOUND EDITING,an0606548,American Sniper,tt2179136,Alan Robert Murray and Bub Asman,"Alan Robert Murray, Bub Asman","nm0614812,nm0039544",True,,,,,2014
87,2014,Production,SOUND EDITING,SOUND EDITING,an0606549,Birdman or (The Unexpected Virtue of Ignorance),tt2562232,Martín Hernández and Aaron Glascock,"Martín Hernández, Aaron Glascock","nm0380057,nm0321790",,,,,,2014
87,2014,Production,SOUND EDITING,SOUND EDITING,an0606550,The Hobbit: The Battle of the Five Armies,tt2310332,Brent Burge and Jason Canovas,"Brent Burge, Jason Canovas","nm0121151,nm0134417",,,,,,2014
87,2014,Production,SOUND EDITING,SOUND EDITING,an0606551,Interstellar,tt0816692,Richard King,Richard King,nm0455185,,,,,,2014
87,2014,Production,SOUND EDITING,SOUND EDITING,an0606552,Unbroken,tt1809398,Becky Sullivan and Andrew DeCristofaro,"Becky Sullivan, Andrew DeCristofaro","nm0167915,nm0214014",,,,,,2014
87,2014,Production,SOUND MIXING,SOUND MIXING,an0606543,American Sniper,tt2179136,"John Reitz, Gregg Rudloff and Walt Martin","John Reitz, Gregg Rudloff, Walt Martin","nm0718676,nm0748832,nm0553190",,,,,,2014
87,2014,Production,SOUND MIXING,SOUND MIXING,an0606544,Birdman or (The Unexpected Virtue of Ignorance),tt2562232,"Jon Taylor, Frank A. Montaño and Thomas Varga","Jon Taylor, Frank A. Montaño, Thomas Varga","nm0852656,nm0599057,nm0889746",,,,,,2014
87,2014,Production,SOUND MIXING,SOUND MIXING,an0606545,Interstellar,tt0816692,"Gary A. Rizzo, Gregg Landaker and Mark Weingarten","Gary A. Rizzo, Gregg Landaker, Mark Weingarten","nm0729886,nm0484414,nm0918319",,,,,,2014
87,2014,Production,SOUND MIXING,SOUND MIXING,an0606546,Unbroken,tt1809398,"Jon Taylor, Frank A. Montaño and David Lee","Jon Taylor, Frank A. Montaño, David Lee","nm0852656,nm0599057,nm1325883",,,,,,2014
87,2014,Production,SOUND MIXING,SOUND MIXING,an0606547,Whiplash,tt2582802,"Craig Mann, Ben Wilkins and Thomas Curley","Craig Mann, Ben Wilkins, Thomas Curley","nm1023649,nm0929240,nm1093577",True,,,,,2014
87,2014,Production,VISUAL EFFECTS,VISUAL EFFECTS,an0606553,Captain America: The Winter Soldier,tt1843866,"Dan DeLeeuw, Russell Earl, Bryan Grill and Dan Sudick","Dan DeLeeuw, Russell Earl, Bryan Grill, Dan Sudick","nm0216699,nm0247270,nm0341985,nm0837203",,,,,,2014
87,2014,Production,VISUAL EFFECTS,VISUAL EFFECTS,an0606554,Dawn of the Planet of the Apes,tt2103281,"Joe Letteri, Dan Lemmon, Daniel Barrett and Erik Winquist","Joe Letteri, Dan Lemmon, Daniel Barrett, Erik Winquist","nm0504784,nm0501424,nm2280778,nm0935445",,,,,,2014
87,2014,Production,VISUAL EFFECTS,VISUAL EFFECTS,an0606555,Guardians of the Galaxy,tt2015381,"Stephane Ceretti, Nicolas Aithadi, Jonathan Fawkner and Paul Corbould","Stephane Ceretti, Nicolas Aithadi, Jonathan Fawkner, Paul Corbould","nm0148547,nm1212365,nm1000834,nm0179274",,,,,,2014
87,2014,Production,VISUAL EFFECTS,VISUAL EFFECTS,an0606556,Interstellar,tt0816692,"Paul Franklin, Andrew Lockley, Ian Hunter and Scott Fisher","Paul Franklin, Andrew Lockley, Ian Hunter, Scott Fisher","nm0291518,nm0516916,nm0402843,nm0279782",True,,,,,2014
87,2014,Production,VISUAL EFFECTS,VISUAL EFFECTS,an0606557,X-Men: Days of Future Past,tt1877832,"Richard Stammers, Lou Pecora, Tim Crosbie and Cameron Waldbauer","Richard Stammers, Lou Pecora, Tim Crosbie, Cameron Waldbauer","nm0821868,nm1022027,nm0188963,nm0907030",,,,,,2014
87,2014,Writing,WRITING (Adapted Screenplay),WRITING (Adapted Screenplay),an0606495,American Sniper,tt2179136,Written by Jason Hall,Jason Hall,nm0355699,,,,,,2014
87,2014,Writing,WRITING (Adapted Screenplay),WRITING (Adapted Screenplay),an0606497,The Imitation Game,tt2084970,Written by Graham Moore,Graham Moore,nm2441699,True,,,,,2014
87,2014,Writing,WRITING (Adapted Screenplay),WRITING (Adapted Screenplay),an0606496,Inherent Vice,tt1791528,Written for the screen by Paul Thomas Anderson,Paul Thomas Anderson,nm0000759,,,,,,2014
87,2014,Writing,WRITING (Adapted Screenplay),WRITING (Adapted Screenplay),an0606498,The Theory of Everything,tt2980516,Screenplay by Anthony McCarten,Anthony McCarten,nm0565026,,,,,,2014
87,2014,Writing,WRITING (Adapted Screenplay),WRITING (Adapted Screenplay),an0606499,Whiplash,tt2582802,Written by Damien Chazelle,Damien Chazelle,nm3227090,,,,,,2014
87,2014,Writing,WRITING (Original Screenplay),WRITING (Original Screenplay),an0606491,Birdman or (The Unexpected Virtue of Ignorance),tt2562232,"Written by Alejandro G. Iñárritu, Nicolás Giacobone, Alexander Dinelaris, Jr. & Armando Bo","Alejandro G. Iñárritu, Nicolás Giacobone, Alexander Dinelaris Jr., Armando Bo","nm0327944,nm1481172,nm5409486,nm3174584",True,,,,,2014
87,2014,Writing,WRITING (Original Screenplay),WRITING (Original Screenplay),an0606490,Boyhood,tt1065073,Written by Richard Linklater,Richard Linklater,nm0000500,,,,,,2014
87,2014,Writing,WRITING (Original Screenplay),WRITING (Original Screenplay),an0606492,Foxcatcher,tt1100089,Written by E. Max Frye and Dan Futterman,"E. Max Frye, Dan Futterman","nm0296861,nm0001246",,,,,,2014
87,2014,Writing,WRITING (Original Screenplay),WRITING (Original Screenplay),an0616892,The Grand Budapest Hotel,tt2278388,Screenplay by Wes Anderson; Story by Wes Anderson & Hugo Guinness,"Wes Anderson, Hugo Guinness","nm0027572,nm2450453",,,,,,2014
87,2014,Writing,WRITING (Original Screenplay),WRITING (Original Screenplay),an0606494,Nightcrawler,tt2872718,Written by Dan Gilroy,Dan Gilroy,nm0319659,,,,,,2014
88,2015,Acting,ACTOR IN A LEADING ROLE,ACTOR IN A LEADING ROLE,an0704471,Trumbo,tt3203606,Bryan Cranston,Bryan Cranston,nm0186505,,Dalton Trumbo,,,,2015
88,2015,Acting,ACTOR IN A LEADING ROLE,ACTOR IN A LEADING ROLE,an0704475,The Martian,tt3659388,Matt Damon,Matt Damon,nm0000354,,Mark Watney,,,,2015
88,2015,Acting,ACTOR IN A LEADING ROLE,ACTOR IN A LEADING ROLE,an0704472,The Revenant,tt1663202,Leonardo DiCaprio,Leonardo DiCaprio,nm0000138,True,Hugh Glass,,,,2015
88,2015,Acting,ACTOR IN A LEADING ROLE,ACTOR IN A LEADING ROLE,an0704473,Steve Jobs,tt2080374,Michael Fassbender,Michael Fassbender,nm1055413,,Steve Jobs,,,,2015
88,2015,Acting,ACTOR IN A LEADING ROLE,ACTOR IN A LEADING ROLE,an0704474,The Danish Girl,tt0810819,Eddie Redmayne,Eddie Redmayne,nm1519666,,Lili,,,,2015
88,2015,Acting,ACTOR IN A SUPPORTING ROLE,ACTOR IN A SUPPORTING ROLE,an0704485,The Big Short,tt1596363,Christian Bale,Christian Bale,nm0000288,,Michael Burry,,,,2015
88,2015,Acting,ACTOR IN A SUPPORTING ROLE,ACTOR IN A SUPPORTING ROLE,an0704483,The Revenant,tt1663202,Tom Hardy,Tom Hardy,nm0362766,,John Fitzgerald,,,,2015
88,2015,Acting,ACTOR IN A SUPPORTING ROLE,ACTOR IN A SUPPORTING ROLE,an0704484,Spotlight,tt1895587,Mark Ruffalo,Mark Ruffalo,nm0749263,,Mike Rezendes,,,,2015
88,2015,Acting,ACTOR IN A SUPPORTING ROLE,ACTOR IN A SUPPORTING ROLE,an0704481,Bridge of Spies,tt3682448,Mark Rylance,Mark Rylance,nm0753314,True,Rudolf Abel,,,,2015
88,2015,Acting,ACTOR IN A SUPPORTING ROLE,ACTOR IN A SUPPORTING ROLE,an0704482,Creed,tt3076658,Sylvester Stallone,Sylvester Stallone,nm0000230,,Rocky Balboa,,,,2015
88,2015,Acting,ACTRESS IN A LEADING ROLE,ACTRESS IN A LEADING ROLE,an0704476,Carol,tt2402927,Cate Blanchett,Cate Blanchett,nm0000949,,Carol Aird,,,,2015
88,2015,Acting,ACTRESS IN A LEADING ROLE,ACTRESS IN A LEADING ROLE,an0704477,Room,tt3170832,Brie Larson,Brie Larson,nm0488953,True,Ma,,,,2015
88,2015,Acting,ACTRESS IN A LEADING ROLE,ACTRESS IN A LEADING ROLE,an0704479,Joy,tt2446980,Jennifer Lawrence,Jennifer Lawrence,nm2225369,,Joy,,,,2015
88,2015,Acting,ACTRESS IN A LEADING ROLE,ACTRESS IN A LEADING ROLE,an0704480,45 Years,tt3544082,Charlotte Rampling,Charlotte Rampling,nm0001648,,Kate Mercer,,,,2015
88,2015,Acting,ACTRESS IN A LEADING ROLE,ACTRESS IN A LEADING ROLE,an0704478,Brooklyn,tt2381111,Saoirse Ronan,Saoirse Ronan,nm1519680,,Eilis,,,,2015
88,2015,Acting,ACTRESS IN A SUPPORTING ROLE,ACTRESS IN A SUPPORTING ROLE,an0704486,The Hateful Eight,tt3460252,Jennifer Jason Leigh,Jennifer Jason Leigh,nm0000492,,Daisy Domergue,,,,2015
88,2015,Acting,ACTRESS IN A SUPPORTING ROLE,ACTRESS IN A SUPPORTING ROLE,an0704490,Carol,tt2402927,Rooney Mara,Rooney Mara,nm1913734,,Therese Belivet,,,,2015
88,2015,Acting,ACTRESS IN A SUPPORTING ROLE,ACTRESS IN A SUPPORTING ROLE,an0704489,Spotlight,tt1895587,Rachel McAdams,Rachel McAdams,nm1046097,,Sacha Pfeiffer,,,,2015
88,2015,Acting,ACTRESS IN A SUPPORTING ROLE,ACTRESS IN A SUPPORTING ROLE,an0704487,The Danish Girl,tt0810819,Alicia Vikander,Alicia Vikander,nm2539953,True,Gerda,,,,2015
88,2015,Acting,ACTRESS IN A SUPPORTING ROLE,ACTRESS IN A SUPPORTING ROLE,an0704488,Steve Jobs,tt2080374,Kate Winslet,Kate Winslet,nm0000701,,Joanna Hoffman,,,,2015
88,2015,Title,ANIMATED FEATURE FILM,ANIMATED FEATURE FILM,an0704506,Anomalisa,tt2401878,"Charlie Kaufman, Duke Johnson and Rosa Tran","Charlie Kaufman, Duke Johnson, Rosa Tran","nm0442109,nm2122478,nm1533266",,,,,,2015
88,2015,Title,ANIMATED FEATURE FILM,ANIMATED FEATURE FILM,an0704510,Boy and the World,tt3183630,Alê Abreu,Alê Abreu,nm0994245,,,,,,2015
88,2015,Title,ANIMATED FEATURE FILM,ANIMATED FEATURE FILM,an0704507,Inside Out,tt2096673,Pete Docter and Jonas Rivera,"Pete Docter, Jonas Rivera","nm0230032,nm0729304",True,,,,,2015
88,2015,Title,ANIMATED FEATURE FILM,ANIMATED FEATURE FILM,an0704508,Shaun the Sheep Movie,tt2872750,Mark Burton and Richard Starzak,"Mark Burton, Richard Starzak","nm0123666,nm0326450",,,,,,2015
88,2015,Title,ANIMATED FEATURE FILM,ANIMATED FEATURE FILM,an0704509,When Marnie Was There,tt3398268,Hiromasa Yonebayashi and Yoshiaki Nishimura,"Hiromasa Yonebayashi, Yoshiaki Nishimura","nm0948488,nm2052679",,,,,,2015
88,2015,Production,CINEMATOGRAPHY,CINEMATOGRAPHY,an0704516,Carol,tt2402927,Ed Lachman,Ed Lachman,nm0005767,,,,,,2015
88,2015,Production,CINEMATOGRAPHY,CINEMATOGRAPHY,an0704517,The Hateful Eight,tt3460252,Robert Richardson,Robert Richardson,nm0724744,,,,,,2015
88,2015,Production,CINEMATOGRAPHY,CINEMATOGRAPHY,an0704518,Mad Max: Fury Road,tt1392190,John Seale,John Seale,nm0005868,,,,,,2015
88,2015,Production,CINEMATOGRAPHY,CINEMATOGRAPHY,an0704519,The Revenant,tt1663202,Emmanuel Lubezki,Emmanuel Lubezki,nm0523881,True,,,,,2015
88,2015,Production,CINEMATOGRAPHY,CINEMATOGRAPHY,an0704520,Sicario,tt3397884,Roger Deakins,Roger Deakins,nm0005683,,,,,,2015
88,2015,Production,COSTUME DESIGN,COSTUME DESIGN,an0704531,Carol,tt2402927,Sandy Powell,Sandy Powell,nm0694309,,,,,,2015
88,2015,Production,COSTUME DESIGN,COSTUME DESIGN,an0704532,Cinderella,tt1661199,Sandy Powell,Sandy Powell,nm0694309,,,,,,2015
88,2015,Production,COSTUME DESIGN,COSTUME DESIGN,an0704533,The Danish Girl,tt0810819,Paco Delgado,Paco Delgado,nm0214625,,,,,,2015
88,2015,Production,COSTUME DESIGN,COSTUME DESIGN,an0704534,Mad Max: Fury Road,tt1392190,Jenny Beavan,Jenny Beavan,nm0064746,True,,,,,2015
88,2015,Production,COSTUME DESIGN,COSTUME DESIGN,an0704535,The Revenant,tt1663202,Jacqueline West,Jacqueline West,nm0922113,,,,,,2015
88,2015,Directing,DIRECTING,DIRECTING,an0704495,The Big Short,tt1596363,Adam McKay,Adam McKay,nm0570912,,,,,,2015
88,2015,Directing,DIRECTING,DIRECTING,an0704493,Mad Max: Fury Road,tt1392190,George Miller,George Miller,nm0004306,,,,,,2015
88,2015,Directing,DIRECTING,DIRECTING,an0704491,The Revenant,tt1663202,Alejandro G. Iñárritu,Alejandro G. Iñárritu,nm0327944,True,,,,,2015
88,2015,Directing,DIRECTING,DIRECTING,an0704494,Room,tt3170832,Lenny Abrahamson,Lenny Abrahamson,nm1049433,,,,,,2015
88,2015,Directing,DIRECTING,DIRECTING,an0704492,Spotlight,tt1895587,Tom McCarthy,Tom McCarthy,nm0565336,,,,,,2015
88,2015,Title,DOCUMENTARY (Feature),DOCUMENTARY (Feature),an0704564,Amy,tt2870648,Asif Kapadia and James Gay-Rees,"Asif Kapadia, James Gay-Rees","nm0438090,nm0310813",True,,,,,2015
88,2015,Title,DOCUMENTARY (Feature),DOCUMENTARY (Feature),an0704565,Cartel Land,tt4126304,Matthew Heineman and Tom Yellin,"Matthew Heineman, Tom Yellin","nm1292648,nm0947400",,,,,,2015
88,2015,Title,DOCUMENTARY (Feature),DOCUMENTARY (Feature),an0704566,The Look of Silence,tt3521134,Joshua Oppenheimer and Signe Byrge Sørensen,"Joshua Oppenheimer, Signe Byrge Sørensen","nm1484791,nm1718147",,,,,,2015
88,2015,Title,DOCUMENTARY (Feature),DOCUMENTARY (Feature),an0704567,"What Happened, Miss Simone?",tt4284010,"Liz Garbus, Amy Hobby and Justin Wilkes","Liz Garbus, Amy Hobby, Justin Wilkes","nm0305017,nm0387646,nm1461710",,,,,,2015
88,2015,Title,DOCUMENTARY (Feature),DOCUMENTARY (Feature),an0704568,Winter on Fire: Ukraine's Fight for Freedom,tt4908644,Evgeny Afineevsky and Den Tolmor,"Evgeny Afineevsky, Den Tolmor","nm1017958,nm6568618",,,,,,2015
88,2015,Title,DOCUMENTARY (Short Subject),DOCUMENTARY (Short Subject),an0704569,Body Team 12,tt4430002,David Darg and Bryn Mooser,"David Darg, Bryn Mooser","nm4093026,nm1666274",,,,,,2015
88,2015,Title,DOCUMENTARY (Short Subject),DOCUMENTARY (Short Subject),an0704570,"Chau, beyond the Lines",tt4084844,Courtney Marsh and Jerry Franck,"Courtney Marsh, Jerry Franck","nm3229589,nm3192902",,,,,,2015
88,2015,Title,DOCUMENTARY (Short Subject),DOCUMENTARY (Short Subject),an0704571,Claude Lanzmann: Spectres of the Shoah,tt4815426,Adam Benzine,Adam Benzine,nm6887155,,,,,,2015
88,2015,Title,DOCUMENTARY (Short Subject),DOCUMENTARY (Short Subject),an0704572,A Girl in the River: The Price of Forgiveness,tt5144072,Sharmeen Obaid-Chinoy,Sharmeen Obaid-Chinoy,nm1581464,True,,,,,2015
88,2015,Title,DOCUMENTARY (Short Subject),DOCUMENTARY (Short Subject),an0704573,Last Day of Freedom,tt4172096,Dee Hibbert-Jones and Nomi Talisman,"Dee Hibbert-Jones, Nomi Talisman","nm6889620,nm6889621",,,,,,2015
88,2015,Production,FILM EDITING,FILM EDITING,an0704522,The Big Short,tt1596363,Hank Corwin,Hank Corwin,nm0181650,,,,,,2015
88,2015,Production,FILM EDITING,FILM EDITING,an0704521,Mad Max: Fury Road,tt1392190,Margaret Sixel,Margaret Sixel,nm0803459,True,,,,,2015
88,2015,Production,FILM EDITING,FILM EDITING,an0704524,The Revenant,tt1663202,Stephen Mirrione,Stephen Mirrione,nm0592537,,,,,,2015
88,2015,Production,FILM EDITING,FILM EDITING,an0704523,Spotlight,tt1895587,Tom McArdle,Tom McArdle,nm0002500,,,,,,2015
88,2015,Production,FILM EDITING,FILM EDITING,an0704525,Star Wars: The Force Awakens,tt2488496,Maryann Brandon and Mary Jo Markey,"Maryann Brandon, Mary Jo Markey","nm0104783,nm0548407",,,,,,2015
88,2015,Title,INTERNATIONAL FEATURE FILM,FOREIGN LANGUAGE FILM,an0704511,Embrace of the Serpent,tt4285496,Colombia,,,,,,,,2015
88,2015,Title,INTERNATIONAL FEATURE FILM,FOREIGN LANGUAGE FILM,an0704513,Mustang,tt3966404,France,,,,,,,,2015
88,2015,Title,INTERNATIONAL FEATURE FILM,FOREIGN LANGUAGE FILM,an0704514,Son of Saul,tt3808342,Hungary,,,True,,,,,2015
88,2015,Title,INTERNATIONAL FEATURE FILM,FOREIGN LANGUAGE FILM,an0704515,Theeb,tt3170902,Jordan,,,,,,,,2015
88,2015,Title,INTERNATIONAL FEATURE FILM,FOREIGN LANGUAGE FILM,an0704512,A War,tt3830162,Denmark,,,,,,,,2015
88,2015,Production,MAKEUP AND HAIRSTYLING,MAKEUP AND HAIRSTYLING,an0704536,Mad Max: Fury Road,tt1392190,"Lesley Vanderwalt, Elka Wardega and Damian Martin","Lesley Vanderwalt, Elka Wardega, Damian Martin","nm0886488,nm0911975,nm1914735",True,,,,,2015
88,2015,Production,MAKEUP AND HAIRSTYLING,MAKEUP AND HAIRSTYLING,an0704537,The 100-Year-Old Man Who Climbed out the Window and Disappeared,tt2113681,Love Larson and Eva von Bahr,"Love Larson, Eva von Bahr","nm1037627,nm0901913",,,,,,2015
88,2015,Production,MAKEUP AND HAIRSTYLING,MAKEUP AND HAIRSTYLING,an0704538,The Revenant,tt1663202,"Siân Grigg, Duncan Jarman and Robert Pandini","Siân Grigg, Duncan Jarman, Robert Pandini","nm0341812,nm0418749,nm0006453",,,,,,2015
88,2015,Music,MUSIC (Original Score),MUSIC (Original Score),an0704543,Bridge of Spies,tt3682448,Thomas Newman,Thomas Newman,nm0002353,,,,,,2015
88,2015,Music,MUSIC (Original Score),MUSIC (Original Score),an0704539,Carol,tt2402927,Carter Burwell,Carter Burwell,nm0001980,,,,,,2015
88,2015,Music,MUSIC (Original Score),MUSIC (Original Score),an0704540,The Hateful Eight,tt3460252,Ennio Morricone,Ennio Morricone,nm0001553,True,,,,,2015
88,2015,Music,MUSIC (Original Score),MUSIC (Original Score),an0704541,Sicario,tt3397884,Jóhann Jóhannsson,Jóhann Jóhannsson,nm0433580,,,,,,2015
88,2015,Music,MUSIC (Original Score),MUSIC (Original Score),an0704542,Star Wars: The Force Awakens,tt2488496,John Williams,John Williams,nm0002354,,,,,,2015
88,2015,Music,MUSIC (Original Song),MUSIC (Original Song),an0704546,Fifty Shades of Grey,tt2322441,"Music and Lyric by The Weeknd, Ahmad Balshe, Jason Quenneville and Stephan Moccio","The Weeknd, Ahmad Balshe, Jason Quenneville, Stephan Moccio","nm1070597,nm6803523,nm7850935,nm0595066",,Earned It,,,,2015
88,2015,Music,MUSIC (Original Song),MUSIC (Original Song),an0711240,Racing Extinction,tt1618448,Music by J. Ralph; Lyric by Anohni,"J. Ralph, Anohni","nm0707775,nm1359744",,Manta Ray,,,,2015
88,2015,Music,MUSIC (Original Song),MUSIC (Original Song),an0704545,Youth,tt3312830,Music and Lyric by David Lang,David Lang,nm1012893,,Simple Song #3,,,,2015
88,2015,Music,MUSIC (Original Song),MUSIC (Original Song),an0704547,The Hunting Ground,tt4185572,Music and Lyric by Diane Warren and Lady Gaga,"Diane Warren, Lady Gaga","nm0005534,nm3078932",,Til It Happens To You,,,,2015
88,2015,Music,MUSIC (Original Song),MUSIC (Original Song),an0704544,Spectre,tt2379713,Music and Lyric by Jimmy Napes and Sam Smith,"Jimmy Napes, Sam Smith","nm4438244,nm3094994",True,Writing's On The Wall,,,,2015
88,2015,Title,BEST PICTURE,BEST PICTURE,an0704470,The Big Short,tt1596363,"Brad Pitt, Dede Gardner and Jeremy Kleiner, Producers","Brad Pitt, Dede Gardner, Jeremy Kleiner","nm0000093,nm0306890,nm1250070",,,,,,2015
88,2015,Title,BEST PICTURE,BEST PICTURE,an0704467,Bridge of Spies,tt3682448,"Steven Spielberg, Marc Platt and Kristie Macosko Krieger, Producers","Steven Spielberg, Marc Platt, Kristie Macosko Krieger","nm0000229,nm0686887,nm1069736",,,,,,2015
88,2015,Title,BEST PICTURE,BEST PICTURE,an0704466,Brooklyn,tt2381111,"Finola Dwyer and Amanda Posey, Producers","Finola Dwyer, Amanda Posey","nm0245493,nm0692656",,,,,,2015
88,2015,Title,BEST PICTURE,BEST PICTURE,an0704469,Mad Max: Fury Road,tt1392190,"Doug Mitchell and George Miller, Producers","Doug Mitchell, George Miller","nm0593294,nm0004306",,,,,,2015
88,2015,Title,BEST PICTURE,BEST PICTURE,an0704468,The Martian,tt3659388,"Simon Kinberg, Ridley Scott, Michael Schaefer and Mark Huffam, Producers","Simon Kinberg, Ridley Scott, Michael Schaefer, Mark Huffam","nm1334526,nm0000631,nm0769644,nm0400240",,,,,,2015
88,2015,Title,BEST PICTURE,BEST PICTURE,an0704464,The Revenant,tt1663202,"Arnon Milchan, Steve Golin, Alejandro G. Iñárritu, Mary Parent and Keith Redmon, Producers","Arnon Milchan, Steve Golin, Alejandro G. Iñárritu, Mary Parent, Keith Redmon","nm0586969,nm0326512,nm0327944,nm0661289,nm2166024",,,,,,2015
88,2015,Title,BEST PICTURE,BEST PICTURE,an0704465,Room,tt3170832,"Ed Guiney, Producer",Ed Guiney,nm0347384,,,,,,2015
88,2015,Title,BEST PICTURE,BEST PICTURE,an0704463,Spotlight,tt1895587,"Michael Sugar, Steve Golin, Nicole Rocklin and Blye Pagon Faust, Producers","Michael Sugar, Steve Golin, Nicole Rocklin, Blye Pagon Faust","nm0837386,nm0326512,nm2140746,nm1421308",True,,,,,2015
88,2015,Production,ART DIRECTION,PRODUCTION DESIGN,an0711235,Bridge of Spies,tt3682448,Production Design: Adam Stockhausen; Set Decoration: Rena DeAngelo and Bernhard Henrich,"Adam Stockhausen, Rena DeAngelo, Bernhard Henrich","nm1360914,nm0213076,nm0377520",,,,,,2015
88,2015,Production,ART DIRECTION,PRODUCTION DESIGN,an0711236,The Danish Girl,tt0810819,Production Design: Eve Stewart; Set Decoration: Michael Standish,"Eve Stewart, Michael Standish","nm0829378,nm0822086",,,,,,2015
88,2015,Production,ART DIRECTION,PRODUCTION DESIGN,an0711237,Mad Max: Fury Road,tt1392190,Production Design: Colin Gibson; Set Decoration: Lisa Thompson,"Colin Gibson, Lisa Thompson","nm0316904,nm0860424",True,,,,,2015
88,2015,Production,ART DIRECTION,PRODUCTION DESIGN,an0711238,The Martian,tt3659388,Production Design: Arthur Max; Set Decoration: Celia Bobak,"Arthur Max, Celia Bobak","nm0561480,nm0090278",,,,,,2015
88,2015,Production,ART DIRECTION,PRODUCTION DESIGN,an0711239,The Revenant,tt1663202,Production Design: Jack Fisk; Set Decoration: Hamish Purdy,"Jack Fisk, Hamish Purdy","nm0279926,nm0700827",,,,,,2015
88,2015,Title,SHORT FILM (Animated),SHORT FILM (Animated),an0704574,Bear Story,tt3829254,Gabriel Osorio and Pato Escala,"Gabriel Osorio, Pato Escala","nm6594925,nm6594926",True,,,,,2015
88,2015,Title,SHORT FILM (Animated),SHORT FILM (Animated),an0704576,Prologue,tt4955294,Richard Williams and Imogen Sutton,"Richard Williams, Imogen Sutton","nm0931530,nm1803609",,,,,,2015
88,2015,Title,SHORT FILM (Animated),SHORT FILM (Animated),an0704577,Sanjay's Super Team,tt4661600,Sanjay Patel and Nicole Grindle,"Sanjay Patel, Nicole Grindle","nm0665396,nm0342430",,,,,,2015
88,2015,Title,SHORT FILM (Animated),SHORT FILM (Animated),an0704575,We Can't Live without Cosmos,tt3965660,Konstantin Bronzit,Konstantin Bronzit,nm0111588,,,,,,2015
88,2015,Title,SHORT FILM (Animated),SHORT FILM (Animated),an0704578,World of Tomorrow,tt4171032,Don Hertzfeldt,Don Hertzfeldt,nm0381116,,,,,,2015
88,2015,Title,SHORT FILM (Live Action),SHORT FILM (Live Action),an0704579,Ave Maria,tt4419794,Basil Khalil and Eric Dupont,"Basil Khalil, Eric Dupont","nm1869150,nm1415447",,,,,,2015
88,2015,Title,SHORT FILM (Live Action),SHORT FILM (Live Action),an0704580,Day One,tt4122886,Henry Hughes,Henry Hughes,nm6846478,,,,,,2015
88,2015,Title,SHORT FILM (Live Action),SHORT FILM (Live Action),an0704581,Everything Will Be Okay (Alles Wird Gut),tt4324518,Patrick Vollrath,Patrick Vollrath,nm2573530,,,,,,2015
88,2015,Title,SHORT FILM (Live Action),SHORT FILM (Live Action),an0704582,Shok,tt4273570,Jamie Donoughue,Jamie Donoughue,nm4385546,,,,,,2015
88,2015,Title,SHORT FILM (Live Action),SHORT FILM (Live Action),an0704583,Stutterer,tt4817576,Benjamin Cleary and Serena Armitage,"Benjamin Cleary, Serena Armitage","nm6526715,nm4928252",True,,,,,2015
88,2015,Production,SOUND EDITING,SOUND EDITING,an0704554,Mad Max: Fury Road,tt1392190,Mark Mangini and David White,"Mark Mangini, David White","nm0005625,nm0924674",True,,,,,2015
88,2015,Production,SOUND EDITING,SOUND EDITING,an0704555,The Martian,tt3659388,Oliver Tarney,Oliver Tarney,nm0850549,,,,,,2015
88,2015,Production,SOUND EDITING,SOUND EDITING,an0704556,The Revenant,tt1663202,Martin Hernandez and Lon Bender,"Martin Hernandez, Lon Bender","nm0380057,nm0070489",,,,,,2015
88,2015,Production,SOUND EDITING,SOUND EDITING,an0704557,Sicario,tt3397884,Alan Robert Murray,Alan Robert Murray,nm0614812,,,,,,2015
88,2015,Production,SOUND EDITING,SOUND EDITING,an0704558,Star Wars: The Force Awakens,tt2488496,Matthew Wood and David Acord,"Matthew Wood, David Acord","nm0003214,nm0004198",,,,,,2015
88,2015,Production,SOUND MIXING,SOUND MIXING,an0704553,Bridge of Spies,tt3682448,"Andy Nelson, Gary Rydstrom and Drew Kunin","Andy Nelson, Gary Rydstrom, Drew Kunin","nm0625144,nm0003977,nm0475168",,,,,,2015
88,2015,Production,SOUND MIXING,SOUND MIXING,an0704549,Mad Max: Fury Road,tt1392190,"Chris Jenkins, Gregg Rudloff and Ben Osmo","Chris Jenkins, Gregg Rudloff, Ben Osmo","nm0420804,nm0748832,nm0652096",True,,,,,2015
88,2015,Production,SOUND MIXING,SOUND MIXING,an0704550,The Martian,tt3659388,"Paul Massey, Mark Taylor and Mac Ruth","Paul Massey, Mark Taylor, Mac Ruth","nm0557338,nm0852837,nm0002314",,,,,,2015
88,2015,Production,SOUND MIXING,SOUND MIXING,an0704551,The Revenant,tt1663202,"Jon Taylor, Frank A. Montaño, Randy Thom and Chris Duesterdiek","Jon Taylor, Frank A. Montaño, Randy Thom, Chris Duesterdiek","nm0852656,nm0599057,nm0858378,nm0240292",,,,,,2015
88,2015,Production,SOUND MIXING,SOUND MIXING,an0704552,Star Wars: The Force Awakens,tt2488496,"Andy Nelson, Christopher Scarabosio and Stuart Wilson","Andy Nelson, Christopher Scarabosio, Stuart Wilson","nm0625144,nm0769042,nm0934184",,,,,,2015
88,2015,Production,VISUAL EFFECTS,VISUAL EFFECTS,an0704559,Ex Machina,tt0470752,"Andrew Whitehurst, Paul Norris, Mark Ardington and Sara Bennett","Andrew Whitehurst, Paul Norris, Mark Ardington, Sara Bennett","nm1443095,nm0635878,nm3251988,nm1025904",True,,,,,2015
88,2015,Production,VISUAL EFFECTS,VISUAL EFFECTS,an0704560,Mad Max: Fury Road,tt1392190,"Andrew Jackson, Tom Wood, Dan Oliver and Andy Williams","Andrew Jackson, Tom Wood, Dan Oliver, Andy Williams","nm1886497,nm0940054,nm0646807,nm0930024",,,,,,2015
88,2015,Production,VISUAL EFFECTS,VISUAL EFFECTS,an0704561,The Martian,tt3659388,"Richard Stammers, Anders Langlands, Chris Lawrence and Steven Warner","Richard Stammers, Anders Langlands, Chris Lawrence, Steven Warner","nm0821868,nm1619365,nm1165856,nm0912599",,,,,,2015
88,2015,Production,VISUAL EFFECTS,VISUAL EFFECTS,an0704562,The Revenant,tt1663202,"Rich McBride, Matthew Shumway, Jason Smith and Cameron Waldbauer","Rich McBride, Matthew Shumway, Jason Smith, Cameron Waldbauer","nm1407302,nm1331297,nm1643981,nm0907030",,,,,,2015
88,2015,Production,VISUAL EFFECTS,VISUAL EFFECTS,an0704563,Star Wars: The Force Awakens,tt2488496,"Roger Guyett, Patrick Tubach, Neal Scanlan and Chris Corbould","Roger Guyett, Patrick Tubach, Neal Scanlan, Chris Corbould","nm0004361,nm0875604,nm0768943,nm0179269",,,,,,2015
88,2015,Writing,WRITING (Adapted Screenplay),WRITING (Adapted Screenplay),an0704501,The Big Short,tt1596363,Screenplay by Charles Randolph and Adam McKay,"Charles Randolph, Adam McKay","nm1017488,nm0570912",True,,,,,2015
88,2015,Writing,WRITING (Adapted Screenplay),WRITING (Adapted Screenplay),an0704502,Brooklyn,tt2381111,Screenplay by Nick Hornby,Nick Hornby,nm0394984,,,,,,2015
88,2015,Writing,WRITING (Adapted Screenplay),WRITING (Adapted Screenplay),an0704505,Carol,tt2402927,Screenplay by Phyllis Nagy,Phyllis Nagy,nm0619507,,,,,,2015
88,2015,Writing,WRITING (Adapted Screenplay),WRITING (Adapted Screenplay),an0704503,The Martian,tt3659388,Screenplay by Drew Goddard,Drew Goddard,nm1206844,,,,,,2015
88,2015,Writing,WRITING (Adapted Screenplay),WRITING (Adapted Screenplay),an0704504,Room,tt3170832,Screenplay by Emma Donoghue,Emma Donoghue,nm1480980,,,,,,2015
88,2015,Writing,WRITING (Original Screenplay),WRITING (Original Screenplay),an0704496,Bridge of Spies,tt3682448,Written by Matt Charman and Ethan Coen & Joel Coen,"Matt Charman, Ethan Coen, Joel Coen","nm4131020,nm0001053,nm0001054",,,,,,2015
88,2015,Writing,WRITING (Original Screenplay),WRITING (Original Screenplay),an0704497,Ex Machina,tt0470752,Written by Alex Garland,Alex Garland,nm0307497,,,,,,2015
88,2015,Writing,WRITING (Original Screenplay),WRITING (Original Screenplay),an0711241,Inside Out,tt2096673,"Screenplay by Pete Docter, Meg LeFauve, Josh Cooley; Original story by Pete Docter, Ronnie del Carmen","Pete Docter, Meg LeFauve, Josh Cooley, Ronnie del Carmen","nm0230032,nm0498834,nm2155757,nm0215455",,,,,,2015
88,2015,Writing,WRITING (Original Screenplay),WRITING (Original Screenplay),an0704499,Spotlight,tt1895587,Written by Josh Singer & Tom McCarthy,"Josh Singer, Tom McCarthy","nm1802857,nm0565336",True,,,,,2015
88,2015,Writing,WRITING (Original Screenplay),WRITING (Original Screenplay),an0711242,Straight Outta Compton,tt1398426,Screenplay by Jonathan Herman and Andrea Berloff; Story by S. Leigh Savidge & Alan Wenkus and Andrea Berloff,"Jonathan Herman, Andrea Berloff, S. Leigh Savidge, Alan Wenkus","nm6707680,nm0075696,nm0767655,nm0921023",,,,,,2015
89,2016,Acting,ACTOR IN A LEADING ROLE,ACTOR IN A LEADING ROLE,an0808524,Manchester by the Sea,tt4034228,Casey Affleck,Casey Affleck,nm0000729,True,Lee Chandler,,,,2016
89,2016,Acting,ACTOR IN A LEADING ROLE,ACTOR IN A LEADING ROLE,an0808525,Hacksaw Ridge,tt2119532,Andrew Garfield,Andrew Garfield,nm1940449,,Desmond Doss,,,,2016
89,2016,Acting,ACTOR IN A LEADING ROLE,ACTOR IN A LEADING ROLE,an0808526,La La Land,tt3783958,Ryan Gosling,Ryan Gosling,nm0331516,,Sebastian,,,,2016
89,2016,Acting,ACTOR IN A LEADING ROLE,ACTOR IN A LEADING ROLE,an0808527,Captain Fantastic,tt3553976,Viggo Mortensen,Viggo Mortensen,nm0001557,,Ben,,,,2016
89,2016,Acting,ACTOR IN A LEADING ROLE,ACTOR IN A LEADING ROLE,an0808528,Fences,tt2671706,Denzel Washington,Denzel Washington,nm0000243,,Troy Maxson,,,,2016
89,2016,Acting,ACTOR IN A SUPPORTING ROLE,ACTOR IN A SUPPORTING ROLE,an0808534,Moonlight,tt4975722,Mahershala Ali,Mahershala Ali,nm0991810,True,Juan,,,,2016
89,2016,Acting,ACTOR IN A SUPPORTING ROLE,ACTOR IN A SUPPORTING ROLE,an0808535,Hell or High Water,tt2582782,Jeff Bridges,Jeff Bridges,nm0000313,,Marcus Hamilton,,,,2016
89,2016,Acting,ACTOR IN A SUPPORTING ROLE,ACTOR IN A SUPPORTING ROLE,an0808536,Manchester by the Sea,tt4034228,Lucas Hedges,Lucas Hedges,nm2348627,,Patrick Chandler,,,,2016
89,2016,Acting,ACTOR IN A SUPPORTING ROLE,ACTOR IN A SUPPORTING ROLE,an0808537,Lion,tt3741834,Dev Patel,Dev Patel,nm2353862,,Saroo Brierley,,,,2016
89,2016,Acting,ACTOR IN A SUPPORTING ROLE,ACTOR IN A SUPPORTING ROLE,an0808538,Nocturnal Animals,tt4550098,Michael Shannon,Michael Shannon,nm0788335,,Bobby Andes,,,,2016
89,2016,Acting,ACTRESS IN A LEADING ROLE,ACTRESS IN A LEADING ROLE,an0808529,Elle,tt3716530,Isabelle Huppert,Isabelle Huppert,nm0001376,,Michèle,,,,2016
89,2016,Acting,ACTRESS IN A LEADING ROLE,ACTRESS IN A LEADING ROLE,an0808530,Loving,tt4669986,Ruth Negga,Ruth Negga,nm1550948,,Mildred,,,,2016
89,2016,Acting,ACTRESS IN A LEADING ROLE,ACTRESS IN A LEADING ROLE,an0808531,Jackie,tt1619029,Natalie Portman,Natalie Portman,nm0000204,,Jackie Kennedy,,,,2016
89,2016,Acting,ACTRESS IN A LEADING ROLE,ACTRESS IN A LEADING ROLE,an0808532,La La Land,tt3783958,Emma Stone,Emma Stone,nm1297015,True,Mia,,,,2016
89,2016,Acting,ACTRESS IN A LEADING ROLE,ACTRESS IN A LEADING ROLE,an0808533,Florence Foster Jenkins,tt4136084,Meryl Streep,Meryl Streep,nm0000658,,Florence Foster Jenkins,,,,2016
89,2016,Acting,ACTRESS IN A SUPPORTING ROLE,ACTRESS IN A SUPPORTING ROLE,an0808539,Fences,tt2671706,Viola Davis,Viola Davis,nm0205626,True,Rose Maxson,,,,2016
89,2016,Acting,ACTRESS IN A SUPPORTING ROLE,ACTRESS IN A SUPPORTING ROLE,an0808540,Moonlight,tt4975722,Naomie Harris,Naomie Harris,nm0365140,,Paula,,,,2016
89,2016,Acting,ACTRESS IN A SUPPORTING ROLE,ACTRESS IN A SUPPORTING ROLE,an0808541,Lion,tt3741834,Nicole Kidman,Nicole Kidman,nm0000173,,Sue Brierley,,,,2016
89,2016,Acting,ACTRESS IN A SUPPORTING ROLE,ACTRESS IN A SUPPORTING ROLE,an0808542,Hidden Figures,tt4846340,Octavia Spencer,Octavia Spencer,nm0818055,,Dorothy Vaughan,,,,2016
89,2016,Acting,ACTRESS IN A SUPPORTING ROLE,ACTRESS IN A SUPPORTING ROLE,an0808543,Manchester by the Sea,tt4034228,Michelle Williams,Michelle Williams,nm0931329,,Randi Chandler,,,,2016
89,2016,Title,ANIMATED FEATURE FILM,ANIMATED FEATURE FILM,an0808559,Kubo and the Two Strings,tt4302938,Travis Knight and Arianne Sutner,"Travis Knight, Arianne Sutner","nm1325899,nm1750312",,,,,,2016
89,2016,Title,ANIMATED FEATURE FILM,ANIMATED FEATURE FILM,an0808560,Moana,tt3521164,"John Musker, Ron Clements and Osnat Shurer","John Musker, Ron Clements, Osnat Shurer","nm0615780,nm0166256,nm1575873",,,,,,2016
89,2016,Title,ANIMATED FEATURE FILM,ANIMATED FEATURE FILM,an0808561,My Life as a Zucchini,tt2321405,Claude Barras and Max Karli,"Claude Barras, Max Karli","nm1957706,nm1519403",,,,,,2016
89,2016,Title,ANIMATED FEATURE FILM,ANIMATED FEATURE FILM,an0808562,The Red Turtle,tt3666024,Michael Dudok de Wit and Toshio Suzuki,"Michael Dudok de Wit, Toshio Suzuki","nm0240196,nm0840699",,,,,,2016
89,2016,Title,ANIMATED FEATURE FILM,ANIMATED FEATURE FILM,an0808563,Zootopia,tt2948356,"Byron Howard, Rich Moore and Clark Spencer","Byron Howard, Rich Moore, Clark Spencer","nm0397174,nm0601781,nm1192875",True,,,,,2016
89,2016,Production,CINEMATOGRAPHY,CINEMATOGRAPHY,an0808569,Arrival,tt2543164,Bradford Young,Bradford Young,nm2284226,,,,,,2016
89,2016,Production,CINEMATOGRAPHY,CINEMATOGRAPHY,an0808570,La La Land,tt3783958,Linus Sandgren,Linus Sandgren,nm0761874,True,,,,,2016
89,2016,Production,CINEMATOGRAPHY,CINEMATOGRAPHY,an0808571,Lion,tt3741834,Greig Fraser,Greig Fraser,nm0292132,,,,,,2016
89,2016,Production,CINEMATOGRAPHY,CINEMATOGRAPHY,an0808572,Moonlight,tt4975722,James Laxton,James Laxton,nm0493439,,,,,,2016
89,2016,Production,CINEMATOGRAPHY,CINEMATOGRAPHY,an0808573,Silence,tt0490215,Rodrigo Prieto,Rodrigo Prieto,nm0006509,,,,,,2016
89,2016,Production,COSTUME DESIGN,COSTUME DESIGN,an0808584,Allied,tt3640424,Joanna Johnston,Joanna Johnston,nm0426693,,,,,,2016
89,2016,Production,COSTUME DESIGN,COSTUME DESIGN,an0808585,Fantastic Beasts and Where to Find Them,tt3183660,Colleen Atwood,Colleen Atwood,nm0041181,True,,,,,2016
89,2016,Production,COSTUME DESIGN,COSTUME DESIGN,an0808586,Florence Foster Jenkins,tt4136084,Consolata Boyle,Consolata Boyle,nm0102219,,,,,,2016
89,2016,Production,COSTUME DESIGN,COSTUME DESIGN,an0808587,Jackie,tt1619029,Madeline Fontaine,Madeline Fontaine,nm0284837,,,,,,2016
89,2016,Production,COSTUME DESIGN,COSTUME DESIGN,an0808588,La La Land,tt3783958,Mary Zophres,Mary Zophres,nm0957861,,,,,,2016
89,2016,Directing,DIRECTING,DIRECTING,an0808544,Arrival,tt2543164,Denis Villeneuve,Denis Villeneuve,nm0898288,,,,,,2016
89,2016,Directing,DIRECTING,DIRECTING,an0808545,Hacksaw Ridge,tt2119532,Mel Gibson,Mel Gibson,nm0000154,,,,,,2016
89,2016,Directing,DIRECTING,DIRECTING,an0808546,La La Land,tt3783958,Damien Chazelle,Damien Chazelle,nm3227090,True,,,,,2016
89,2016,Directing,DIRECTING,DIRECTING,an0808547,Manchester by the Sea,tt4034228,Kenneth Lonergan,Kenneth Lonergan,nm0518836,,,,,,2016
89,2016,Directing,DIRECTING,DIRECTING,an0808548,Moonlight,tt4975722,Barry Jenkins,Barry Jenkins,nm1503575,,,,,,2016
89,2016,Title,DOCUMENTARY (Feature),DOCUMENTARY (Feature),an0808617,Fire at Sea,tt3652526,Gianfranco Rosi and Donatella Palermo,"Gianfranco Rosi, Donatella Palermo","nm0742941,nm0657550",,,,,,2016
89,2016,Title,DOCUMENTARY (Feature),DOCUMENTARY (Feature),an0808618,I Am Not Your Negro,tt5804038,"Raoul Peck, Rémi Grellety and Hébert Peck","Raoul Peck, Rémi Grellety, Hébert Peck","nm0669704,nm4009159,nm1479564",,,,,,2016
89,2016,Title,DOCUMENTARY (Feature),DOCUMENTARY (Feature),an0808619,"Life, Animated",tt3917210,Roger Ross Williams and Julie Goldman,"Roger Ross Williams, Julie Goldman","nm2141317,nm0325821",,,,,,2016
89,2016,Title,DOCUMENTARY (Feature),DOCUMENTARY (Feature),an0808620,O.J.: Made in America,tt5275892,Ezra Edelman and Caroline Waterlow,"Ezra Edelman, Caroline Waterlow","nm1554601,nm1700023",True,,,,,2016
89,2016,Title,DOCUMENTARY (Feature),DOCUMENTARY (Feature),an0808621,13th,tt5895028,"Ava DuVernay, Spencer Averick and Howard Barish","Ava DuVernay, Spencer Averick, Howard Barish","nm1148550,nm2589786,nm0054711",,,,,,2016
89,2016,Title,DOCUMENTARY (Short Subject),DOCUMENTARY (Short Subject),an0808622,Extremis,tt5538078,Dan Krauss,Dan Krauss,nm1830532,,,,,,2016
89,2016,Title,DOCUMENTARY (Short Subject),DOCUMENTARY (Short Subject),an0808623,4.1 Miles,tt6279726,Daphne Matziaraki,Daphne Matziaraki,nm6471764,,,,,,2016
89,2016,Title,DOCUMENTARY (Short Subject),DOCUMENTARY (Short Subject),an0808624,Joe's Violin,tt5639178,Kahane Cooperman and Raphaela Neihausen,"Kahane Cooperman, Raphaela Neihausen","nm0180084,nm2548992",,,,,,2016
89,2016,Title,DOCUMENTARY (Short Subject),DOCUMENTARY (Short Subject),an0808625,Watani: My Homeland,tt6195494,Marcel Mettelsiefen and Stephen Ellis,"Marcel Mettelsiefen, Stephen Ellis","nm4984327,nm2267281",,,,,,2016
89,2016,Title,DOCUMENTARY (Short Subject),DOCUMENTARY (Short Subject),an0808626,The White Helmets,tt6073176,Orlando von Einsiedel and Joanna Natasegara,"Orlando von Einsiedel, Joanna Natasegara","nm3915542,nm3319085",True,,,,,2016
89,2016,Production,FILM EDITING,FILM EDITING,an0808577,Arrival,tt2543164,Joe Walker,Joe Walker,nm0907863,,,,,,2016
89,2016,Production,FILM EDITING,FILM EDITING,an0808575,Hacksaw Ridge,tt2119532,John Gilbert,John Gilbert,nm0003016,True,,,,,2016
89,2016,Production,FILM EDITING,FILM EDITING,an0808578,Hell or High Water,tt2582782,Jake Roberts,Jake Roberts,nm1075638,,,,,,2016
89,2016,Production,FILM EDITING,FILM EDITING,an0808574,La La Land,tt3783958,Tom Cross,Tom Cross,nm0189285,,,,,,2016
89,2016,Production,FILM EDITING,FILM EDITING,an0808576,Moonlight,tt4975722,Nat Sanders and Joi McMillon,"Nat Sanders, Joi McMillon","nm1477623,nm1536314",,,,,,2016
89,2016,Title,INTERNATIONAL FEATURE FILM,FOREIGN LANGUAGE FILM,an0808568,Land of Mine,tt3841424,Denmark,,,,,,,,2016
89,2016,Title,INTERNATIONAL FEATURE FILM,FOREIGN LANGUAGE FILM,an0808564,A Man Called Ove,tt4080728,Sweden,,,,,,,,2016
89,2016,Title,INTERNATIONAL FEATURE FILM,FOREIGN LANGUAGE FILM,an0808565,The Salesman,tt5186714,Iran,,,True,,,,,2016
89,2016,Title,INTERNATIONAL FEATURE FILM,FOREIGN LANGUAGE FILM,an0808566,Tanna,tt4239726,Australia,,,,,,,,2016
89,2016,Title,INTERNATIONAL FEATURE FILM,FOREIGN LANGUAGE FILM,an0808567,Toni Erdmann,tt4048272,Germany,,,,,,,,2016
89,2016,Production,MAKEUP AND HAIRSTYLING,MAKEUP AND HAIRSTYLING,an0808589,A Man Called Ove,tt4080728,Eva von Bahr and Love Larson,"Eva von Bahr, Love Larson","nm0901913,nm1037627",,,,,,2016
89,2016,Production,MAKEUP AND HAIRSTYLING,MAKEUP AND HAIRSTYLING,an0808590,Star Trek Beyond,tt2660888,Joel Harlow and Richard Alonzo,"Joel Harlow, Richard Alonzo","nm0363355,nm0022314",,,,,,2016
89,2016,Production,MAKEUP AND HAIRSTYLING,MAKEUP AND HAIRSTYLING,an0808591,Suicide Squad,tt1386697,"Alessandro Bertolazzi, Giorgio Gregorini and Christopher Nelson","Alessandro Bertolazzi, Giorgio Gregorini, Christopher Nelson","nm0078183,nm0339709,nm0625247",True,,,,,2016
89,2016,Music,MUSIC (Original Score),MUSIC (Original Score),an0808592,Jackie,tt1619029,Mica Levi,Mica Levi,nm5908010,,,,,,2016
89,2016,Music,MUSIC (Original Score),MUSIC (Original Score),an0808593,La La Land,tt3783958,Justin Hurwitz,Justin Hurwitz,nm3225654,True,,,,,2016
89,2016,Music,MUSIC (Original Score),MUSIC (Original Score),an0808594,Lion,tt3741834,Dustin O'Halloran and Hauschka,"Dustin O'Halloran, Hauschka","nm0641169,nm2890617",,,,,,2016
89,2016,Music,MUSIC (Original Score),MUSIC (Original Score),an0808595,Moonlight,tt4975722,Nicholas Britell,Nicholas Britell,nm1615109,,,,,,2016
89,2016,Music,MUSIC (Original Score),MUSIC (Original Score),an0808596,Passengers,tt1355644,Thomas Newman,Thomas Newman,nm0002353,,,,,,2016
89,2016,Music,MUSIC (Original Song),MUSIC (Original Song),an0811476,La La Land,tt3783958,Music by Justin Hurwitz; Lyric by Benj Pasek and Justin Paul,"Justin Hurwitz, Benj Pasek, Justin Paul","nm3225654,nm2537947,nm2524192",,Audition (The Fools Who Dream),,,,2016
89,2016,Music,MUSIC (Original Song),MUSIC (Original Song),an0808598,Trolls,tt1679335,"Music and Lyric by Justin Timberlake, Max Martin and Karl Johan Schuster","Justin Timberlake, Max Martin, Karl Johan Schuster","nm0005493,nm1159684,nm4733013",,Can't Stop The Feeling,,,,2016
89,2016,Music,MUSIC (Original Song),MUSIC (Original Song),an0811477,La La Land,tt3783958,Music by Justin Hurwitz; Lyric by Benj Pasek and Justin Paul,"Justin Hurwitz, Benj Pasek, Justin Paul","nm3225654,nm2537947,nm2524192",True,City of Stars,,,,2016
89,2016,Music,MUSIC (Original Song),MUSIC (Original Song),an0808600,Jim: The James Foley Story,tt5278466,Music and Lyric by J. Ralph and Sting,"J. Ralph, Sting","nm0707775,nm0001776",,The Empty Chair,,,,2016
89,2016,Music,MUSIC (Original Song),MUSIC (Original Song),an0808601,Moana,tt3521164,Music and Lyric by Lin-Manuel Miranda,Lin-Manuel Miranda,nm0592135,,How Far I'll Go,,,,2016
89,2016,Title,BEST PICTURE,BEST PICTURE,an0808515,Arrival,tt2543164,"Shawn Levy, Dan Levine, Aaron Ryder and David Linde, Producers","Shawn Levy, Dan Levine, Aaron Ryder, David Linde","nm0506613,nm1362282,nm0753083,nm0511482",,,,,,2016
89,2016,Title,BEST PICTURE,BEST PICTURE,an0808516,Fences,tt2671706,"Scott Rudin, Denzel Washington and Todd Black, Producers","Scott Rudin, Denzel Washington, Todd Black","nm0748784,nm0000243,nm0085542",,,,,,2016
89,2016,Title,BEST PICTURE,BEST PICTURE,an0808517,Hacksaw Ridge,tt2119532,"Bill Mechanic and David Permut, Producers","Bill Mechanic, David Permut","nm0575312,nm0674303",,,,,,2016
89,2016,Title,BEST PICTURE,BEST PICTURE,an0808518,Hell or High Water,tt2582782,"Carla Hacken and Julie Yorn, Producers","Carla Hacken, Julie Yorn","nm0352402,nm0798930",,,,,,2016
89,2016,Title,BEST PICTURE,BEST PICTURE,an0808519,Hidden Figures,tt4846340,"Donna Gigliotti, Peter Chernin, Jenno Topping, Pharrell Williams and Theodore Melfi, Producers","Donna Gigliotti, Peter Chernin, Jenno Topping, Pharrell Williams, Theodore Melfi","nm0317642,nm1858656,nm0867768,nm1214289,nm0577647",,,,,,2016
89,2016,Title,BEST PICTURE,BEST PICTURE,an0808520,La La Land,tt3783958,"Fred Berger, Jordan Horowitz and Marc Platt, Producers","Fred Berger, Jordan Horowitz, Marc Platt","nm1757754,nm3527897,nm0686887",,,,,,2016
89,2016,Title,BEST PICTURE,BEST PICTURE,an0808521,Lion,tt3741834,"Emile Sherman, Iain Canning and Angie Fielder, Producers","Emile Sherman, Iain Canning, Angie Fielder","nm0792431,nm2096617,nm2652108",,,,,,2016
89,2016,Title,BEST PICTURE,BEST PICTURE,an0808522,Manchester by the Sea,tt4034228,"Matt Damon, Kimberly Steward, Chris Moore, Lauren Beck and Kevin J. Walsh, Producers","Matt Damon, Kimberly Steward, Chris Moore, Lauren Beck, Kevin J. Walsh","nm0000354,nm6844518,nm0601031,nm4568172,nm1016966",,,,,,2016
89,2016,Title,BEST PICTURE,BEST PICTURE,an0808523,Moonlight,tt4975722,"Adele Romanski, Dede Gardner and Jeremy Kleiner, Producers","Adele Romanski, Dede Gardner, Jeremy Kleiner","nm1532846,nm0306890,nm1250070",True,,,,,2016
89,2016,Production,ART DIRECTION,PRODUCTION DESIGN,an0811478,Arrival,tt2543164,Production Design: Patrice Vermette; Set Decoration: Paul Hotte,"Patrice Vermette, Paul Hotte","nm0894411,nm0396257",,,,,,2016
89,2016,Production,ART DIRECTION,PRODUCTION DESIGN,an0811479,Fantastic Beasts and Where to Find Them,tt3183660,Production Design: Stuart Craig; Set Decoration: Anna Pinnock,"Stuart Craig, Anna Pinnock","nm0186023,nm0003519",,,,,,2016
89,2016,Production,ART DIRECTION,PRODUCTION DESIGN,an0811480,"Hail, Caesar!",tt0475290,Production Design: Jess Gonchor; Set Decoration: Nancy Haigh,"Jess Gonchor, Nancy Haigh","nm0327211,nm0354101",,,,,,2016
89,2016,Production,ART DIRECTION,PRODUCTION DESIGN,an0811481,La La Land,tt3783958,Production Design: David Wasco; Set Decoration: Sandy Reynolds-Wasco,"David Wasco, Sandy Reynolds-Wasco","nm0913300,nm0722012",True,,,,,2016
89,2016,Production,ART DIRECTION,PRODUCTION DESIGN,an0811482,Passengers,tt1355644,Production Design: Guy Hendrix Dyas; Set Decoration: Gene Serdena,"Guy Hendrix Dyas, Gene Serdena","nm0245596,nm0784922",,,,,,2016
89,2016,Title,SHORT FILM (Animated),SHORT FILM (Animated),an0808627,Blind Vaysha,tt5559726,Theodore Ushev,Theodore Ushev,nm1507308,,,,,,2016
89,2016,Title,SHORT FILM (Animated),SHORT FILM (Animated),an0808628,Borrowed Time,tt4874696,Andrew Coats and Lou Hamou-Lhadj,"Andrew Coats, Lou Hamou-Lhadj","nm2855383,nm3210583",,,,,,2016
89,2016,Title,SHORT FILM (Animated),SHORT FILM (Animated),an0808629,Pear Cider and Cigarettes,tt5358978,Robert Valley and Cara Speller,"Robert Valley, Cara Speller","nm3230254,nm1230132",,,,,,2016
89,2016,Title,SHORT FILM (Animated),SHORT FILM (Animated),an0808630,Pearl,tt5599918,Patrick Osborne,Patrick Osborne,nm2444148,,,,,,2016
89,2016,Title,SHORT FILM (Animated),SHORT FILM (Animated),an0808631,Piper,tt5613056,Alan Barillaro and Marc Sondheimer,"Alan Barillaro, Marc Sondheimer","nm0054659,nm3116149",True,,,,,2016
89,2016,Title,SHORT FILM (Live Action),SHORT FILM (Live Action),an0808632,Ennemis Intérieurs,tt5467670,Sélim Azzazi,Sélim Azzazi,nm1054871,,,,,,2016
89,2016,Title,SHORT FILM (Live Action),SHORT FILM (Live Action),an0808633,La Femme et le TGV,tt4661660,Timo von Gunten and Giacun Caduff,"Timo von Gunten, Giacun Caduff","nm4497243,nm1942413",,,,,,2016
89,2016,Title,SHORT FILM (Live Action),SHORT FILM (Live Action),an0808636,Silent Nights,tt6460636,Aske Bang and Kim Magnusson,"Aske Bang, Kim Magnusson","nm2957173,nm0536385",,,,,,2016
89,2016,Title,SHORT FILM (Live Action),SHORT FILM (Live Action),an0808634,Sing,tt4571288,Kristof Deák and Anna Udvardy,"Kristof Deák, Anna Udvardy","nm2038042,nm2686265",True,,,,,2016
89,2016,Title,SHORT FILM (Live Action),SHORT FILM (Live Action),an0808635,Timecode,tt5699202,Juanjo Giménez,Juanjo Giménez,nm0319781,,,,,,2016
89,2016,Production,SOUND EDITING,SOUND EDITING,an0808607,Arrival,tt2543164,Sylvain Bellemare,Sylvain Bellemare,nm0068858,True,,,,,2016
89,2016,Production,SOUND EDITING,SOUND EDITING,an0808608,Deepwater Horizon,tt1860357,Wylie Stateman and Renée Tondelli,"Wylie Stateman, Renée Tondelli","nm0823758,nm0867123",,,,,,2016
89,2016,Production,SOUND EDITING,SOUND EDITING,an0808609,Hacksaw Ridge,tt2119532,Robert Mackenzie and Andy Wright,"Robert Mackenzie, Andy Wright","nm1464727,nm1649593",,,,,,2016
89,2016,Production,SOUND EDITING,SOUND EDITING,an0808610,La La Land,tt3783958,Ai-Ling Lee and Mildred Iatrou Morgan,"Ai-Ling Lee, Mildred Iatrou Morgan","nm0496763,nm0406375",,,,,,2016
89,2016,Production,SOUND EDITING,SOUND EDITING,an0808611,Sully,tt3263904,Alan Robert Murray and Bub Asman,"Alan Robert Murray, Bub Asman","nm0614812,nm0039544",,,,,,2016
89,2016,Production,SOUND MIXING,SOUND MIXING,an0808602,Arrival,tt2543164,Bernard Gariépy Strobl and Claude La Haye,"Bernard Gariépy Strobl, Claude La Haye","nm0307483,nm0478639",,,,,,2016
89,2016,Production,SOUND MIXING,SOUND MIXING,an0808603,Hacksaw Ridge,tt2119532,"Kevin O'Connell, Andy Wright, Robert Mackenzie and Peter Grace","Kevin O'Connell, Andy Wright, Robert Mackenzie, Peter Grace","nm0640114,nm1649593,nm1464727,nm0333384",True,,,,,2016
89,2016,Production,SOUND MIXING,SOUND MIXING,an0808604,La La Land,tt3783958,"Andy Nelson, Ai-Ling Lee and Steve A. Morrow","Andy Nelson, Ai-Ling Lee, Steve A. Morrow","nm0625144,nm0496763,nm0607551",,,,,,2016
89,2016,Production,SOUND MIXING,SOUND MIXING,an0808605,Rogue One: A Star Wars Story,tt3748528,"David Parker, Christopher Scarabosio and Stuart Wilson","David Parker, Christopher Scarabosio, Stuart Wilson","nm0662188,nm0769042,nm0934184",,,,,,2016
89,2016,Production,SOUND MIXING,SOUND MIXING,an0821233,13 Hours: The Secret Soldiers of Benghazi,tt4172430,"Gary Summers, Jeffrey J. Haboush and Mac Ruth","Gary Summers, Jeffrey J. Haboush, Mac Ruth","nm0838707,nm0352300,nm0002314",,,"NOTE: The nomination as it was originally announced on January 24, 2017, included four names: Greg P. Russell, Gary Summers, Jeffrey J. Haboush and Mac Ruth. It was later determined that during the nominations phase Mr. Russell had violated Academy campaign regulations that prohibit telephone lobbying. Upon recommendation of the Sound Branch Executive Committee, the Academy's Board of Governors voted on February 23 to rescind the Sound Mixing nomination for Mr. Russell.",,,2016
89,2016,Production,VISUAL EFFECTS,VISUAL EFFECTS,an0808612,Deepwater Horizon,tt1860357,"Craig Hammack, Jason Snell, Jason Billington and Burt Dalton","Craig Hammack, Jason Snell, Jason Billington, Burt Dalton","nm0358342,nm0811043,nm1313725,nm0198245",,,,,,2016
89,2016,Production,VISUAL EFFECTS,VISUAL EFFECTS,an0808613,Doctor Strange,tt1211837,"Stephane Ceretti, Richard Bluff, Vincent Cirelli and Paul Corbould","Stephane Ceretti, Richard Bluff, Vincent Cirelli, Paul Corbould","nm0148547,nm1363090,nm1713374,nm0179274",,,,,,2016
89,2016,Production,VISUAL EFFECTS,VISUAL EFFECTS,an0808614,The Jungle Book,tt3040964,"Robert Legato, Adam Valdez, Andrew R. Jones and Dan Lemmon","Robert Legato, Adam Valdez, Andrew R. Jones, Dan Lemmon","nm0499215,nm0883628,nm1002475,nm0501424",True,,,,,2016
89,2016,Production,VISUAL EFFECTS,VISUAL EFFECTS,an0808615,Kubo and the Two Strings,tt4302938,"Steve Emerson, Oliver Jones, Brian McLean and Brad Schiff","Steve Emerson, Oliver Jones, Brian McLean, Brad Schiff","nm0256256,nm2885050,nm3293221,nm0771464",,,,,,2016
89,2016,Production,VISUAL EFFECTS,VISUAL EFFECTS,an0808616,Rogue One: A Star Wars Story,tt3748528,"John Knoll, Mohen Leo, Hal Hickel and Neil Corbould","John Knoll, Mohen Leo, Hal Hickel, Neil Corbould","nm0461306,nm0502426,nm0382579,nm0179273",,,,,,2016
89,2016,Writing,WRITING (Adapted Screenplay),WRITING (Adapted Screenplay),an0808554,Arrival,tt2543164,Screenplay by Eric Heisserer,Eric Heisserer,nm2104063,,,,,,2016
89,2016,Writing,WRITING (Adapted Screenplay),WRITING (Adapted Screenplay),an0808555,Fences,tt2671706,Screenplay by August Wilson,August Wilson,nm0933025,,,,,,2016
89,2016,Writing,WRITING (Adapted Screenplay),WRITING (Adapted Screenplay),an0808556,Hidden Figures,tt4846340,Screenplay by Allison Schroeder and Theodore Melfi,"Allison Schroeder, Theodore Melfi","nm2284377,nm0577647",,,,,,2016
89,2016,Writing,WRITING (Adapted Screenplay),WRITING (Adapted Screenplay),an0808557,Lion,tt3741834,Screenplay by Luke Davies,Luke Davies,nm1729294,,,,,,2016
89,2016,Writing,WRITING (Adapted Screenplay),WRITING (Adapted Screenplay),an0811475,Moonlight,tt4975722,Screenplay by Barry Jenkins; Story by Tarell Alvin McCraney,"Barry Jenkins, Tarell Alvin McCraney","nm1503575,nm4144120",True,,,,,2016
89,2016,Writing,WRITING (Original Screenplay),WRITING (Original Screenplay),an0808549,Hell or High Water,tt2582782,Written by Taylor Sheridan,Taylor Sheridan,nm0792263,,,,,,2016
89,2016,Writing,WRITING (Original Screenplay),WRITING (Original Screenplay),an0808550,La La Land,tt3783958,Written by Damien Chazelle,Damien Chazelle,nm3227090,,,,,,2016
89,2016,Writing,WRITING (Original Screenplay),WRITING (Original Screenplay),an0808551,The Lobster,tt3464902,"Written by Yorgos Lanthimos, Efthimis Filippou","Yorgos Lanthimos, Efthimis Filippou","nm0487166,nm3328207",,,,,,2016
89,2016,Writing,WRITING (Original Screenplay),WRITING (Original Screenplay),an0808552,Manchester by the Sea,tt4034228,Written by Kenneth Lonergan,Kenneth Lonergan,nm0518836,True,,,,,2016
89,2016,Writing,WRITING (Original Screenplay),WRITING (Original Screenplay),an0808553,20th Century Women,tt4385888,Written by Mike Mills,Mike Mills,nm0590122,,,,,,2016
90,2017,Acting,ACTOR IN A LEADING ROLE,ACTOR IN A LEADING ROLE,an0908191,Call Me by Your Name,tt5726616,Timothée Chalamet,Timothée Chalamet,nm3154303,,Elio,,,,2017
90,2017,Acting,ACTOR IN A LEADING ROLE,ACTOR IN A LEADING ROLE,an0943546,Phantom Thread,tt5776858,Daniel Day-Lewis,Daniel Day-Lewis,nm0000358,,Reynolds Woodcock,,,,2017
90,2017,Acting,ACTOR IN A LEADING ROLE,ACTOR IN A LEADING ROLE,an0943549,Get Out,tt5052448,Daniel Kaluuya,Daniel Kaluuya,nm2257207,,Chris Washington,,,,2017
90,2017,Acting,ACTOR IN A LEADING ROLE,ACTOR IN A LEADING ROLE,an0943550,Darkest Hour,tt4555426,Gary Oldman,Gary Oldman,nm0000198,True,Winston Churchill,,,,2017
90,2017,Acting,ACTOR IN A LEADING ROLE,ACTOR IN A LEADING ROLE,an0943551,"Roman J. Israel, Esq.",tt6000478,Denzel Washington,Denzel Washington,nm0000243,,"Roman J. Israel, Esq.",,,,2017
90,2017,Acting,ACTOR IN A SUPPORTING ROLE,ACTOR IN A SUPPORTING ROLE,an0908193,The Florida Project,tt5649144,Willem Dafoe,Willem Dafoe,nm0000353,,Bobby,,,,2017
90,2017,Acting,ACTOR IN A SUPPORTING ROLE,ACTOR IN A SUPPORTING ROLE,an0943570,"Three Billboards outside Ebbing, Missouri",tt5027774,Woody Harrelson,Woody Harrelson,nm0000437,,Willoughby,,,,2017
90,2017,Acting,ACTOR IN A SUPPORTING ROLE,ACTOR IN A SUPPORTING ROLE,an0943563,The Shape of Water,tt5580390,Richard Jenkins,Richard Jenkins,nm0420955,,Giles,,,,2017
90,2017,Acting,ACTOR IN A SUPPORTING ROLE,ACTOR IN A SUPPORTING ROLE,an0943566,All the Money in the World,tt5294550,Christopher Plummer,Christopher Plummer,nm0001626,,J. Paul Getty,,,,2017
90,2017,Acting,ACTOR IN A SUPPORTING ROLE,ACTOR IN A SUPPORTING ROLE,an0943567,"Three Billboards outside Ebbing, Missouri",tt5027774,Sam Rockwell,Sam Rockwell,nm0005377,True,Dixon,,,,2017
90,2017,Acting,ACTRESS IN A LEADING ROLE,ACTRESS IN A LEADING ROLE,an0943538,The Shape of Water,tt5580390,Sally Hawkins,Sally Hawkins,nm1020089,,Elisa Esposito,,,,2017
90,2017,Acting,ACTRESS IN A LEADING ROLE,ACTRESS IN A LEADING ROLE,an0943539,"Three Billboards outside Ebbing, Missouri",tt5027774,Frances McDormand,Frances McDormand,nm0000531,True,Mildred,,,,2017
90,2017,Acting,ACTRESS IN A LEADING ROLE,ACTRESS IN A LEADING ROLE,an0943540,"I, Tonya",tt5580036,Margot Robbie,Margot Robbie,nm3053338,,Tonya Harding,,,,2017
90,2017,Acting,ACTRESS IN A LEADING ROLE,ACTRESS IN A LEADING ROLE,an0943541,Lady Bird,tt4925292,Saoirse Ronan,Saoirse Ronan,nm1519680,,Lady Bird McPherson,,,,2017
90,2017,Acting,ACTRESS IN A LEADING ROLE,ACTRESS IN A LEADING ROLE,an0943542,The Post,tt6294822,Meryl Streep,Meryl Streep,nm0000658,,Kay Graham,,,,2017
90,2017,Acting,ACTRESS IN A SUPPORTING ROLE,ACTRESS IN A SUPPORTING ROLE,an0908194,Mudbound,tt2396589,Mary J. Blige,Mary J. Blige,nm0004763,,Florence Jackson,,,,2017
90,2017,Acting,ACTRESS IN A SUPPORTING ROLE,ACTRESS IN A SUPPORTING ROLE,an0943576,"I, Tonya",tt5580036,Allison Janney,Allison Janney,nm0005049,True,LaVona,,,,2017
90,2017,Acting,ACTRESS IN A SUPPORTING ROLE,ACTRESS IN A SUPPORTING ROLE,an0943581,Phantom Thread,tt5776858,Lesley Manville,Lesley Manville,nm0544334,,Cyril,,,,2017
90,2017,Acting,ACTRESS IN A SUPPORTING ROLE,ACTRESS IN A SUPPORTING ROLE,an0943577,Lady Bird,tt4925292,Laurie Metcalf,Laurie Metcalf,nm0582418,,Marion McPherson,,,,2017
90,2017,Acting,ACTRESS IN A SUPPORTING ROLE,ACTRESS IN A SUPPORTING ROLE,an0943579,The Shape of Water,tt5580390,Octavia Spencer,Octavia Spencer,nm0818055,,Zelda Fuller,,,,2017
90,2017,Title,ANIMATED FEATURE FILM,ANIMATED FEATURE FILM,an0954551,The Boss Baby,tt3874544,Tom McGrath and Ramsey Naito,"Tom McGrath, Ramsey Naito","nm0569891,nm0619820",,,,,,2017
90,2017,Title,ANIMATED FEATURE FILM,ANIMATED FEATURE FILM,an0954556,The Breadwinner,tt3901826,Nora Twomey and Anthony Leo,"Nora Twomey, Anthony Leo","nm1316072,nm1479800",,,,,,2017
90,2017,Title,ANIMATED FEATURE FILM,ANIMATED FEATURE FILM,an0954550,Coco,tt2380307,Lee Unkrich and Darla K. Anderson,"Lee Unkrich, Darla K. Anderson","nm0881279,nm0026565",True,,,,,2017
90,2017,Title,ANIMATED FEATURE FILM,ANIMATED FEATURE FILM,an0954563,Ferdinand,tt3411444,Carlos Saldanha and Lori Forte,"Carlos Saldanha, Lori Forte","nm0757858,nm1000858",,,,,,2017
90,2017,Title,ANIMATED FEATURE FILM,ANIMATED FEATURE FILM,an0954552,Loving Vincent,tt3262342,"Dorota Kobiela, Hugh Welchman and Ivan Mactaggart","Dorota Kobiela, Hugh Welchman, Ivan Mactaggart","nm3699790,nm1364790,nm1597847",,,,,,2017
90,2017,Production,CINEMATOGRAPHY,CINEMATOGRAPHY,an0908199,Blade Runner 2049,tt1856101,Roger A. Deakins,Roger A. Deakins,nm0005683,True,,,,,2017
90,2017,Production,CINEMATOGRAPHY,CINEMATOGRAPHY,an0943626,Darkest Hour,tt4555426,Bruno Delbonnel,Bruno Delbonnel,nm0216632,,,,,,2017
90,2017,Production,CINEMATOGRAPHY,CINEMATOGRAPHY,an0943621,Dunkirk,tt5013056,Hoyte van Hoytema,Hoyte van Hoytema,nm0887227,,,,,,2017
90,2017,Production,CINEMATOGRAPHY,CINEMATOGRAPHY,an0943623,Mudbound,tt2396589,Rachel Morrison,Rachel Morrison,nm1121126,,,,,,2017
90,2017,Production,CINEMATOGRAPHY,CINEMATOGRAPHY,an0943624,The Shape of Water,tt5580390,Dan Laustsen,Dan Laustsen,nm0491565,,,,,,2017
90,2017,Production,COSTUME DESIGN,COSTUME DESIGN,an0908202,Beauty and the Beast,tt2771200,Jacqueline Durran,Jacqueline Durran,nm0244330,,,,,,2017
90,2017,Production,COSTUME DESIGN,COSTUME DESIGN,an0951685,Darkest Hour,tt4555426,Jacqueline Durran,Jacqueline Durran,nm0244330,,,,,,2017
90,2017,Production,COSTUME DESIGN,COSTUME DESIGN,an0951677,Phantom Thread,tt5776858,Mark Bridges,Mark Bridges,nm0108775,True,,,,,2017
90,2017,Production,COSTUME DESIGN,COSTUME DESIGN,an0951679,The Shape of Water,tt5580390,Luis Sequeira,Luis Sequeira,nm0784751,,,,,,2017
90,2017,Production,COSTUME DESIGN,COSTUME DESIGN,an0951687,Victoria & Abdul,tt5816682,Consolata Boyle,Consolata Boyle,nm0102219,,,,,,2017
90,2017,Directing,DIRECTING,DIRECTING,an0943609,Dunkirk,tt5013056,Christopher Nolan,Christopher Nolan,nm0634240,,,,,,2017
90,2017,Directing,DIRECTING,DIRECTING,an0943602,Get Out,tt5052448,Jordan Peele,Jordan Peele,nm1443502,,,,,,2017
90,2017,Directing,DIRECTING,DIRECTING,an0943601,Lady Bird,tt4925292,Greta Gerwig,Greta Gerwig,nm1950086,,,,,,2017
90,2017,Directing,DIRECTING,DIRECTING,an0954570,Phantom Thread,tt5776858,Paul Thomas Anderson,Paul Thomas Anderson,nm0000759,,,,,,2017
90,2017,Directing,DIRECTING,DIRECTING,an0908195,The Shape of Water,tt5580390,Guillermo del Toro,Guillermo del Toro,nm0868219,True,,,,,2017
90,2017,Title,DOCUMENTARY (Feature),DOCUMENTARY (Feature),an0908209,Abacus: Small Enough to Jail,tt5952382,"Steve James, Mark Mitten and Julie Goldman","Steve James, Mark Mitten, Julie Goldman","nm0416945,nm5954658,nm0325821",,,,,,2017
90,2017,Title,DOCUMENTARY (Feature),DOCUMENTARY (Feature),an0934619,Faces Places,tt5598102,"Agnès Varda, JR and Rosalie Varda","Agnès Varda, JR, Rosalie Varda","nm0889513,nm2346254,nm0889518",,,,,,2017
90,2017,Title,DOCUMENTARY (Feature),DOCUMENTARY (Feature),an0934621,Icarus,tt6333060,Bryan Fogel and Dan Cogan,"Bryan Fogel, Dan Cogan","nm2406731,nm0169000",True,,,,,2017
90,2017,Title,DOCUMENTARY (Feature),DOCUMENTARY (Feature),an0934625,Last Men in Aleppo,tt6333074,"Feras Fayyad, Kareem Abeed and Søren Steen Jespersen","Feras Fayyad, Kareem Abeed, Søren Steen Jespersen","nm5926047,nm8719525,nm1458996",,,,,,2017
90,2017,Title,DOCUMENTARY (Feature),DOCUMENTARY (Feature),an0934628,Strong Island,tt5873150,Yance Ford and Joslyn Barnes,"Yance Ford, Joslyn Barnes","nm3496466,nm0055656",,,,,,2017
90,2017,Title,DOCUMENTARY (Short Subject),DOCUMENTARY (Short Subject),an0924763,Edith+Eddie,tt6519356,Laura Checkoway and Thomas Lee Wright,"Laura Checkoway, Thomas Lee Wright","nm5323949,nm0942870",,,,,,2017
90,2017,Title,DOCUMENTARY (Short Subject),DOCUMENTARY (Short Subject),an0924765,Heaven Is a Traffic Jam on the 405,tt5095260,Frank Stiefel,Frank Stiefel,nm1103802,True,,,,,2017
90,2017,Title,DOCUMENTARY (Short Subject),DOCUMENTARY (Short Subject),an0924768,Heroin(e),tt7389366,Elaine McMillion Sheldon and Kerrin Sheldon,"Elaine McMillion Sheldon, Kerrin Sheldon","nm4140928,nm6463326",,,,,,2017
90,2017,Title,DOCUMENTARY (Short Subject),DOCUMENTARY (Short Subject),an0934630,Knife Skills,tt5745110,Thomas Lennon,Thomas Lennon,nm0502072,,,,,,2017
90,2017,Title,DOCUMENTARY (Short Subject),DOCUMENTARY (Short Subject),an0954569,Traffic Stop,tt7874708,Kate Davis and David Heilbroner,"Kate Davis, David Heilbroner","nm0204934,nm0374133",,,,,,2017
90,2017,Production,FILM EDITING,FILM EDITING,an0908201,Baby Driver,tt3890160,Paul Machliss and Jonathan Amos,"Paul Machliss, Jonathan Amos","nm0532651,nm1633672",,,,,,2017
90,2017,Production,FILM EDITING,FILM EDITING,an0908200,Dunkirk,tt5013056,Lee Smith,Lee Smith,nm0809059,True,,,,,2017
90,2017,Production,FILM EDITING,FILM EDITING,an0951725,"I, Tonya",tt5580036,Tatiana S. Riegel,Tatiana S. Riegel,nm0726186,,,,,,2017
90,2017,Production,FILM EDITING,FILM EDITING,an0951720,The Shape of Water,tt5580390,Sidney Wolinsky,Sidney Wolinsky,nm0938485,,,,,,2017
90,2017,Production,FILM EDITING,FILM EDITING,an0951721,"Three Billboards outside Ebbing, Missouri",tt5027774,Jon Gregory,Jon Gregory,nm0339856,,,,,,2017
90,2017,Title,INTERNATIONAL FEATURE FILM,FOREIGN LANGUAGE FILM,an0908198,A Fantastic Woman,tt5639354,Chile,,,True,,,,,2017
90,2017,Title,INTERNATIONAL FEATURE FILM,FOREIGN LANGUAGE FILM,an0934608,The Insult,tt7048622,Lebanon,,,,,,,,2017
90,2017,Title,INTERNATIONAL FEATURE FILM,FOREIGN LANGUAGE FILM,an0934609,Loveless,tt6304162,Russia,,,,,,,,2017
90,2017,Title,INTERNATIONAL FEATURE FILM,FOREIGN LANGUAGE FILM,an0934606,On Body and Soul,tt5607714,Hungary,,,,,,,,2017
90,2017,Title,INTERNATIONAL FEATURE FILM,FOREIGN LANGUAGE FILM,an0934612,The Square,tt4995790,Sweden,,,,,,,,2017
90,2017,Production,MAKEUP AND HAIRSTYLING,MAKEUP AND HAIRSTYLING,an0937428,Darkest Hour,tt4555426,"Kazuhiro Tsuji, David Malinowski and Lucy Sibbick","Kazuhiro Tsuji, David Malinowski, Lucy Sibbick","nm0875308,nm1339434,nm2378951",True,,,,,2017
90,2017,Production,MAKEUP AND HAIRSTYLING,MAKEUP AND HAIRSTYLING,an0937432,Victoria & Abdul,tt5816682,Daniel Phillips and Lou Sheppard,"Daniel Phillips, Lou Sheppard","nm0680066,nm0791965",,,,,,2017
90,2017,Production,MAKEUP AND HAIRSTYLING,MAKEUP AND HAIRSTYLING,an0937433,Wonder,tt2543472,Arjen Tuiten,Arjen Tuiten,nm1115465,,,,,,2017
90,2017,Music,MUSIC (Original Score),MUSIC (Original Score),an0908204,Dunkirk,tt5013056,Hans Zimmer,Hans Zimmer,nm0001877,,,,,,2017
90,2017,Music,MUSIC (Original Score),MUSIC (Original Score),an0943585,Phantom Thread,tt5776858,Jonny Greenwood,Jonny Greenwood,nm0339351,,,,,,2017
90,2017,Music,MUSIC (Original Score),MUSIC (Original Score),an0943587,The Shape of Water,tt5580390,Alexandre Desplat,Alexandre Desplat,nm0006035,True,,,,,2017
90,2017,Music,MUSIC (Original Score),MUSIC (Original Score),an0943584,Star Wars: The Last Jedi,tt2527336,John Williams,John Williams,nm0002354,,,,,,2017
90,2017,Music,MUSIC (Original Score),MUSIC (Original Score),an0943589,"Three Billboards outside Ebbing, Missouri",tt5027774,Carter Burwell,Carter Burwell,nm0001980,,,,,,2017
90,2017,Music,MUSIC (Original Song),MUSIC (Original Song),an0948106,Mudbound,tt2396589,"Music and Lyric by Mary J. Blige, Raphael Saadiq and Taura Stinson","Mary J. Blige, Raphael Saadiq, Taura Stinson","nm0004763,nm1277289,nm5921476",,Mighty River,,,,2017
90,2017,Music,MUSIC (Original Song),MUSIC (Original Song),an0948117,Call Me by Your Name,tt5726616,Music and Lyric by Sufjan Stevens,Sufjan Stevens,nm2014294,,Mystery Of Love,,,,2017
90,2017,Music,MUSIC (Original Song),MUSIC (Original Song),an0948091,Coco,tt2380307,Music and Lyric by Kristen Anderson-Lopez and Robert Lopez,"Kristen Anderson-Lopez, Robert Lopez","nm2844448,nm0520188",True,Remember Me,,,,2017
90,2017,Music,MUSIC (Original Song),MUSIC (Original Song),an0948118,Marshall,tt5301662,Music by Diane Warren; Lyric by Lonnie R. Lynn and Diane Warren,"Diane Warren, Lonnie R. Lynn","nm0005534,nm0996669",,Stand Up For Something,,,,2017
90,2017,Music,MUSIC (Original Song),MUSIC (Original Song),an0908205,The Greatest Showman,tt1485796,Music and Lyric by Benj Pasek and Justin Paul,"Benj Pasek, Justin Paul","nm2537947,nm2524192",,This Is Me,,,,2017
90,2017,Title,BEST PICTURE,BEST PICTURE,an0943518,Call Me by Your Name,tt5726616,"Peter Spears, Luca Guadagnino, Emilie Georges and Marco Morabito, Producers","Peter Spears, Luca Guadagnino, Emilie Georges, Marco Morabito","nm0817379,nm0345174,nm1899688,nm1150125",,,,,,2017
90,2017,Title,BEST PICTURE,BEST PICTURE,an0943519,Darkest Hour,tt4555426,"Tim Bevan, Eric Fellner, Lisa Bruce, Anthony McCarten and Douglas Urbanski, Producers","Tim Bevan, Eric Fellner, Lisa Bruce, Anthony McCarten, Douglas Urbanski","nm0079677,nm0271479,nm0115537,nm0565026,nm0881703",,,,,,2017
90,2017,Title,BEST PICTURE,BEST PICTURE,an0943520,Dunkirk,tt5013056,"Emma Thomas and Christopher Nolan, Producers","Emma Thomas, Christopher Nolan","nm0858799,nm0634240",,,,,,2017
90,2017,Title,BEST PICTURE,BEST PICTURE,an0943523,Get Out,tt5052448,"Sean McKittrick, Jason Blum, Edward H. Hamm Jr. and Jordan Peele, Producers","Sean McKittrick, Jason Blum, Edward H. Hamm Jr., Jordan Peele","nm0572014,nm0089658,nm1197257,nm1443502",,,,,,2017
90,2017,Title,BEST PICTURE,BEST PICTURE,an0943524,Lady Bird,tt4925292,"Scott Rudin, Eli Bush and Evelyn O'Neill, Producers","Scott Rudin, Eli Bush, Evelyn O'Neill","nm0748784,nm4791912,nm0642161",,,,,,2017
90,2017,Title,BEST PICTURE,BEST PICTURE,an0954571,Phantom Thread,tt5776858,"JoAnne Sellar, Paul Thomas Anderson, Megan Ellison and Daniel Lupi, Producers","JoAnne Sellar, Paul Thomas Anderson, Megan Ellison, Daniel Lupi","nm0783280,nm0000759,nm2691892,nm0526917",,,,,,2017
90,2017,Title,BEST PICTURE,BEST PICTURE,an0943526,The Post,tt6294822,"Amy Pascal, Steven Spielberg and Kristie Macosko Krieger, Producers","Amy Pascal, Steven Spielberg, Kristie Macosko Krieger","nm1166871,nm0000229,nm1069736",,,,,,2017
90,2017,Title,BEST PICTURE,BEST PICTURE,an0943528,The Shape of Water,tt5580390,"Guillermo del Toro and J. Miles Dale, Producers","Guillermo del Toro, J. Miles Dale","nm0868219,nm0197703",True,,,,,2017
90,2017,Title,BEST PICTURE,BEST PICTURE,an0943527,"Three Billboards outside Ebbing, Missouri",tt5027774,"Graham Broadbent, Pete Czernin and Martin McDonagh, Producers","Graham Broadbent, Pete Czernin, Martin McDonagh","nm0110357,nm0194446,nm1732981",,,,,,2017
90,2017,Production,ART DIRECTION,PRODUCTION DESIGN,an0954559,Beauty and the Beast,tt2771200,Production Design: Sarah Greenwood; Set Decoration: Katie Spencer,"Sarah Greenwood, Katie Spencer","nm0339391,nm0818005",,,,,,2017
90,2017,Production,ART DIRECTION,PRODUCTION DESIGN,an0954557,Blade Runner 2049,tt1856101,Production Design: Dennis Gassner; Set Decoration: Alessandra Querzola,"Dennis Gassner, Alessandra Querzola","nm0309357,nm0703301",,,,,,2017
90,2017,Production,ART DIRECTION,PRODUCTION DESIGN,an0954558,Darkest Hour,tt4555426,Production Design: Sarah Greenwood; Set Decoration: Katie Spencer,"Sarah Greenwood, Katie Spencer","nm0339391,nm0818005",,,,,,2017
90,2017,Production,ART DIRECTION,PRODUCTION DESIGN,an0954549,Dunkirk,tt5013056,Production Design: Nathan Crowley; Set Decoration: Gary Fettis,"Nathan Crowley, Gary Fettis","nm0189769,nm0275361",,,,,,2017
90,2017,Production,ART DIRECTION,PRODUCTION DESIGN,an0954560,The Shape of Water,tt5580390,Production Design: Paul Denham Austerberry; Set Decoration: Shane Vieau and Jeffrey A. Melvin,"Paul Denham Austerberry, Shane Vieau, Jeffrey A. Melvin","nm0042306,nm0896580,nm0578518",True,,,,,2017
90,2017,Title,SHORT FILM (Animated),SHORT FILM (Animated),an0908211,Dear Basketball,tt6794476,Glen Keane and Kobe Bryant,"Glen Keane, Kobe Bryant","nm0443855,nm1101483",True,,,,,2017
90,2017,Title,SHORT FILM (Animated),SHORT FILM (Animated),an0923067,Garden Party,tt6426140,Victor Caire and Gabriel Grapperon,"Victor Caire, Gabriel Grapperon","nm8709842,nm6593003",,,,,,2017
90,2017,Title,SHORT FILM (Animated),SHORT FILM (Animated),an0923072,Lou,tt6267732,Dave Mullins and Dana Murray,"Dave Mullins, Dana Murray","nm0612391,nm1733918",,,,,,2017
90,2017,Title,SHORT FILM (Animated),SHORT FILM (Animated),an0923074,Negative Space,tt7090150,Max Porter and Ru Kuwahata,"Max Porter, Ru Kuwahata","nm4713373,nm3353592",,,,,,2017
90,2017,Title,SHORT FILM (Animated),SHORT FILM (Animated),an0954567,Revolting Rhymes,tt6386210,Jakob Schuh and Jan Lachauer,"Jakob Schuh, Jan Lachauer","nm2104164,nm3936610",,,,,,2017
90,2017,Title,SHORT FILM (Live Action),SHORT FILM (Live Action),an0908212,DeKalb Elementary,tt5926890,Reed Van Dyk,Reed Van Dyk,nm1722815,,,,,,2017
90,2017,Title,SHORT FILM (Live Action),SHORT FILM (Live Action),an0943592,The Eleven O'Clock,tt6023474,Derin Seale and Josh Lawson,"Derin Seale, Josh Lawson","nm0780527,nm0493257",,,,,,2017
90,2017,Title,SHORT FILM (Live Action),SHORT FILM (Live Action),an0943596,My Nephew Emmett,tt6598290,"Kevin Wilson, Jr.",Kevin Wilson Jr.,nm5994206,,,,,,2017
90,2017,Title,SHORT FILM (Live Action),SHORT FILM (Live Action),an0943598,The Silent Child,tt6186970,Chris Overton and Rachel Shenton,"Chris Overton, Rachel Shenton","nm1546084,nm2053650",True,,,,,2017
90,2017,Title,SHORT FILM (Live Action),SHORT FILM (Live Action),an0943599,Watu Wote/All of Us,tt6333422,Katja Benrath and Tobias Rosen,"Katja Benrath, Tobias Rosen","nm2472144,nm3304899",,,,,,2017
90,2017,Production,SOUND EDITING,SOUND EDITING,an0951697,Baby Driver,tt3890160,Julian Slater,Julian Slater,nm0805398,,,,,,2017
90,2017,Production,SOUND EDITING,SOUND EDITING,an0951696,Blade Runner 2049,tt1856101,Mark Mangini and Theo Green,"Mark Mangini, Theo Green","nm0005625,nm1640468",,,,,,2017
90,2017,Production,SOUND EDITING,SOUND EDITING,an0908207,Dunkirk,tt5013056,Richard King and Alex Gibson,"Richard King, Alex Gibson","nm0455185,nm0316833",True,,,,,2017
90,2017,Production,SOUND EDITING,SOUND EDITING,an0951698,The Shape of Water,tt5580390,Nathan Robitaille and Nelson Ferreira,"Nathan Robitaille, Nelson Ferreira","nm0733255,nm0274399",,,,,,2017
90,2017,Production,SOUND EDITING,SOUND EDITING,an0951699,Star Wars: The Last Jedi,tt2527336,Matthew Wood and Ren Klyce,"Matthew Wood, Ren Klyce","nm0003214,nm0460274",,,,,,2017
90,2017,Production,SOUND MIXING,SOUND MIXING,an0908206,Baby Driver,tt3890160,"Julian Slater, Tim Cavagin and Mary H. Ellis","Julian Slater, Tim Cavagin, Mary H. Ellis","nm0805398,nm0146687,nm0254978",,,,,,2017
90,2017,Production,SOUND MIXING,SOUND MIXING,an0951703,Blade Runner 2049,tt1856101,"Ron Bartlett, Doug Hemphill and Mac Ruth","Ron Bartlett, Doug Hemphill, Mac Ruth","nm0058897,nm0376153,nm0002314",,,,,,2017
90,2017,Production,SOUND MIXING,SOUND MIXING,an0951702,Dunkirk,tt5013056,"Gregg Landaker, Gary A. Rizzo and Mark Weingarten","Gregg Landaker, Gary A. Rizzo, Mark Weingarten","nm0484414,nm0729886,nm0918319",True,,,,,2017
90,2017,Production,SOUND MIXING,SOUND MIXING,an0951705,The Shape of Water,tt5580390,"Christian Cooke, Brad Zoern and Glen Gauthier","Christian Cooke, Brad Zoern, Glen Gauthier","nm0177397,nm0957576,nm0310266",,,,,,2017
90,2017,Production,SOUND MIXING,SOUND MIXING,an0951707,Star Wars: The Last Jedi,tt2527336,"David Parker, Michael Semanick, Ren Klyce and Stuart Wilson","David Parker, Michael Semanick, Ren Klyce, Stuart Wilson","nm0662188,nm0783713,nm0460274,nm0934184",,,,,,2017
90,2017,Production,VISUAL EFFECTS,VISUAL EFFECTS,an0935924,Blade Runner 2049,tt1856101,"John Nelson, Gerd Nefzer, Paul Lambert and Richard R. Hoover","John Nelson, Gerd Nefzer, Paul Lambert, Richard R. Hoover","nm0625471,nm0275382,nm0995902,nm0393923",True,,,,,2017
90,2017,Production,VISUAL EFFECTS,VISUAL EFFECTS,an0935926,Guardians of the Galaxy Vol. 2,tt3896198,"Christopher Townsend, Guy Williams, Jonathan Fawkner and Dan Sudick","Christopher Townsend, Guy Williams, Jonathan Fawkner, Dan Sudick","nm0870102,nm1401413,nm1000834,nm0837203",,,,,,2017
90,2017,Production,VISUAL EFFECTS,VISUAL EFFECTS,an0935927,Kong: Skull Island,tt3731562,"Stephen Rosenbaum, Jeff White, Scott Benza and Mike Meinardus","Stephen Rosenbaum, Jeff White, Scott Benza, Mike Meinardus","nm0742155,nm1578635,nm1388484,nm0576870",,,,,,2017
90,2017,Production,VISUAL EFFECTS,VISUAL EFFECTS,an0935930,Star Wars: The Last Jedi,tt2527336,"Ben Morris, Mike Mulholland, Neal Scanlan and Chris Corbould","Ben Morris, Mike Mulholland, Neal Scanlan, Chris Corbould","nm0606377,nm0611855,nm0768943,nm0179269",,,,,,2017
90,2017,Production,VISUAL EFFECTS,VISUAL EFFECTS,an0954568,War for the Planet of the Apes,tt3450958,"Joe Letteri, Daniel Barrett, Dan Lemmon and Joel Whist","Joe Letteri, Daniel Barrett, Dan Lemmon, Joel Whist","nm0504784,nm2280778,nm0501424,nm0924221",,,,,,2017
90,2017,Writing,WRITING (Adapted Screenplay),WRITING (Adapted Screenplay),an0908197,Call Me by Your Name,tt5726616,Screenplay by James Ivory,James Ivory,nm0412465,True,,,,,2017
90,2017,Writing,WRITING (Adapted Screenplay),WRITING (Adapted Screenplay),an0943554,The Disaster Artist,tt3521126,Screenplay by Scott Neustadter & Michael H. Weber,"Scott Neustadter, Michael H. Weber","nm2354099,nm2352210",,,,,,2017
90,2017,Writing,WRITING (Adapted Screenplay),WRITING (Adapted Screenplay),an0952522,Logan,tt3315342,Screenplay by Scott Frank & James Mangold and Michael Green; Story by James Mangold,"Scott Frank, James Mangold, Michael Green","nm0291082,nm0003506,nm0338169",,,,,,2017
90,2017,Writing,WRITING (Adapted Screenplay),WRITING (Adapted Screenplay),an0943557,Molly's Game,tt4209788,Written for the screen by Aaron Sorkin,Aaron Sorkin,nm0815070,,,,,,2017
90,2017,Writing,WRITING (Adapted Screenplay),WRITING (Adapted Screenplay),an0943556,Mudbound,tt2396589,Screenplay by Virgil Williams and Dee Rees,"Virgil Williams, Dee Rees","nm1125049,nm2011696",,,,,,2017
90,2017,Writing,WRITING (Original Screenplay),WRITING (Original Screenplay),an0908196,The Big Sick,tt5462602,Written by Emily V. Gordon & Kumail Nanjiani,"Emily V. Gordon, Kumail Nanjiani","nm5077137,nm3529685",,,,,,2017
90,2017,Writing,WRITING (Original Screenplay),WRITING (Original Screenplay),an0943613,Get Out,tt5052448,Written by Jordan Peele,Jordan Peele,nm1443502,True,,,,,2017
90,2017,Writing,WRITING (Original Screenplay),WRITING (Original Screenplay),an0943612,Lady Bird,tt4925292,Written by Greta Gerwig,Greta Gerwig,nm1950086,,,,,,2017
90,2017,Writing,WRITING (Original Screenplay),WRITING (Original Screenplay),an0943614,The Shape of Water,tt5580390,Screenplay by Guillermo del Toro & Vanessa Taylor; Story by Guillermo del Toro,"Guillermo del Toro, Vanessa Taylor","nm0868219,nm0961827",,,,,,2017
90,2017,Writing,WRITING (Original Screenplay),WRITING (Original Screenplay),an0943616,"Three Billboards outside Ebbing, Missouri",tt5027774,Written by Martin McDonagh,Martin McDonagh,nm1732981,,,,,,2017
90,2017,Special,SPECIAL AWARD,SPECIAL AWARD,an0921759,CARNE y ARENA,tt6212516,,Alejandro G. Iñárritu,nm0327944,True,,,"To Alejandro G. Iñárritu's CARNE y ARENA virtual reality installation, in recognition of a visionary and powerful experience in storytelling.",,2017
91,2018,Acting,ACTOR IN A LEADING ROLE,ACTOR IN A LEADING ROLE,an1139331,Vice,tt6266538,Christian Bale,Christian Bale,nm0000288,,Dick Cheney,,,,2018
91,2018,Acting,ACTOR IN A LEADING ROLE,ACTOR IN A LEADING ROLE,an1141312,A Star Is Born,tt1517451,Bradley Cooper,Bradley Cooper,nm0177896,,Jack,,,,2018
91,2018,Acting,ACTOR IN A LEADING ROLE,ACTOR IN A LEADING ROLE,an1141313,At Eternity's Gate,tt6938828,Willem Dafoe,Willem Dafoe,nm0000353,,Vincent Van Gogh,,,,2018
91,2018,Acting,ACTOR IN A LEADING ROLE,ACTOR IN A LEADING ROLE,an1141314,Bohemian Rhapsody,tt1727824,Rami Malek,Rami Malek,nm1785339,True,Freddie Mercury,,,,2018
91,2018,Acting,ACTOR IN A LEADING ROLE,ACTOR IN A LEADING ROLE,an1141315,Green Book,tt6966692,Viggo Mortensen,Viggo Mortensen,nm0001557,,Tony Lip,,,,2018
91,2018,Acting,ACTOR IN A SUPPORTING ROLE,ACTOR IN A SUPPORTING ROLE,an1141345,Green Book,tt6966692,Mahershala Ali,Mahershala Ali,nm0991810,True,Dr. Donald Shirley,,,,2018
91,2018,Acting,ACTOR IN A SUPPORTING ROLE,ACTOR IN A SUPPORTING ROLE,an1141349,BlacKkKlansman,tt7349662,Adam Driver,Adam Driver,nm3485845,,Flip Zimmerman,,,,2018
91,2018,Acting,ACTOR IN A SUPPORTING ROLE,ACTOR IN A SUPPORTING ROLE,an1141347,A Star Is Born,tt1517451,Sam Elliott,Sam Elliott,nm0000385,,Bobby,,,,2018
91,2018,Acting,ACTOR IN A SUPPORTING ROLE,ACTOR IN A SUPPORTING ROLE,an1141346,Can You Ever Forgive Me?,tt4595882,Richard E. Grant,Richard E. Grant,nm0001290,,Jack Hock,,,,2018
91,2018,Acting,ACTOR IN A SUPPORTING ROLE,ACTOR IN A SUPPORTING ROLE,an1139330,Vice,tt6266538,Sam Rockwell,Sam Rockwell,nm0005377,,George W. Bush,,,,2018
91,2018,Acting,ACTRESS IN A LEADING ROLE,ACTRESS IN A LEADING ROLE,an1141323,Roma,tt6155172,Yalitza Aparicio,Yalitza Aparicio,nm8611957,,Cleo,,,,2018
91,2018,Acting,ACTRESS IN A LEADING ROLE,ACTRESS IN A LEADING ROLE,an1139329,The Wife,tt3750872,Glenn Close,Glenn Close,nm0000335,,Joan Castleman,,,,2018
91,2018,Acting,ACTRESS IN A LEADING ROLE,ACTRESS IN A LEADING ROLE,an1141324,The Favourite,tt5083738,Olivia Colman,Olivia Colman,nm1469236,True,Queen Anne,,,,2018
91,2018,Acting,ACTRESS IN A LEADING ROLE,ACTRESS IN A LEADING ROLE,an1141325,A Star Is Born,tt1517451,Lady Gaga,Lady Gaga,nm3078932,,Ally,,,,2018
91,2018,Acting,ACTRESS IN A LEADING ROLE,ACTRESS IN A LEADING ROLE,an1141326,Can You Ever Forgive Me?,tt4595882,Melissa McCarthy,Melissa McCarthy,nm0565250,,Lee Israel,,,,2018
91,2018,Acting,ACTRESS IN A SUPPORTING ROLE,ACTRESS IN A SUPPORTING ROLE,an1139328,Vice,tt6266538,Amy Adams,Amy Adams,nm0010736,,Lynne Cheney,,,,2018
91,2018,Acting,ACTRESS IN A SUPPORTING ROLE,ACTRESS IN A SUPPORTING ROLE,an1141342,Roma,tt6155172,Marina de Tavira,Marina de Tavira,nm0211920,,Sra. Sofia,,,,2018
91,2018,Acting,ACTRESS IN A SUPPORTING ROLE,ACTRESS IN A SUPPORTING ROLE,an1141335,If Beale Street Could Talk,tt7125860,Regina King,Regina King,nm0005093,True,Sharon Rivers,,,,2018
91,2018,Acting,ACTRESS IN A SUPPORTING ROLE,ACTRESS IN A SUPPORTING ROLE,an1141337,The Favourite,tt5083738,Emma Stone,Emma Stone,nm1297015,,Abigail,,,,2018
91,2018,Acting,ACTRESS IN A SUPPORTING ROLE,ACTRESS IN A SUPPORTING ROLE,an1141336,The Favourite,tt5083738,Rachel Weisz,Rachel Weisz,nm0001838,,Lady Sarah,,,,2018
91,2018,Title,ANIMATED FEATURE FILM,ANIMATED FEATURE FILM,an1141454,Incredibles 2,tt3606756,"Brad Bird, John Walker and Nicole Paradis Grindle","Brad Bird, John Walker, Nicole Paradis Grindle","nm0083348,nm0907869,nm0342430",,,,,,2018
91,2018,Title,ANIMATED FEATURE FILM,ANIMATED FEATURE FILM,an1141455,Isle of Dogs,tt5104604,"Wes Anderson, Scott Rudin, Steven Rales and Jeremy Dawson","Wes Anderson, Scott Rudin, Steven Rales, Jeremy Dawson","nm0027572,nm0748784,nm2262509,nm0206154",,,,,,2018
91,2018,Title,ANIMATED FEATURE FILM,ANIMATED FEATURE FILM,an1141457,Mirai,tt6900448,Mamoru Hosoda and Yuichiro Saito,"Mamoru Hosoda, Yuichiro Saito","nm0396074,nm2510203",,,,,,2018
91,2018,Title,ANIMATED FEATURE FILM,ANIMATED FEATURE FILM,an1141456,Ralph Breaks the Internet,tt5848272,"Rich Moore, Phil Johnston and Clark Spencer","Rich Moore, Phil Johnston, Clark Spencer","nm0601781,nm1601882,nm1192875",,,,,,2018
91,2018,Title,ANIMATED FEATURE FILM,ANIMATED FEATURE FILM,an1139334,Spider-Man: Into the Spider-Verse,tt4633694,"Bob Persichetti, Peter Ramsey, Rodney Rothman, Phil Lord and Christopher Miller","Bob Persichetti, Peter Ramsey, Rodney Rothman, Phil Lord, Christopher Miller","nm2130108,nm0709056,nm0745247,nm0520488,nm0588087",True,,,,,2018
91,2018,Production,CINEMATOGRAPHY,CINEMATOGRAPHY,an1141381,Cold War,tt6543652,Lukasz Zal,Lukasz Zal,nm2617994,,,,,,2018
91,2018,Production,CINEMATOGRAPHY,CINEMATOGRAPHY,an1141379,The Favourite,tt5083738,Robbie Ryan,Robbie Ryan,nm0752811,,,,,,2018
91,2018,Production,CINEMATOGRAPHY,CINEMATOGRAPHY,an1141490,Never Look Away,tt5311542,Caleb Deschanel,Caleb Deschanel,nm0221042,,,,,,2018
91,2018,Production,CINEMATOGRAPHY,CINEMATOGRAPHY,an1139342,Roma,tt6155172,Alfonso Cuarón,Alfonso Cuarón,nm0190859,True,,,,,2018
91,2018,Production,CINEMATOGRAPHY,CINEMATOGRAPHY,an1141380,A Star Is Born,tt1517451,Matthew Libatique,Matthew Libatique,nm0508732,,,,,,2018
91,2018,Production,COSTUME DESIGN,COSTUME DESIGN,an1141399,The Ballad of Buster Scruggs,tt6412452,Mary Zophres,Mary Zophres,nm0957861,,,,,,2018
91,2018,Production,COSTUME DESIGN,COSTUME DESIGN,an1141390,Black Panther,tt1825683,Ruth Carter,Ruth Carter,nm0141921,True,,,,,2018
91,2018,Production,COSTUME DESIGN,COSTUME DESIGN,an1139341,The Favourite,tt5083738,Sandy Powell,Sandy Powell,nm0694309,,,,,,2018
91,2018,Production,COSTUME DESIGN,COSTUME DESIGN,an1141391,Mary Poppins Returns,tt5028340,Sandy Powell,Sandy Powell,nm0694309,,,,,,2018
91,2018,Production,COSTUME DESIGN,COSTUME DESIGN,an1141392,Mary Queen of Scots,tt2328900,Alexandra Byrne,Alexandra Byrne,nm0126107,,,,,,2018
91,2018,Directing,DIRECTING,DIRECTING,an1141302,BlacKkKlansman,tt7349662,Spike Lee,Spike Lee,nm0000490,,,,,,2018
91,2018,Directing,DIRECTING,DIRECTING,an1141306,Cold War,tt6543652,Pawel Pawlikowski,Pawel Pawlikowski,nm0667734,,,,,,2018
91,2018,Directing,DIRECTING,DIRECTING,an1141303,The Favourite,tt5083738,Yorgos Lanthimos,Yorgos Lanthimos,nm0487166,,,,,,2018
91,2018,Directing,DIRECTING,DIRECTING,an1139340,Roma,tt6155172,Alfonso Cuarón,Alfonso Cuarón,nm0190859,True,,,,,2018
91,2018,Directing,DIRECTING,DIRECTING,an1141305,Vice,tt6266538,Adam McKay,Adam McKay,nm0570912,,,,,,2018
91,2018,Title,DOCUMENTARY (Feature),DOCUMENTARY (Feature),an1124500,Free Solo,tt7775622,"Elizabeth Chai Vasarhelyi, Jimmy Chin, Evan Hayes and Shannon Dill","Elizabeth Chai Vasarhelyi, Jimmy Chin, Evan Hayes, Shannon Dill","nm1888091,nm3011011,nm0371010,nm1634261",True,,,,,2018
91,2018,Title,DOCUMENTARY (Feature),DOCUMENTARY (Feature),an1124501,"Hale County This Morning, This Evening",tt6634646,"RaMell Ross, Joslyn Barnes and Su Kim","RaMell Ross, Joslyn Barnes, Su Kim","nm8840476,nm0055656,nm1756893",,,,,,2018
91,2018,Title,DOCUMENTARY (Feature),DOCUMENTARY (Feature),an1124502,Minding the Gap,tt7476236,Bing Liu and Diane Quon,"Bing Liu, Diane Quon","nm3294913,nm8568884",,,,,,2018
91,2018,Title,DOCUMENTARY (Feature),DOCUMENTARY (Feature),an1141493,Of Fathers and Sons,tt7519174,"Talal Derki, Ansgar Frerich, Eva Kemme and Tobias N. Siebert","Talal Derki, Ansgar Frerich, Eva Kemme, Tobias N. Siebert","nm5957513,nm1236527,nm1936245,nm1250460",,,,,,2018
91,2018,Title,DOCUMENTARY (Feature),DOCUMENTARY (Feature),an1124505,RBG,tt7689964,Betsy West and Julie Cohen,"Betsy West, Julie Cohen","nm1723335,nm3792517",,,,,,2018
91,2018,Title,DOCUMENTARY (Short Subject),DOCUMENTARY (Short Subject),an1124664,Black Sheep,tt7440094,Ed Perkins and Jonathan Chinn,"Ed Perkins, Jonathan Chinn","nm3598290,nm0157934",,,,,,2018
91,2018,Title,DOCUMENTARY (Short Subject),DOCUMENTARY (Short Subject),an1124665,End Game,tt7879350,Rob Epstein and Jeffrey Friedman,"Rob Epstein, Jeffrey Friedman","nm0258531,nm0295243",,,,,,2018
91,2018,Title,DOCUMENTARY (Short Subject),DOCUMENTARY (Short Subject),an1124666,Lifeboat,tt7446332,Skye Fitzgerald and Bryn Mooser,"Skye Fitzgerald, Bryn Mooser","nm1148695,nm1666274",,,,,,2018
91,2018,Title,DOCUMENTARY (Short Subject),DOCUMENTARY (Short Subject),an1124705,A Night at The Garden,tt7535612,Marshall Curry,Marshall Curry,nm1903582,,,,,,2018
91,2018,Title,DOCUMENTARY (Short Subject),DOCUMENTARY (Short Subject),an1124706,Period. End of Sentence.,tt6939026,Rayka Zehtabchi and Melissa Berton,"Rayka Zehtabchi, Melissa Berton","nm3593950,nm9021258",True,,,,,2018
91,2018,Production,FILM EDITING,FILM EDITING,an1141407,BlacKkKlansman,tt7349662,Barry Alexander Brown,Barry Alexander Brown,nm0113084,,,,,,2018
91,2018,Production,FILM EDITING,FILM EDITING,an1141408,Bohemian Rhapsody,tt1727824,John Ottman,John Ottman,nm0653211,True,,,,,2018
91,2018,Production,FILM EDITING,FILM EDITING,an1141406,The Favourite,tt5083738,Yorgos Mavropsaridis,Yorgos Mavropsaridis,nm0561430,,,,,,2018
91,2018,Production,FILM EDITING,FILM EDITING,an1141410,Green Book,tt6966692,Patrick J. Don Vito,Patrick J. Don Vito,nm0004011,,,,,,2018
91,2018,Production,FILM EDITING,FILM EDITING,an1141405,Vice,tt6266538,Hank Corwin,Hank Corwin,nm0181650,,,,,,2018
91,2018,Title,INTERNATIONAL FEATURE FILM,FOREIGN LANGUAGE FILM,an1124532,Capernaum,tt8267604,Lebanon,,,,,,,,2018
91,2018,Title,INTERNATIONAL FEATURE FILM,FOREIGN LANGUAGE FILM,an1124534,Cold War,tt6543652,Poland,,,,,,,,2018
91,2018,Title,INTERNATIONAL FEATURE FILM,FOREIGN LANGUAGE FILM,an1124529,Never Look Away,tt5311542,Germany,,,,,,,,2018
91,2018,Title,INTERNATIONAL FEATURE FILM,FOREIGN LANGUAGE FILM,an1124533,Roma,tt6155172,Mexico,,,True,,,,,2018
91,2018,Title,INTERNATIONAL FEATURE FILM,FOREIGN LANGUAGE FILM,an1124530,Shoplifters,tt8075192,Japan,,,,,,,,2018
91,2018,Production,MAKEUP AND HAIRSTYLING,MAKEUP AND HAIRSTYLING,an1124512,Border,tt5501104,Göran Lundström and Pamela Goldammer,"Göran Lundström, Pamela Goldammer","nm0526615,nm1744062",,,,,,2018
91,2018,Production,MAKEUP AND HAIRSTYLING,MAKEUP AND HAIRSTYLING,an1124513,Mary Queen of Scots,tt2328900,"Jenny Shircore, Marc Pilcher and Jessica Brooks","Jenny Shircore, Marc Pilcher, Jessica Brooks","nm0794246,nm1706094,nm1928126",,,,,,2018
91,2018,Production,MAKEUP AND HAIRSTYLING,MAKEUP AND HAIRSTYLING,an1124516,Vice,tt6266538,"Greg Cannom, Kate Biscoe and Patricia Dehaney","Greg Cannom, Kate Biscoe, Patricia Dehaney","nm0134148,nm0083917,nm0214912",True,,,,,2018
91,2018,Music,MUSIC (Original Score),MUSIC (Original Score),an1124539,Black Panther,tt1825683,Ludwig Goransson,Ludwig Goransson,nm3234869,True,,,,,2018
91,2018,Music,MUSIC (Original Score),MUSIC (Original Score),an1124540,BlacKkKlansman,tt7349662,Terence Blanchard,Terence Blanchard,nm0005966,,,,,,2018
91,2018,Music,MUSIC (Original Score),MUSIC (Original Score),an1124544,If Beale Street Could Talk,tt7125860,Nicholas Britell,Nicholas Britell,nm1615109,,,,,,2018
91,2018,Music,MUSIC (Original Score),MUSIC (Original Score),an1124545,Isle of Dogs,tt5104604,Alexandre Desplat,Alexandre Desplat,nm0006035,,,,,,2018
91,2018,Music,MUSIC (Original Score),MUSIC (Original Score),an1124546,Mary Poppins Returns,tt5028340,Marc Shaiman,Marc Shaiman,nm0003299,,,,,,2018
91,2018,Music,MUSIC (Original Song),MUSIC (Original Song),an1124602,Black Panther,tt1825683,"Music by Kendrick Lamar, Mark \""Sounwave\"" Spears and Anthony \""Top Dawg\"" Tiffith; Lyric by Kendrick Lamar, SZA and Anthony \""Top Dawg\"" Tiffith","Kendrick Lamar, Mark \""Sounwave\"" Spears, Anthony \""Top Dawg\"" Tiffith, SZA","nm5302509,nm6263328,nm7873889,nm6855916",,All The Stars,,,,2018
91,2018,Music,MUSIC (Original Song),MUSIC (Original Song),an1124609,RBG,tt7689964,Music and Lyric by Diane Warren,Diane Warren,nm0005534,,I'll Fight,,,,2018
91,2018,Music,MUSIC (Original Song),MUSIC (Original Song),an1124606,Mary Poppins Returns,tt5028340,Music by Marc Shaiman; Lyric by Scott Wittman and Marc Shaiman,"Marc Shaiman, Scott Wittman","nm0003299,nm0937096",,The Place Where Lost Things Go,,,,2018
91,2018,Music,MUSIC (Original Song),MUSIC (Original Song),an1124612,A Star Is Born,tt1517451,"Music and Lyric by Lady Gaga, Mark Ronson, Anthony Rossomando and Andrew Wyatt","Lady Gaga, Mark Ronson, Anthony Rossomando, Andrew Wyatt","nm3078932,nm1053148,nm2327017,nm1961278",True,Shallow,,,,2018
91,2018,Music,MUSIC (Original Song),MUSIC (Original Song),an1124600,The Ballad of Buster Scruggs,tt6412452,Music and Lyric by Gillian Welch and David Rawlings,"Gillian Welch, David Rawlings","nm0919553,nm1062848",,When A Cowboy Trades His Spurs For Wings,,,,2018
91,2018,Title,BEST PICTURE,BEST PICTURE,an1141288,Black Panther,tt1825683,"Kevin Feige, Producer",Kevin Feige,nm0270559,,,,,,2018
91,2018,Title,BEST PICTURE,BEST PICTURE,an1139333,BlacKkKlansman,tt7349662,"Sean McKittrick, Jason Blum, Raymond Mansfield, Jordan Peele and Spike Lee, Producers","Sean McKittrick, Jason Blum, Raymond Mansfield, Jordan Peele, Spike Lee","nm0572014,nm0089658,nm1506448,nm1443502,nm0000490",,,,,,2018
91,2018,Title,BEST PICTURE,BEST PICTURE,an1141289,Bohemian Rhapsody,tt1727824,"Graham King, Producer",Graham King,nm0454752,,,,,,2018
91,2018,Title,BEST PICTURE,BEST PICTURE,an1141290,The Favourite,tt5083738,"Ceci Dempsey, Ed Guiney, Lee Magiday and Yorgos Lanthimos, Producers","Ceci Dempsey, Ed Guiney, Lee Magiday, Yorgos Lanthimos","nm0218714,nm0347384,nm3717662,nm0487166",,,,,,2018
91,2018,Title,BEST PICTURE,BEST PICTURE,an1141291,Green Book,tt6966692,"Jim Burke, Charles B. Wessler, Brian Currie, Peter Farrelly and Nick Vallelonga, Producers","Jim Burke, Charles B. Wessler, Brian Currie, Peter Farrelly, Nick Vallelonga","nm0121724,nm0921853,nm0192942,nm0268380,nm0885014",True,,,,,2018
91,2018,Title,BEST PICTURE,BEST PICTURE,an1141292,Roma,tt6155172,"Gabriela Rodríguez and Alfonso Cuarón, Producers","Gabriela Rodríguez, Alfonso Cuarón","nm2342288,nm0190859",,,,,,2018
91,2018,Title,BEST PICTURE,BEST PICTURE,an1141293,A Star Is Born,tt1517451,"Bill Gerber, Bradley Cooper and Lynette Howell Taylor, Producers","Bill Gerber, Bradley Cooper, Lynette Howell Taylor","nm0314088,nm0177896,nm1987578",,,,,,2018
91,2018,Title,BEST PICTURE,BEST PICTURE,an1141295,Vice,tt6266538,"Dede Gardner, Jeremy Kleiner, Adam McKay and Kevin Messick, Producers","Dede Gardner, Jeremy Kleiner, Adam McKay, Kevin Messick","nm0306890,nm1250070,nm0570912,nm0582111",,,,,,2018
91,2018,Production,ART DIRECTION,PRODUCTION DESIGN,an1141416,Black Panther,tt1825683,Production Design: Hannah Beachler; Set Decoration: Jay Hart,"Hannah Beachler, Jay Hart","nm1667545,nm0366345",True,,,,,2018
91,2018,Production,ART DIRECTION,PRODUCTION DESIGN,an1139338,The Favourite,tt5083738,Production Design: Fiona Crombie; Set Decoration: Alice Felton,"Fiona Crombie, Alice Felton","nm2356249,nm1818912",,,,,,2018
91,2018,Production,ART DIRECTION,PRODUCTION DESIGN,an1141418,First Man,tt1213641,Production Design: Nathan Crowley; Set Decoration: Kathy Lucas,"Nathan Crowley, Kathy Lucas","nm0189769,nm0524205",,,,,,2018
91,2018,Production,ART DIRECTION,PRODUCTION DESIGN,an1141417,Mary Poppins Returns,tt5028340,Production Design: John Myhre; Set Decoration: Gordon Sim,"John Myhre, Gordon Sim","nm0616924,nm0799246",,,,,,2018
91,2018,Production,ART DIRECTION,PRODUCTION DESIGN,an1141419,Roma,tt6155172,Production Design: Eugenio Caballero; Set Decoration: Bárbara Enríquez,"Eugenio Caballero, Bárbara Enríquez","nm0127429,nm1735500",,,,,,2018
91,2018,Title,SHORT FILM (Animated),SHORT FILM (Animated),an1124711,Animal Behaviour,tt8615478,Alison Snowden and David Fine,"Alison Snowden, David Fine","nm0811345,nm0277599",,,,,,2018
91,2018,Title,SHORT FILM (Animated),SHORT FILM (Animated),an1124712,Bao,tt8075496,Domee Shi and Becky Neiman-Cobb,"Domee Shi, Becky Neiman-Cobb","nm7626019,nm2169250",True,,,,,2018
91,2018,Title,SHORT FILM (Animated),SHORT FILM (Animated),an1124715,Late Afternoon,tt7077824,Louise Bagnall and Nuria González Blanco,"Louise Bagnall, Nuria González Blanco","nm5370400,nm4447482",,,,,,2018
91,2018,Title,SHORT FILM (Animated),SHORT FILM (Animated),an1124718,One Small Step,tt8783042,Andrew Chesworth and Bobby Pontillas,"Andrew Chesworth, Bobby Pontillas","nm2314791,nm4668167",,,,,,2018
91,2018,Title,SHORT FILM (Animated),SHORT FILM (Animated),an1124716,Weekends,tt7375186,Trevor Jimenez,Trevor Jimenez,nm3266016,,,,,,2018
91,2018,Title,SHORT FILM (Live Action),SHORT FILM (Live Action),an1124589,Detainment,tt6813264,Vincent Lambe and Darren Mahon,"Vincent Lambe, Darren Mahon","nm1564793,nm6978857",,,,,,2018
91,2018,Title,SHORT FILM (Live Action),SHORT FILM (Live Action),an1124590,Fauve,tt7467476,Jeremy Comte and Maria Gracia Turgeon,"Jeremy Comte, Maria Gracia Turgeon","nm4478405,nm5637080",,,,,,2018
91,2018,Title,SHORT FILM (Live Action),SHORT FILM (Live Action),an1124592,Marguerite,tt6803040,Marianne Farley and Marie-Hélène Panisset,"Marianne Farley, Marie-Hélène Panisset","nm0857584,nm0659527",,,,,,2018
91,2018,Title,SHORT FILM (Live Action),SHORT FILM (Live Action),an1124596,Mother,tt6597824,Rodrigo Sorogoyen and María del Puy Alvarado,"Rodrigo Sorogoyen, María del Puy Alvarado","nm2507695,nm1966854",,,,,,2018
91,2018,Title,SHORT FILM (Live Action),SHORT FILM (Live Action),an1124594,Skin,tt7332306,Guy Nattiv and Jaime Ray Newman,"Guy Nattiv, Jaime Ray Newman","nm1142235,nm0628120",True,,,,,2018
91,2018,Production,SOUND EDITING,SOUND EDITING,an1141431,Black Panther,tt1825683,Benjamin A. Burtt and Steve Boeddeker,"Benjamin A. Burtt, Steve Boeddeker","nm8991894,nm0006655",,,,,,2018
91,2018,Production,SOUND EDITING,SOUND EDITING,an1141436,Bohemian Rhapsody,tt1727824,John Warhurst and Nina Hartstone,"John Warhurst, Nina Hartstone","nm1341243,nm0367243",True,,,,,2018
91,2018,Production,SOUND EDITING,SOUND EDITING,an1139337,First Man,tt1213641,Ai-Ling Lee and Mildred Iatrou Morgan,"Ai-Ling Lee, Mildred Iatrou Morgan","nm0496763,nm0406375",,,,,,2018
91,2018,Production,SOUND EDITING,SOUND EDITING,an1141430,A Quiet Place,tt6644200,Ethan Van der Ryn and Erik Aadahl,"Ethan Van der Ryn, Erik Aadahl","nm0886399,nm0007321",,,,,,2018
91,2018,Production,SOUND EDITING,SOUND EDITING,an1141432,Roma,tt6155172,Sergio Díaz and Skip Lievsay,"Sergio Díaz, Skip Lievsay","nm1784142,nm0509792",,,,,,2018
91,2018,Production,SOUND MIXING,SOUND MIXING,an1141446,Black Panther,tt1825683,"Steve Boeddeker, Brandon Proctor and Peter Devlin","Steve Boeddeker, Brandon Proctor, Peter Devlin","nm0006655,nm0698367,nm0222818",,,,,,2018
91,2018,Production,SOUND MIXING,SOUND MIXING,an1141445,Bohemian Rhapsody,tt1727824,"Paul Massey, Tim Cavagin and John Casali","Paul Massey, Tim Cavagin, John Casali","nm0557338,nm0146687,nm0142841",True,,,,,2018
91,2018,Production,SOUND MIXING,SOUND MIXING,an1141443,First Man,tt1213641,"Jon Taylor, Frank A. Montaño, Ai-Ling Lee and Mary H. Ellis","Jon Taylor, Frank A. Montaño, Ai-Ling Lee, Mary H. Ellis","nm0852656,nm0599057,nm0496763,nm0254978",,,,,,2018
91,2018,Production,SOUND MIXING,SOUND MIXING,an1141447,Roma,tt6155172,"Skip Lievsay, Craig Henighan and José Antonio García","Skip Lievsay, Craig Henighan, José Antonio García","nm0509792,nm0003357,nm0306223",,,,,,2018
91,2018,Production,SOUND MIXING,SOUND MIXING,an1139336,A Star Is Born,tt1517451,"Tom Ozanich, Dean Zupancic, Jason Ruder and Steve Morrow","Tom Ozanich, Dean Zupancic, Jason Ruder, Steve Morrow","nm0654696,nm0958711,nm1720819,nm0607551",,,,,,2018
91,2018,Production,VISUAL EFFECTS,VISUAL EFFECTS,an1124518,Avengers: Infinity War,tt4154756,"Dan DeLeeuw, Kelly Port, Russell Earl and Dan Sudick","Dan DeLeeuw, Kelly Port, Russell Earl, Dan Sudick","nm0216699,nm0691883,nm0247270,nm0837203",,,,,,2018
91,2018,Production,VISUAL EFFECTS,VISUAL EFFECTS,an1124520,Christopher Robin,tt4575576,"Christopher Lawrence, Michael Eames, Theo Jones and Chris Corbould","Christopher Lawrence, Michael Eames, Theo Jones, Chris Corbould","nm1165856,nm0247192,nm1623356,nm0179269",,,,,,2018
91,2018,Production,VISUAL EFFECTS,VISUAL EFFECTS,an1124521,First Man,tt1213641,"Paul Lambert, Ian Hunter, Tristan Myles and J.D. Schwalm","Paul Lambert, Ian Hunter, Tristan Myles, J.D. Schwalm","nm0995902,nm0402843,nm1629597,nm0777069",True,,,,,2018
91,2018,Production,VISUAL EFFECTS,VISUAL EFFECTS,an1124524,Ready Player One,tt1677720,"Roger Guyett, Grady Cofer, Matthew E. Butler and David Shirk","Roger Guyett, Grady Cofer, Matthew E. Butler, David Shirk","nm0004361,nm0168819,nm0125056,nm1874068",,,,,,2018
91,2018,Production,VISUAL EFFECTS,VISUAL EFFECTS,an1124525,Solo: A Star Wars Story,tt3778644,"Rob Bredow, Patrick Tubach, Neal Scanlan and Dominic Tuohy","Rob Bredow, Patrick Tubach, Neal Scanlan, Dominic Tuohy","nm0106650,nm0875604,nm0768943,nm0876716",,,,,,2018
91,2018,Writing,WRITING (Adapted Screenplay),WRITING (Adapted Screenplay),an1141491,The Ballad of Buster Scruggs,tt6412452,Written by Joel Coen & Ethan Coen,"Joel Coen, Ethan Coen","nm0001054,nm0001053",,,,,,2018
91,2018,Writing,WRITING (Adapted Screenplay),WRITING (Adapted Screenplay),an1139335,BlacKkKlansman,tt7349662,Written by Charlie Wachtel & David Rabinowitz and Kevin Willmott & Spike Lee,"Charlie Wachtel, David Rabinowitz, Kevin Willmott, Spike Lee","nm4478735,nm5161275,nm0932551,nm0000490",True,,,,,2018
91,2018,Writing,WRITING (Adapted Screenplay),WRITING (Adapted Screenplay),an1141356,Can You Ever Forgive Me?,tt4595882,Screenplay by Nicole Holofcener and Jeff Whitty,"Nicole Holofcener, Jeff Whitty","nm0392237,nm1036221",,,,,,2018
91,2018,Writing,WRITING (Adapted Screenplay),WRITING (Adapted Screenplay),an1141492,If Beale Street Could Talk,tt7125860,Written for the screen by Barry Jenkins,Barry Jenkins,nm1503575,,,,,,2018
91,2018,Writing,WRITING (Adapted Screenplay),WRITING (Adapted Screenplay),an1141359,A Star Is Born,tt1517451,Screenplay by Eric Roth and Bradley Cooper & Will Fetters,"Eric Roth, Bradley Cooper, Will Fetters","nm0744839,nm0177896,nm3391497",,,,,,2018
91,2018,Writing,WRITING (Original Screenplay),WRITING (Original Screenplay),an1139332,The Favourite,tt5083738,Written by Deborah Davis and Tony McNamara,"Deborah Davis, Tony McNamara","nm7629302,nm1110111",,,,,,2018
91,2018,Writing,WRITING (Original Screenplay),WRITING (Original Screenplay),an1141371,First Reformed,tt6053438,Written by Paul Schrader,Paul Schrader,nm0001707,,,,,,2018
91,2018,Writing,WRITING (Original Screenplay),WRITING (Original Screenplay),an1141368,Green Book,tt6966692,"Written by Nick Vallelonga, Brian Currie, Peter Farrelly","Nick Vallelonga, Brian Currie, Peter Farrelly","nm0885014,nm0192942,nm0268380",True,,,,,2018
91,2018,Writing,WRITING (Original Screenplay),WRITING (Original Screenplay),an1141367,Roma,tt6155172,Written by Alfonso Cuarón,Alfonso Cuarón,nm0190859,,,,,,2018
91,2018,Writing,WRITING (Original Screenplay),WRITING (Original Screenplay),an1141369,Vice,tt6266538,Written by Adam McKay,Adam McKay,nm0570912,,,,,,2018
92,2019,Acting,ACTOR IN A LEADING ROLE,ACTOR IN A LEADING ROLE,an1295062,Pain and Glory,tt8291806,Antonio Banderas,Antonio Banderas,nm0000104,,Salvador,,,,2019
92,2019,Acting,ACTOR IN A LEADING ROLE,ACTOR IN A LEADING ROLE,an1295058,Once upon a Time...in Hollywood,tt7131622,Leonardo DiCaprio,Leonardo DiCaprio,nm0000138,,Rick Dalton,,,,2019
92,2019,Acting,ACTOR IN A LEADING ROLE,ACTOR IN A LEADING ROLE,an1295057,Marriage Story,tt7653254,Adam Driver,Adam Driver,nm3485845,,Charlie Barber,,,,2019
92,2019,Acting,ACTOR IN A LEADING ROLE,ACTOR IN A LEADING ROLE,an1295054,Joker,tt7286456,Joaquin Phoenix,Joaquin Phoenix,nm0001618,True,Arthur Fleck,,,,2019
92,2019,Acting,ACTOR IN A LEADING ROLE,ACTOR IN A LEADING ROLE,an1295063,The Two Popes,tt8404614,Jonathan Pryce,Jonathan Pryce,nm0000596,,Cardinal Jorge Bergoglio/Pope Francis,,,,2019
92,2019,Acting,ACTOR IN A SUPPORTING ROLE,ACTOR IN A SUPPORTING ROLE,an1295700,A Beautiful Day in the Neighborhood,tt3224458,Tom Hanks,Tom Hanks,nm0000158,,Fred Rogers,,,,2019
92,2019,Acting,ACTOR IN A SUPPORTING ROLE,ACTOR IN A SUPPORTING ROLE,an1295701,The Two Popes,tt8404614,Anthony Hopkins,Anthony Hopkins,nm0000164,,Cardinal Ratzinger/Pope Benedict,,,,2019
92,2019,Acting,ACTOR IN A SUPPORTING ROLE,ACTOR IN A SUPPORTING ROLE,an1295698,The Irishman,tt1302006,Al Pacino,Al Pacino,nm0000199,,Jimmy Hoffa,,,,2019
92,2019,Acting,ACTOR IN A SUPPORTING ROLE,ACTOR IN A SUPPORTING ROLE,an1295699,The Irishman,tt1302006,Joe Pesci,Joe Pesci,nm0000582,,Russell Bufalino,,,,2019
92,2019,Acting,ACTOR IN A SUPPORTING ROLE,ACTOR IN A SUPPORTING ROLE,an1295697,Once upon a Time...in Hollywood,tt7131622,Brad Pitt,Brad Pitt,nm0000093,True,Cliff Booth,,,,2019
92,2019,Acting,ACTRESS IN A LEADING ROLE,ACTRESS IN A LEADING ROLE,an1295048,Harriet,tt4648786,Cynthia Erivo,Cynthia Erivo,nm7248827,,Harriet/Minty,,,,2019
92,2019,Acting,ACTRESS IN A LEADING ROLE,ACTRESS IN A LEADING ROLE,an1295046,Marriage Story,tt7653254,Scarlett Johansson,Scarlett Johansson,nm0424060,,Nicole Barber,,,,2019
92,2019,Acting,ACTRESS IN A LEADING ROLE,ACTRESS IN A LEADING ROLE,an1295051,Little Women,tt3281548,Saoirse Ronan,Saoirse Ronan,nm1519680,,Jo March,,,,2019
92,2019,Acting,ACTRESS IN A LEADING ROLE,ACTRESS IN A LEADING ROLE,an1295047,Bombshell,tt6394270,Charlize Theron,Charlize Theron,nm0000234,,Megyn Kelly,,,,2019
92,2019,Acting,ACTRESS IN A LEADING ROLE,ACTRESS IN A LEADING ROLE,an1295045,Judy,tt7549996,Renée Zellweger,Renée Zellweger,nm0000250,True,Judy Garland,,,,2019
92,2019,Acting,ACTRESS IN A SUPPORTING ROLE,ACTRESS IN A SUPPORTING ROLE,an1295696,Richard Jewell,tt3513548,Kathy Bates,Kathy Bates,nm0000870,,Bobi Jewell,,,,2019
92,2019,Acting,ACTRESS IN A SUPPORTING ROLE,ACTRESS IN A SUPPORTING ROLE,an1295688,Marriage Story,tt7653254,Laura Dern,Laura Dern,nm0000368,True,Nora Fanshaw,,,,2019
92,2019,Acting,ACTRESS IN A SUPPORTING ROLE,ACTRESS IN A SUPPORTING ROLE,an1295690,Jojo Rabbit,tt2584384,Scarlett Johansson,Scarlett Johansson,nm0424060,,Rosie,,,,2019
92,2019,Acting,ACTRESS IN A SUPPORTING ROLE,ACTRESS IN A SUPPORTING ROLE,an1295691,Little Women,tt3281548,Florence Pugh,Florence Pugh,nm6073955,,Amy March,,,,2019
92,2019,Acting,ACTRESS IN A SUPPORTING ROLE,ACTRESS IN A SUPPORTING ROLE,an1295689,Bombshell,tt6394270,Margot Robbie,Margot Robbie,nm3053338,,Kayla Pospisil,,,,2019
92,2019,Title,ANIMATED FEATURE FILM,ANIMATED FEATURE FILM,an1295729,How to Train Your Dragon: The Hidden World,tt2386490,"Dean DeBlois, Bradford Lewis and Bonnie Arnold","Dean DeBlois, Bradford Lewis, Bonnie Arnold","nm0213450,nm0506977,nm0036366",,,,,,2019
92,2019,Title,ANIMATED FEATURE FILM,ANIMATED FEATURE FILM,an1295728,I Lost My Body,tt9806192,Jérémy Clapin and Marc du Pontavice,"Jérémy Clapin, Marc du Pontavice","nm3021346,nm0238941",,,,,,2019
92,2019,Title,ANIMATED FEATURE FILM,ANIMATED FEATURE FILM,an1295733,Klaus,tt4729430,"Sergio Pablos, Jinko Gotoh and Marisa Román","Sergio Pablos, Jinko Gotoh, Marisa Román","nm0655053,nm1380146,nm9282610",,,,,,2019
92,2019,Title,ANIMATED FEATURE FILM,ANIMATED FEATURE FILM,an1295726,Missing Link,tt6348138,"Chris Butler, Arianne Sutner and Travis Knight","Chris Butler, Arianne Sutner, Travis Knight","nm2752098,nm1750312,nm1325899",,,,,,2019
92,2019,Title,ANIMATED FEATURE FILM,ANIMATED FEATURE FILM,an1295724,Toy Story 4,tt1979376,"Josh Cooley, Mark Nielsen and Jonas Rivera","Josh Cooley, Mark Nielsen, Jonas Rivera","nm2155757,nm0630923,nm0729304",True,,,,,2019
92,2019,Production,CINEMATOGRAPHY,CINEMATOGRAPHY,an1295853,The Irishman,tt1302006,Rodrigo Prieto,Rodrigo Prieto,nm0006509,,,,,,2019
92,2019,Production,CINEMATOGRAPHY,CINEMATOGRAPHY,an1295856,Joker,tt7286456,Lawrence Sher,Lawrence Sher,nm0003394,,,,,,2019
92,2019,Production,CINEMATOGRAPHY,CINEMATOGRAPHY,an1295855,The Lighthouse,tt7984734,Jarin Blaschke,Jarin Blaschke,nm1144916,,,,,,2019
92,2019,Production,CINEMATOGRAPHY,CINEMATOGRAPHY,an1295851,1917,tt8579674,Roger Deakins,Roger Deakins,nm0005683,True,,,,,2019
92,2019,Production,CINEMATOGRAPHY,CINEMATOGRAPHY,an1295852,Once upon a Time...in Hollywood,tt7131622,Robert Richardson,Robert Richardson,nm0724744,,,,,,2019
92,2019,Production,COSTUME DESIGN,COSTUME DESIGN,an1295913,The Irishman,tt1302006,Sandy Powell and Christopher Peterson,"Sandy Powell, Christopher Peterson","nm0694309,nm1044613",,,,,,2019
92,2019,Production,COSTUME DESIGN,COSTUME DESIGN,an1295914,Jojo Rabbit,tt2584384,Mayes C. Rubeo,Mayes C. Rubeo,nm0747946,,,,,,2019
92,2019,Production,COSTUME DESIGN,COSTUME DESIGN,an1295915,Joker,tt7286456,Mark Bridges,Mark Bridges,nm0108775,,,,,,2019
92,2019,Production,COSTUME DESIGN,COSTUME DESIGN,an1295909,Little Women,tt3281548,Jacqueline Durran,Jacqueline Durran,nm0244330,True,,,,,2019
92,2019,Production,COSTUME DESIGN,COSTUME DESIGN,an1295908,Once upon a Time...in Hollywood,tt7131622,Arianne Phillips,Arianne Phillips,nm0680218,,,,,,2019
92,2019,Directing,DIRECTING,DIRECTING,an1295030,The Irishman,tt1302006,Martin Scorsese,Martin Scorsese,nm0000217,,,,,,2019
92,2019,Directing,DIRECTING,DIRECTING,an1295031,Joker,tt7286456,Todd Phillips,Todd Phillips,nm0680846,,,,,,2019
92,2019,Directing,DIRECTING,DIRECTING,an1295028,1917,tt8579674,Sam Mendes,Sam Mendes,nm0005222,,,,,,2019
92,2019,Directing,DIRECTING,DIRECTING,an1295029,Once upon a Time...in Hollywood,tt7131622,Quentin Tarantino,Quentin Tarantino,nm0000233,,,,,,2019
92,2019,Directing,DIRECTING,DIRECTING,an1295027,Parasite,tt6751668,Bong Joon Ho,Bong Joon Ho,nm0094435,True,,,,,2019
92,2019,Title,DOCUMENTARY (Feature),DOCUMENTARY (Feature),an1295737,American Factory,tt9351980,"Steven Bognar, Julia Reichert and Jeff Reichert","Steven Bognar, Julia Reichert, Jeff Reichert","nm0091840,nm0717064,nm1630563",True,,,,,2019
92,2019,Title,DOCUMENTARY (Feature),DOCUMENTARY (Feature),an1295741,The Cave,tt7178226,"Feras Fayyad, Kirstine Barfod and Sigrid Dyekjær","Feras Fayyad, Kirstine Barfod, Sigrid Dyekjær","nm5926047,nm3450798,nm1410710",,,,,,2019
92,2019,Title,DOCUMENTARY (Feature),DOCUMENTARY (Feature),an1296216,The Edge of Democracy,tt6016744,"Petra Costa, Joanna Natasegara, Shane Boris and Tiago Pavan","Petra Costa, Joanna Natasegara, Shane Boris, Tiago Pavan","nm3525467,nm3319085,nm3312530,nm6682792",,,,,,2019
92,2019,Title,DOCUMENTARY (Feature),DOCUMENTARY (Feature),an1295740,For Sama,tt9617456,Waad al-Kateab and Edward Watts,"Waad al-Kateab, Edward Watts","nm10408302,nm3117666",,,,,,2019
92,2019,Title,DOCUMENTARY (Feature),DOCUMENTARY (Feature),an1295738,Honeyland,tt8991268,"Ljubo Stefanov, Tamara Kotevska and Atanas Georgiev","Ljubo Stefanov, Tamara Kotevska, Atanas Georgiev","nm10118100,nm9393813,nm1389493",,,,,,2019
92,2019,Title,DOCUMENTARY (Short Subject),DOCUMENTARY (Short Subject),an1295894,In the Absence,tt9464764,Yi Seung-Jun and Gary Byung-Seok Kam,"Yi Seung-Jun, Gary Byung-Seok Kam","nm3508453,nm4351697",,,,,,2019
92,2019,Title,DOCUMENTARY (Short Subject),DOCUMENTARY (Short Subject),an1295880,Learning to Skateboard in a Warzone (If You're a Girl),tt10397932,Carol Dysinger and Elena Andreicheva,"Carol Dysinger, Elena Andreicheva","nm0246009,nm5073726",True,,,,,2019
92,2019,Title,DOCUMENTARY (Short Subject),DOCUMENTARY (Short Subject),an1296217,Life Overtakes Me,tt9204606,John Haptas and Kristine Samuelson,"John Haptas, Kristine Samuelson","nm0361635,nm0760552",,,,,,2019
92,2019,Title,DOCUMENTARY (Short Subject),DOCUMENTARY (Short Subject),an1295892,St. Louis Superman,tt10009148,Smriti Mundhra and Sami Khan,"Smriti Mundhra, Sami Khan","nm0612731,nm3172182",,,,,,2019
92,2019,Title,DOCUMENTARY (Short Subject),DOCUMENTARY (Short Subject),an1295889,Walk Run Cha-Cha,tt10182854,Laura Nix and Colette Sandstedt,"Laura Nix, Colette Sandstedt","nm0633177,nm1586984",,,,,,2019
92,2019,Production,FILM EDITING,FILM EDITING,an1295980,Ford v Ferrari,tt1950186,Michael McCusker and Andrew Buckland,"Michael McCusker, Andrew Buckland","nm0567331,nm0118202",True,,,,,2019
92,2019,Production,FILM EDITING,FILM EDITING,an1295977,The Irishman,tt1302006,Thelma Schoonmaker,Thelma Schoonmaker,nm0774817,,,,,,2019
92,2019,Production,FILM EDITING,FILM EDITING,an1295984,Jojo Rabbit,tt2584384,Tom Eagles,Tom Eagles,nm2305414,,,,,,2019
92,2019,Production,FILM EDITING,FILM EDITING,an1295982,Joker,tt7286456,Jeff Groth,Jeff Groth,nm0343846,,,,,,2019
92,2019,Production,FILM EDITING,FILM EDITING,an1295979,Parasite,tt6751668,Yang Jinmo,Yang Jinmo,nm2185967,,,,,,2019
92,2019,Title,INTERNATIONAL FEATURE FILM,INTERNATIONAL FEATURE FILM,an1295867,Corpus Christi,tt8649186,Poland,,,,,,,,2019
92,2019,Title,INTERNATIONAL FEATURE FILM,INTERNATIONAL FEATURE FILM,an1295862,Honeyland,tt8991268,North Macedonia,,,,,,,,2019
92,2019,Title,INTERNATIONAL FEATURE FILM,INTERNATIONAL FEATURE FILM,an1295864,Les Misérables,tt10199590,France,,,,,,,,2019
92,2019,Title,INTERNATIONAL FEATURE FILM,INTERNATIONAL FEATURE FILM,an1295861,Pain and Glory,tt8291806,Spain,,,,,,,,2019
92,2019,Title,INTERNATIONAL FEATURE FILM,INTERNATIONAL FEATURE FILM,an1295860,Parasite,tt6751668,South Korea,,,True,,,,,2019
92,2019,Production,MAKEUP AND HAIRSTYLING,MAKEUP AND HAIRSTYLING,an1295917,Bombshell,tt6394270,"Kazu Hiro, Anne Morgan and Vivian Baker","Kazu Hiro, Anne Morgan, Vivian Baker","nm0875308,nm0604479,nm0049004",True,,,,,2019
92,2019,Production,MAKEUP AND HAIRSTYLING,MAKEUP AND HAIRSTYLING,an1295918,Joker,tt7286456,Nicki Ledermann and Kay Georgiou,"Nicki Ledermann, Kay Georgiou","nm0496525,nm0313789",,,,,,2019
92,2019,Production,MAKEUP AND HAIRSTYLING,MAKEUP AND HAIRSTYLING,an1295919,Judy,tt7549996,Jeremy Woodhead,Jeremy Woodhead,nm0940291,,,,,,2019
92,2019,Production,MAKEUP AND HAIRSTYLING,MAKEUP AND HAIRSTYLING,an1295923,Maleficent: Mistress of Evil,tt4777008,"Paul Gooch, Arjen Tuiten and David White","Paul Gooch, Arjen Tuiten, David White","nm0328655,nm1115465,nm0924675",,,,,,2019
92,2019,Production,MAKEUP AND HAIRSTYLING,MAKEUP AND HAIRSTYLING,an1295924,1917,tt8579674,"Naomi Donne, Tristan Versluis and Rebecca Cole","Naomi Donne, Tristan Versluis, Rebecca Cole","nm0232644,nm1033448,nm1226541",,,,,,2019
92,2019,Music,MUSIC (Original Score),MUSIC (Original Score),an1295966,Joker,tt7286456,Hildur Guðnadóttir,Hildur Guðnadóttir,nm3723390,True,,,,,2019
92,2019,Music,MUSIC (Original Score),MUSIC (Original Score),an1295969,Little Women,tt3281548,Alexandre Desplat,Alexandre Desplat,nm0006035,,,,,,2019
92,2019,Music,MUSIC (Original Score),MUSIC (Original Score),an1295967,Marriage Story,tt7653254,Randy Newman,Randy Newman,nm0005271,,,,,,2019
92,2019,Music,MUSIC (Original Score),MUSIC (Original Score),an1295968,1917,tt8579674,Thomas Newman,Thomas Newman,nm0002353,,,,,,2019
92,2019,Music,MUSIC (Original Score),MUSIC (Original Score),an1295970,Star Wars: The Rise of Skywalker,tt2527338,John Williams,John Williams,nm0002354,,,,,,2019
92,2019,Music,MUSIC (Original Song),MUSIC (Original Song),an1296018,Toy Story 4,tt1979376,Music and Lyric by Randy Newman,Randy Newman,nm0005271,,I Can't Let You Throw Yourself Away,,,,2019
92,2019,Music,MUSIC (Original Song),MUSIC (Original Song),an1296012,Rocketman,tt2066051,Music by Elton John; Lyric by Bernie Taupin,"Elton John, Bernie Taupin","nm0005056,nm0005479",True,(I'm Gonna) Love Me Again,,,,2019
92,2019,Music,MUSIC (Original Song),MUSIC (Original Song),an1296017,Breakthrough,tt7083526,Music and Lyric by Diane Warren,Diane Warren,nm0005534,,I'm Standing With You,,,,2019
92,2019,Music,MUSIC (Original Song),MUSIC (Original Song),an1296013,Frozen II,tt4520988,Music and Lyric by Kristen Anderson-Lopez and Robert Lopez,"Kristen Anderson-Lopez, Robert Lopez","nm2844448,nm0520188",,Into The Unknown,,,,2019
92,2019,Music,MUSIC (Original Song),MUSIC (Original Song),an1296015,Harriet,tt4648786,Music and Lyric by Joshuah Brian Campbell and Cynthia Erivo,"Joshuah Brian Campbell, Cynthia Erivo","nm11140804,nm7248827",,Stand Up,,,,2019
92,2019,Title,BEST PICTURE,BEST PICTURE,an1295020,Ford v Ferrari,tt1950186,"Peter Chernin, Jenno Topping and James Mangold, Producers","Peter Chernin, Jenno Topping, James Mangold","nm1858656,nm0867768,nm0003506",,,,,,2019
92,2019,Title,BEST PICTURE,BEST PICTURE,an1296218,The Irishman,tt1302006,"Martin Scorsese, Robert De Niro, Jane Rosenthal and Emma Tillinger Koskoff, Producers","Martin Scorsese, Robert De Niro, Jane Rosenthal, Emma Tillinger Koskoff","nm0000217,nm0000134,nm0742772,nm0863374",,,,,,2019
92,2019,Title,BEST PICTURE,BEST PICTURE,an1295018,Jojo Rabbit,tt2584384,"Carthew Neal, Taika Waititi and Chelsea Winstanley, Producers","Carthew Neal, Taika Waititi, Chelsea Winstanley","nm2868859,nm0169806,nm4438615",,,,,,2019
92,2019,Title,BEST PICTURE,BEST PICTURE,an1295017,Joker,tt7286456,"Todd Phillips, Bradley Cooper and Emma Tillinger Koskoff, Producers","Todd Phillips, Bradley Cooper, Emma Tillinger Koskoff","nm0680846,nm0177896,nm0863374",,,,,,2019
92,2019,Title,BEST PICTURE,BEST PICTURE,an1295019,Little Women,tt3281548,"Amy Pascal, Producer",Amy Pascal,nm1166871,,,,,,2019
92,2019,Title,BEST PICTURE,BEST PICTURE,an1295015,Marriage Story,tt7653254,"Noah Baumbach and David Heyman, Producers","Noah Baumbach, David Heyman","nm0000876,nm0382268",,,,,,2019
92,2019,Title,BEST PICTURE,BEST PICTURE,an1295014,1917,tt8579674,"Sam Mendes, Pippa Harris, Jayne-Ann Tenggren and Callum McDougall, Producers","Sam Mendes, Pippa Harris, Jayne-Ann Tenggren, Callum McDougall","nm0005222,nm0365208,nm0854991,nm0568223",,,,,,2019
92,2019,Title,BEST PICTURE,BEST PICTURE,an1295013,Once upon a Time...in Hollywood,tt7131622,"David Heyman, Shannon McIntosh and Quentin Tarantino, Producers","David Heyman, Shannon McIntosh, Quentin Tarantino","nm0382268,nm0570690,nm0000233",,,,,,2019
92,2019,Title,BEST PICTURE,BEST PICTURE,an1295016,Parasite,tt6751668,"Kwak Sin Ae and Bong Joon Ho, Producers","Kwak Sin Ae, Bong Joon Ho","nm10113618,nm0094435",True,,,,,2019
92,2019,Production,ART DIRECTION,PRODUCTION DESIGN,an1295959,The Irishman,tt1302006,Production Design: Bob Shaw; Set Decoration: Regina Graves,"Bob Shaw, Regina Graves","nm0004052,nm0336340",,,,,,2019
92,2019,Production,ART DIRECTION,PRODUCTION DESIGN,an1295958,Jojo Rabbit,tt2584384,Production Design: Ra Vincent; Set Decoration: Nora Sopková,"Ra Vincent, Nora Sopková","nm1308151,nm4196495",,,,,,2019
92,2019,Production,ART DIRECTION,PRODUCTION DESIGN,an1295961,1917,tt8579674,Production Design: Dennis Gassner; Set Decoration: Lee Sandales,"Dennis Gassner, Lee Sandales","nm0309357,nm0761227",,,,,,2019
92,2019,Production,ART DIRECTION,PRODUCTION DESIGN,an1295960,Once upon a Time...in Hollywood,tt7131622,Production Design: Barbara Ling; Set Decoration: Nancy Haigh,"Barbara Ling, Nancy Haigh","nm0512686,nm0354101",True,,,,,2019
92,2019,Production,ART DIRECTION,PRODUCTION DESIGN,an1295962,Parasite,tt6751668,Production Design: Lee Ha Jun; Set Decoration: Cho Won Woo,"Lee Ha Jun, Cho Won Woo","nm4342766,nm6657856",,,,,,2019
92,2019,Title,SHORT FILM (Animated),SHORT FILM (Animated),an1295898,Dcera (Daughter),tt10923134,Daria Kashcheeva,Daria Kashcheeva,nm9032521,,,,,,2019
92,2019,Title,SHORT FILM (Animated),SHORT FILM (Animated),an1295895,Hair Love,tt7129636,Matthew A. Cherry and Karen Rupert Toliver,"Matthew A. Cherry, Karen Rupert Toliver","nm1525794,nm2702123",True,,,,,2019
92,2019,Title,SHORT FILM (Animated),SHORT FILM (Animated),an1295896,Kitbull,tt9536832,Rosana Sullivan and Kathryn Hendrickson,"Rosana Sullivan, Kathryn Hendrickson","nm3300040,nm4144523",,,,,,2019
92,2019,Title,SHORT FILM (Animated),SHORT FILM (Animated),an1296214,Memorable,tt10499942,Bruno Collet and Jean-François Le Corre,"Bruno Collet, Jean-François Le Corre","nm1170249,nm1803332",,,,,,2019
92,2019,Title,SHORT FILM (Animated),SHORT FILM (Animated),an1295901,Sister,tt9032798,Siqi Song,Siqi Song,nm5465317,,,,,,2019
92,2019,Title,SHORT FILM (Live Action),SHORT FILM (Live Action),an1295872,Brotherhood,tt8906678,Meryam Joobeur and Maria Gracia Turgeon,"Meryam Joobeur, Maria Gracia Turgeon","nm5084972,nm5637080",,,,,,2019
92,2019,Title,SHORT FILM (Live Action),SHORT FILM (Live Action),an1295879,Nefta Football Club,tt8551848,Yves Piat and Damien Megherbi,"Yves Piat, Damien Megherbi","nm1166989,nm6628142",,,,,,2019
92,2019,Title,SHORT FILM (Live Action),SHORT FILM (Live Action),an1295873,The Neighbors' Window,tt8163822,Marshall Curry,Marshall Curry,nm1903582,True,,,,,2019
92,2019,Title,SHORT FILM (Live Action),SHORT FILM (Live Action),an1296215,Saria,tt11421246,Bryan Buckley and Matt Lefebvre,"Bryan Buckley, Matt Lefebvre","nm1519252,nm4119897",,,,,,2019
92,2019,Title,SHORT FILM (Live Action),SHORT FILM (Live Action),an1295875,A Sister,tt8767544,Delphine Girard,Delphine Girard,nm5407860,,,,,,2019
92,2019,Production,SOUND EDITING,SOUND EDITING,an1296007,Ford v Ferrari,tt1950186,Donald Sylvester,Donald Sylvester,nm0843219,True,,,,,2019
92,2019,Production,SOUND EDITING,SOUND EDITING,an1296011,Joker,tt7286456,Alan Robert Murray,Alan Robert Murray,nm0614812,,,,,,2019
92,2019,Production,SOUND EDITING,SOUND EDITING,an1296005,1917,tt8579674,Oliver Tarney and Rachael Tate,"Oliver Tarney, Rachael Tate","nm0850549,nm2655291",,,,,,2019
92,2019,Production,SOUND EDITING,SOUND EDITING,an1296006,Once upon a Time...in Hollywood,tt7131622,Wylie Stateman,Wylie Stateman,nm0823758,,,,,,2019
92,2019,Production,SOUND EDITING,SOUND EDITING,an1296008,Star Wars: The Rise of Skywalker,tt2527338,Matthew Wood and David Acord,"Matthew Wood, David Acord","nm0003214,nm0004198",,,,,,2019
92,2019,Production,SOUND MIXING,SOUND MIXING,an1296003,Ad Astra,tt2935510,"Gary Rydstrom, Tom Johnson and Mark Ulano","Gary Rydstrom, Tom Johnson, Mark Ulano","nm0003977,nm0426348,nm0880360",,,,,,2019
92,2019,Production,SOUND MIXING,SOUND MIXING,an1295994,Ford v Ferrari,tt1950186,"Paul Massey, David Giammarco and Steven A. Morrow","Paul Massey, David Giammarco, Steven A. Morrow","nm0557338,nm0316102,nm0607551",,,,,,2019
92,2019,Production,SOUND MIXING,SOUND MIXING,an1295998,Joker,tt7286456,"Tom Ozanich, Dean Zupancic and Tod Maitland","Tom Ozanich, Dean Zupancic, Tod Maitland","nm0654696,nm0958711,nm0537972",,,,,,2019
92,2019,Production,SOUND MIXING,SOUND MIXING,an1295992,1917,tt8579674,Mark Taylor and Stuart Wilson,"Mark Taylor, Stuart Wilson","nm0852837,nm0934184",True,,,,,2019
92,2019,Production,SOUND MIXING,SOUND MIXING,an1295993,Once upon a Time...in Hollywood,tt7131622,"Michael Minkler, Christian P. Minkler and Mark Ulano","Michael Minkler, Christian P. Minkler, Mark Ulano","nm0591444,nm0591441,nm0880360",,,,,,2019
92,2019,Production,VISUAL EFFECTS,VISUAL EFFECTS,an1295986,Avengers: Endgame,tt4154796,"Dan DeLeeuw, Russell Earl, Matt Aitken and Dan Sudick","Dan DeLeeuw, Russell Earl, Matt Aitken, Dan Sudick","nm0216699,nm0247270,nm0014884,nm0837203",,,,,,2019
92,2019,Production,VISUAL EFFECTS,VISUAL EFFECTS,an1295988,The Irishman,tt1302006,"Pablo Helman, Leandro Estebecorena, Nelson Sepulveda-Fauser and Stephane Grabli","Pablo Helman, Leandro Estebecorena, Nelson Sepulveda-Fauser, Stephane Grabli","nm0375666,nm1739145,nm0784700,nm3148163",,,,,,2019
92,2019,Production,VISUAL EFFECTS,VISUAL EFFECTS,an1295987,The Lion King,tt6105098,"Robert Legato, Adam Valdez, Andrew R. Jones and Elliot Newman","Robert Legato, Adam Valdez, Andrew R. Jones, Elliot Newman","nm0499215,nm0883628,nm1002475,nm1806961",,,,,,2019
92,2019,Production,VISUAL EFFECTS,VISUAL EFFECTS,an1295990,1917,tt8579674,"Guillaume Rocheron, Greg Butler and Dominic Tuohy","Guillaume Rocheron, Greg Butler, Dominic Tuohy","nm1806981,nm0124935,nm0876716",True,,,,,2019
92,2019,Production,VISUAL EFFECTS,VISUAL EFFECTS,an1295989,Star Wars: The Rise of Skywalker,tt2527338,"Roger Guyett, Neal Scanlan, Patrick Tubach and Dominic Tuohy","Roger Guyett, Neal Scanlan, Patrick Tubach, Dominic Tuohy","nm0004361,nm0768943,nm0875604,nm0876716",,,,,,2019
92,2019,Writing,WRITING (Adapted Screenplay),WRITING (Adapted Screenplay),an1295709,The Irishman,tt1302006,Screenplay by Steven Zaillian,Steven Zaillian,nm0001873,,,,,,2019
92,2019,Writing,WRITING (Adapted Screenplay),WRITING (Adapted Screenplay),an1295708,Jojo Rabbit,tt2584384,Screenplay by Taika Waititi,Taika Waititi,nm0169806,True,,,,,2019
92,2019,Writing,WRITING (Adapted Screenplay),WRITING (Adapted Screenplay),an1295711,Joker,tt7286456,Written by Todd Phillips & Scott Silver,"Todd Phillips, Scott Silver","nm0680846,nm0798788",,,,,,2019
92,2019,Writing,WRITING (Adapted Screenplay),WRITING (Adapted Screenplay),an1295707,Little Women,tt3281548,Written for the screen by Greta Gerwig,Greta Gerwig,nm1950086,,,,,,2019
92,2019,Writing,WRITING (Adapted Screenplay),WRITING (Adapted Screenplay),an1295710,The Two Popes,tt8404614,Written by Anthony McCarten,Anthony McCarten,nm0565026,,,,,,2019
92,2019,Writing,WRITING (Original Screenplay),WRITING (Original Screenplay),an1295720,Knives Out,tt8946378,Written by Rian Johnson,Rian Johnson,nm0426059,,,,,,2019
92,2019,Writing,WRITING (Original Screenplay),WRITING (Original Screenplay),an1295714,Marriage Story,tt7653254,Written by Noah Baumbach,Noah Baumbach,nm0000876,,,,,,2019
92,2019,Writing,WRITING (Original Screenplay),WRITING (Original Screenplay),an1295717,1917,tt8579674,Written by Sam Mendes & Krysty Wilson-Cairns,"Sam Mendes, Krysty Wilson-Cairns","nm0005222,nm4880670",,,,,,2019
92,2019,Writing,WRITING (Original Screenplay),WRITING (Original Screenplay),an1295715,Once upon a Time...in Hollywood,tt7131622,Written by Quentin Tarantino,Quentin Tarantino,nm0000233,,,,,,2019
92,2019,Writing,WRITING (Original Screenplay),WRITING (Original Screenplay),an1295716,Parasite,tt6751668,"Screenplay by Bong Joon Ho, Han Jin Won; Story by Bong Joon Ho","Bong Joon Ho, Han Jin Won","nm0094435,nm8243301",True,,,,,2019
93,2020,Acting,ACTOR IN A LEADING ROLE,ACTOR IN A LEADING ROLE,an1478487,Sound of Metal,tt5363618,Riz Ahmed,Riz Ahmed,nm1981893,,Ruben,,,,2020
93,2020,Acting,ACTOR IN A LEADING ROLE,ACTOR IN A LEADING ROLE,an1478485,Ma Rainey's Black Bottom,tt10514222,Chadwick Boseman,Chadwick Boseman,nm1569276,,Levee,,,,2020
93,2020,Acting,ACTOR IN A LEADING ROLE,ACTOR IN A LEADING ROLE,an1478486,The Father,tt10272386,Anthony Hopkins,Anthony Hopkins,nm0000164,True,Anthony,,,,2020
93,2020,Acting,ACTOR IN A LEADING ROLE,ACTOR IN A LEADING ROLE,an1478494,Mank,tt10618286,Gary Oldman,Gary Oldman,nm0000198,,Herman Mankiewicz,,,,2020
93,2020,Acting,ACTOR IN A LEADING ROLE,ACTOR IN A LEADING ROLE,an1478496,Minari,tt10633456,Steven Yeun,Steven Yeun,nm3081796,,Jacob,,,,2020
93,2020,Acting,ACTOR IN A SUPPORTING ROLE,ACTOR IN A SUPPORTING ROLE,an1478554,The Trial of the Chicago 7,tt1070874,Sacha Baron Cohen,Sacha Baron Cohen,nm0056187,,Abbie Hoffman,,,,2020
93,2020,Acting,ACTOR IN A SUPPORTING ROLE,ACTOR IN A SUPPORTING ROLE,an1478552,Judas and the Black Messiah,tt9784798,Daniel Kaluuya,Daniel Kaluuya,nm2257207,True,Fred Hampton,,,,2020
93,2020,Acting,ACTOR IN A SUPPORTING ROLE,ACTOR IN A SUPPORTING ROLE,an1478553,One Night in Miami...,tt10612922,"Leslie Odom, Jr.",Leslie Odom Jr.,nm1502434,,Sam Cooke,,,,2020
93,2020,Acting,ACTOR IN A SUPPORTING ROLE,ACTOR IN A SUPPORTING ROLE,an1478555,Sound of Metal,tt5363618,Paul Raci,Paul Raci,nm0705152,,Joe,,,,2020
93,2020,Acting,ACTOR IN A SUPPORTING ROLE,ACTOR IN A SUPPORTING ROLE,an1482200,Judas and the Black Messiah,tt9784798,Lakeith Stanfield,Lakeith Stanfield,nm3147751,,Bill O’Neal,,,,2020
93,2020,Acting,ACTRESS IN A LEADING ROLE,ACTRESS IN A LEADING ROLE,an1478500,Ma Rainey's Black Bottom,tt10514222,Viola Davis,Viola Davis,nm0205626,,Ma Rainey,,,,2020
93,2020,Acting,ACTRESS IN A LEADING ROLE,ACTRESS IN A LEADING ROLE,an1478498,The United States vs. Billie Holiday,tt8521718,Andra Day,Andra Day,nm7363531,,Billie Holiday,,,,2020
93,2020,Acting,ACTRESS IN A LEADING ROLE,ACTRESS IN A LEADING ROLE,an1478501,Pieces of a Woman,tt11161474,Vanessa Kirby,Vanessa Kirby,nm3948952,,Martha,,,,2020
93,2020,Acting,ACTRESS IN A LEADING ROLE,ACTRESS IN A LEADING ROLE,an1478499,Nomadland,tt9770150,Frances McDormand,Frances McDormand,nm0000531,True,Fern,,,,2020
93,2020,Acting,ACTRESS IN A LEADING ROLE,ACTRESS IN A LEADING ROLE,an1478497,Promising Young Woman,tt9620292,Carey Mulligan,Carey Mulligan,nm1659547,,Cassandra,,,,2020
93,2020,Acting,ACTRESS IN A SUPPORTING ROLE,ACTRESS IN A SUPPORTING ROLE,an1478547,Borat Subsequent Moviefilm: Delivery of Prodigious Bribe to American Regime for Make Benefit Once Glorious Nation of Kazakhstan,tt13143964,Maria Bakalova,Maria Bakalova,nm7210025,,Tutar Sagdiyev,,,,2020
93,2020,Acting,ACTRESS IN A SUPPORTING ROLE,ACTRESS IN A SUPPORTING ROLE,an1482190,Hillbilly Elegy,tt6772802,Glenn Close,Glenn Close,nm0000335,,Mamaw,,,,2020
93,2020,Acting,ACTRESS IN A SUPPORTING ROLE,ACTRESS IN A SUPPORTING ROLE,an1478545,The Father,tt10272386,Olivia Colman,Olivia Colman,nm1469236,,Anne,,,,2020
93,2020,Acting,ACTRESS IN A SUPPORTING ROLE,ACTRESS IN A SUPPORTING ROLE,an1478546,Mank,tt10618286,Amanda Seyfried,Amanda Seyfried,nm1086543,,Marion Davies,,,,2020
93,2020,Acting,ACTRESS IN A SUPPORTING ROLE,ACTRESS IN A SUPPORTING ROLE,an1478549,Minari,tt10633456,Yuh-Jung Youn,Yuh-Jung Youn,nm0950926,True,Soonja,,,,2020
93,2020,Title,ANIMATED FEATURE FILM,ANIMATED FEATURE FILM,an1481954,Onward,tt7146812,Dan Scanlon and Kori Rae,"Dan Scanlon, Kori Rae","nm0768959,nm0706032",,,,,,2020
93,2020,Title,ANIMATED FEATURE FILM,ANIMATED FEATURE FILM,an1481955,Over the Moon,tt7488208,"Glen Keane, Gennie Rim and Peilin Chou","Glen Keane, Gennie Rim, Peilin Chou","nm0443855,nm2937345,nm1513657",,,,,,2020
93,2020,Title,ANIMATED FEATURE FILM,ANIMATED FEATURE FILM,an1482211,A Shaun the Sheep Movie: Farmageddon,tt6193408,"Richard Phelan, Will Becher and Paul Kewley","Richard Phelan, Will Becher, Paul Kewley","nm4503368,nm2192511,nm1385754",,,,,,2020
93,2020,Title,ANIMATED FEATURE FILM,ANIMATED FEATURE FILM,an1481952,Soul,tt2948372,Pete Docter and Dana Murray,"Pete Docter, Dana Murray","nm0230032,nm1733918",True,,,,,2020
93,2020,Title,ANIMATED FEATURE FILM,ANIMATED FEATURE FILM,an1481953,Wolfwalkers,tt5198068,"Tomm Moore, Ross Stewart, Paul Young and Stéphan Roelants","Tomm Moore, Ross Stewart, Paul Young, Stéphan Roelants","nm1119079,nm2075487,nm2727721,nm2847097",,,,,,2020
93,2020,Production,CINEMATOGRAPHY,CINEMATOGRAPHY,an1482212,Judas and the Black Messiah,tt9784798,Sean Bobbitt,Sean Bobbitt,nm0090312,,,,,,2020
93,2020,Production,CINEMATOGRAPHY,CINEMATOGRAPHY,an1480773,Mank,tt10618286,Erik Messerschmidt,Erik Messerschmidt,nm0582081,True,,,,,2020
93,2020,Production,CINEMATOGRAPHY,CINEMATOGRAPHY,an1480775,News of the World,tt6878306,Dariusz Wolski,Dariusz Wolski,nm0003011,,,,,,2020
93,2020,Production,CINEMATOGRAPHY,CINEMATOGRAPHY,an1480772,Nomadland,tt9770150,Joshua James Richards,Joshua James Richards,nm4452305,,,,,,2020
93,2020,Production,CINEMATOGRAPHY,CINEMATOGRAPHY,an1482213,The Trial of the Chicago 7,tt1070874,Phedon Papamichael,Phedon Papamichael,nm0003659,,,,,,2020
93,2020,Production,COSTUME DESIGN,COSTUME DESIGN,an1480769,Emma,tt9214832,Alexandra Byrne,Alexandra Byrne,nm0126107,,,,,,2020
93,2020,Production,COSTUME DESIGN,COSTUME DESIGN,an1480767,Ma Rainey's Black Bottom,tt10514222,Ann Roth,Ann Roth,nm0744778,True,,,,,2020
93,2020,Production,COSTUME DESIGN,COSTUME DESIGN,an1480768,Mank,tt10618286,Trish Summerville,Trish Summerville,nm0838844,,,,,,2020
93,2020,Production,COSTUME DESIGN,COSTUME DESIGN,an1480770,Mulan,tt4566758,Bina Daigeler,Bina Daigeler,nm0197257,,,,,,2020
93,2020,Production,COSTUME DESIGN,COSTUME DESIGN,an1482193,Pinocchio,tt8333746,Massimo Cantini Parrini,Massimo Cantini Parrini,nm1964768,,,,,,2020
93,2020,Directing,DIRECTING,DIRECTING,an1482215,Another Round,tt10288566,Thomas Vinterberg,Thomas Vinterberg,nm0899121,,,,,,2020
93,2020,Directing,DIRECTING,DIRECTING,an1478504,Mank,tt10618286,David Fincher,David Fincher,nm0000399,,,,,,2020
93,2020,Directing,DIRECTING,DIRECTING,an1478508,Minari,tt10633456,Lee Isaac Chung,Lee Isaac Chung,nm1818032,,,,,,2020
93,2020,Directing,DIRECTING,DIRECTING,an1478503,Nomadland,tt9770150,Chloé Zhao,Chloé Zhao,nm2125482,True,,,,,2020
93,2020,Directing,DIRECTING,DIRECTING,an1478507,Promising Young Woman,tt9620292,Emerald Fennell,Emerald Fennell,nm2193504,,,,,,2020
93,2020,Title,DOCUMENTARY (Feature),DOCUMENTARY (Feature),an1480704,Collective,tt10706602,Alexander Nanau and Bianca Oana,"Alexander Nanau, Bianca Oana","nm1681049,nm4290702",,,,,,2020
93,2020,Title,DOCUMENTARY (Feature),DOCUMENTARY (Feature),an1480701,Crip Camp,tt8923484,"Nicole Newnham, Jim LeBrecht and Sara Bolder","Nicole Newnham, Jim LeBrecht, Sara Bolder","nm1011820,nm0495898,nm0092781",,,,,,2020
93,2020,Title,DOCUMENTARY (Feature),DOCUMENTARY (Feature),an1482201,The Mole Agent,tt11394298,Maite Alberdi and Marcela Santibáñez,"Maite Alberdi, Marcela Santibáñez","nm3073146,nm5337246",,,,,,2020
93,2020,Title,DOCUMENTARY (Feature),DOCUMENTARY (Feature),an1482202,My Octopus Teacher,tt12888462,"Pippa Ehrlich, James Reed and Craig Foster","Pippa Ehrlich, James Reed, Craig Foster","nm11813828,nm1624755,nm0287741",True,,,,,2020
93,2020,Title,DOCUMENTARY (Feature),DOCUMENTARY (Feature),an1482204,Time,tt11416746,"Garrett Bradley, Lauren Domino and Kellen Quinn","Garrett Bradley, Lauren Domino, Kellen Quinn","nm3797834,nm6156086,nm2062930",,,,,,2020
93,2020,Title,DOCUMENTARY (Short Subject),DOCUMENTARY (Short Subject),an1480695,Colette,tt11643154,Anthony Giacchino and Alice Doyard,"Anthony Giacchino, Alice Doyard","nm1818348,nm3550163",True,,,,,2020
93,2020,Title,DOCUMENTARY (Short Subject),DOCUMENTARY (Short Subject),an1482203,A Concerto Is a Conversation,tt13793326,Ben Proudfoot and Kris Bowers,"Ben Proudfoot, Kris Bowers","nm3988897,nm3929283",,,,,,2020
93,2020,Title,DOCUMENTARY (Short Subject),DOCUMENTARY (Short Subject),an1480699,Do Not Split,tt11512676,Anders Hammer and Charlotte Cook,"Anders Hammer, Charlotte Cook","nm4108371,nm4085451",,,,,,2020
93,2020,Title,DOCUMENTARY (Short Subject),DOCUMENTARY (Short Subject),an1480698,Hunger Ward,tt12979636,Skye Fitzgerald and Michael Scheuerman,"Skye Fitzgerald, Michael Scheuerman","nm1148695,nm11492155",,,,,,2020
93,2020,Title,DOCUMENTARY (Short Subject),DOCUMENTARY (Short Subject),an1480696,A Love Song for Latasha,tt8993180,Sophia Nahli Allison and Janice Duncan,"Sophia Nahli Allison, Janice Duncan","nm7630871,nm5903832",,,,,,2020
93,2020,Production,FILM EDITING,FILM EDITING,an1480766,The Father,tt10272386,Yorgos Lamprinos,Yorgos Lamprinos,nm2498855,,,,,,2020
93,2020,Production,FILM EDITING,FILM EDITING,an1480763,Nomadland,tt9770150,Chloé Zhao,Chloé Zhao,nm2125482,,,,,,2020
93,2020,Production,FILM EDITING,FILM EDITING,an1482207,Promising Young Woman,tt9620292,Frédéric Thoraval,Frédéric Thoraval,nm1754850,,,,,,2020
93,2020,Production,FILM EDITING,FILM EDITING,an1482209,Sound of Metal,tt5363618,Mikkel E. G. Nielsen,Mikkel E. G. Nielsen,nm1182055,True,,,,,2020
93,2020,Production,FILM EDITING,FILM EDITING,an1480762,The Trial of the Chicago 7,tt1070874,Alan Baumgarten,Alan Baumgarten,nm0062328,,,,,,2020
93,2020,Title,INTERNATIONAL FEATURE FILM,INTERNATIONAL FEATURE FILM,an1480688,Another Round,tt10288566,Denmark,,,True,,,,,2020
93,2020,Title,INTERNATIONAL FEATURE FILM,INTERNATIONAL FEATURE FILM,an1482206,Better Days,tt9586294,Hong Kong,,,,,,,,2020
93,2020,Title,INTERNATIONAL FEATURE FILM,INTERNATIONAL FEATURE FILM,an1480690,Collective,tt10706602,Romania,,,,,,,,2020
93,2020,Title,INTERNATIONAL FEATURE FILM,INTERNATIONAL FEATURE FILM,an1482218,The Man Who Sold His Skin,tt10360862,Tunisia,,,,,,,,2020
93,2020,Title,INTERNATIONAL FEATURE FILM,INTERNATIONAL FEATURE FILM,an1480689,"Quo Vadis, Aida?",tt8633462,Bosnia and Herzegovina,,,,,,,,2020
93,2020,Production,MAKEUP AND HAIRSTYLING,MAKEUP AND HAIRSTYLING,an1480761,Emma,tt9214832,"Marese Langan, Laura Allen and Claudia Stolze","Marese Langan, Laura Allen, Claudia Stolze","nm0485984,nm8526114,nm0831656",,,,,,2020
93,2020,Production,MAKEUP AND HAIRSTYLING,MAKEUP AND HAIRSTYLING,an1480759,Hillbilly Elegy,tt6772802,"Eryn Krueger Mekash, Matthew Mungle and Patricia Dehaney","Eryn Krueger Mekash, Matthew Mungle, Patricia Dehaney","nm0472477,nm0612817,nm0214912",,,,,,2020
93,2020,Production,MAKEUP AND HAIRSTYLING,MAKEUP AND HAIRSTYLING,an1480757,Ma Rainey's Black Bottom,tt10514222,"Sergio Lopez-Rivera, Mia Neal and Jamika Wilson","Sergio Lopez-Rivera, Mia Neal, Jamika Wilson","nm0520236,nm4135648,nm5003080",True,,,,,2020
93,2020,Production,MAKEUP AND HAIRSTYLING,MAKEUP AND HAIRSTYLING,an1480758,Mank,tt10618286,"Gigi Williams, Kimberley Spiteri and Colleen LaBaff","Gigi Williams, Kimberley Spiteri, Colleen LaBaff","nm0930666,nm0819129,nm0479295",,,,,,2020
93,2020,Production,MAKEUP AND HAIRSTYLING,MAKEUP AND HAIRSTYLING,an1482210,Pinocchio,tt8333746,"Mark Coulier, Dalia Colli and Francesco Pegoretti","Mark Coulier, Dalia Colli, Francesco Pegoretti","nm0183418,nm2252273,nm4687885",,,,,,2020
93,2020,Music,MUSIC (Original Score),MUSIC (Original Score),an1482191,Da 5 Bloods,tt9777644,Terence Blanchard,Terence Blanchard,nm0005966,,,,,,2020
93,2020,Music,MUSIC (Original Score),MUSIC (Original Score),an1480752,Mank,tt10618286,Trent Reznor and Atticus Ross,"Trent Reznor, Atticus Ross","nm0722153,nm1589604",,,,,,2020
93,2020,Music,MUSIC (Original Score),MUSIC (Original Score),an1480756,Minari,tt10633456,Emile Mosseri,Emile Mosseri,nm7888676,,,,,,2020
93,2020,Music,MUSIC (Original Score),MUSIC (Original Score),an1480753,News of the World,tt6878306,James Newton Howard,James Newton Howard,nm0006133,,,,,,2020
93,2020,Music,MUSIC (Original Score),MUSIC (Original Score),an1480751,Soul,tt2948372,"Trent Reznor, Atticus Ross and Jon Batiste","Trent Reznor, Atticus Ross, Jon Batiste","nm0722153,nm1589604,nm4456022",True,,,,,2020
93,2020,Music,MUSIC (Original Song),MUSIC (Original Song),an1480748,Judas and the Black Messiah,tt9784798,Music by H.E.R. and Dernst Emile II; Lyric by H.E.R. and Tiara Thomas,"H.E.R., Dernst Emile II, Tiara Thomas","nm2878358,nm6299956,nm8454691",True,Fight For You,,,,2020
93,2020,Music,MUSIC (Original Song),MUSIC (Original Song),an1482214,The Trial of the Chicago 7,tt1070874,Music by Daniel Pemberton; Lyric by Daniel Pemberton and Celeste Waite,"Daniel Pemberton, Celeste Waite","nm1207404,nm11203881",,Hear My Voice,,,,2020
93,2020,Music,MUSIC (Original Song),MUSIC (Original Song),an1480750,Eurovision Song Contest: The Story of Fire Saga,tt8580274,"Music and Lyric by Savan Kotecha, Fat Max Gsus and Rickard Göransson","Savan Kotecha, Fat Max Gsus, Rickard Göransson","nm4153652,nm12200610,nm7646386",,Husavik,,,,2020
93,2020,Music,MUSIC (Original Song),MUSIC (Original Song),an1480747,The Life Ahead (La Vita Davanti a Se),tt10627584,Music by Diane Warren; Lyric by Diane Warren and Laura Pausini,"Diane Warren, Laura Pausini","nm0005534,nm1306128",,Io Sì (Seen),,,,2020
93,2020,Music,MUSIC (Original Song),MUSIC (Original Song),an1480746,One Night in Miami...,tt10612922,"Music and Lyric by Leslie Odom, Jr. and Sam Ashworth","Leslie Odom Jr., Sam Ashworth","nm1502434,nm3841867",,Speak Now,,,,2020
93,2020,Title,BEST PICTURE,BEST PICTURE,an1482216,The Father,tt10272386,"David Parfitt, Jean-Louis Livi and Philippe Carcassonne, Producers","David Parfitt, Jean-Louis Livi, Philippe Carcassonne","nm0661406,nm0515201,nm0136260",,,,,,2020
93,2020,Title,BEST PICTURE,BEST PICTURE,an1478482,Judas and the Black Messiah,tt9784798,"Shaka King, Charles D. King and Ryan Coogler, Producers","Shaka King, Charles D. King, Ryan Coogler","nm3489851,nm2229798,nm3363032",,,,,,2020
93,2020,Title,BEST PICTURE,BEST PICTURE,an1478474,Mank,tt10618286,"Ceán Chaffin, Eric Roth and Douglas Urbanski, Producers","Ceán Chaffin, Eric Roth, Douglas Urbanski","nm0149556,nm0744839,nm0881703",,,,,,2020
93,2020,Title,BEST PICTURE,BEST PICTURE,an1478480,Minari,tt10633456,"Christina Oh, Producer",Christina Oh,nm3567152,,,,,,2020
93,2020,Title,BEST PICTURE,BEST PICTURE,an1478473,Nomadland,tt9770150,"Frances McDormand, Peter Spears, Mollye Asher, Dan Janvey and Chloé Zhao, Producers","Frances McDormand, Peter Spears, Mollye Asher, Dan Janvey, Chloé Zhao","nm0000531,nm0817379,nm2571693,nm1885766,nm2125482",True,,,,,2020
93,2020,Title,BEST PICTURE,BEST PICTURE,an1478479,Promising Young Woman,tt9620292,"Ben Browning, Ashley Fox, Emerald Fennell and Josey McNamara, Producers","Ben Browning, Ashley Fox, Emerald Fennell, Josey McNamara","nm1878845,nm4516779,nm2193504,nm3560755",,,,,,2020
93,2020,Title,BEST PICTURE,BEST PICTURE,an1478481,Sound of Metal,tt5363618,"Bert Hamelinck and Sacha Ben Harroche, Producers","Bert Hamelinck, Sacha Ben Harroche","nm0353012,nm5289961",,,,,,2020
93,2020,Title,BEST PICTURE,BEST PICTURE,an1478475,The Trial of the Chicago 7,tt1070874,"Marc Platt and Stuart Besser, Producers","Marc Platt, Stuart Besser","nm0686887,nm0078804",,,,,,2020
93,2020,Production,ART DIRECTION,PRODUCTION DESIGN,an1482205,The Father,tt10272386,Production Design: Peter Francis; Set Decoration: Cathy Featherstone,"Peter Francis, Cathy Featherstone","nm0290286,nm1570850",,,,,,2020
93,2020,Production,ART DIRECTION,PRODUCTION DESIGN,an1480743,Ma Rainey's Black Bottom,tt10514222,Production Design: Mark Ricker; Set Decoration: Karen O'Hara and Diana Stoughton,"Mark Ricker, Karen O'Hara, Diana Stoughton","nm0725475,nm0641286,nm0832839",,,,,,2020
93,2020,Production,ART DIRECTION,PRODUCTION DESIGN,an1480741,Mank,tt10618286,Production Design: Donald Graham Burt; Set Decoration: Jan Pascale,"Donald Graham Burt, Jan Pascale","nm0123426,nm0664308",True,,,,,2020
93,2020,Production,ART DIRECTION,PRODUCTION DESIGN,an1480742,News of the World,tt6878306,Production Design: David Crank; Set Decoration: Elizabeth Keenan,"David Crank, Elizabeth Keenan","nm0186477,nm1404582",,,,,,2020
93,2020,Production,ART DIRECTION,PRODUCTION DESIGN,an1480744,Tenet,tt6723592,Production Design: Nathan Crowley; Set Decoration: Kathy Lucas,"Nathan Crowley, Kathy Lucas","nm0189769,nm0524205",,,,,,2020
93,2020,Title,SHORT FILM (Animated),SHORT FILM (Animated),an1480708,Burrow,tt13167288,Madeline Sharafian and Michael Capbarat,"Madeline Sharafian, Michael Capbarat","nm6461347,nm6040099",,,,,,2020
93,2020,Title,SHORT FILM (Animated),SHORT FILM (Animated),an1482220,Genius Loci,tt11884670,Adrien Mérigeau and Amaury Ovise,"Adrien Mérigeau, Amaury Ovise","nm3352576,nm3856500",,,,,,2020
93,2020,Title,SHORT FILM (Animated),SHORT FILM (Animated),an1480707,If Anything Happens I Love You,tt11768948,Will McCormack and Michael Govier,"Will McCormack, Michael Govier","nm0566489,nm1854728",True,,,,,2020
93,2020,Title,SHORT FILM (Animated),SHORT FILM (Animated),an1480711,Opera,tt14039636,Erick Oh,Erick Oh,nm4014909,,,,,,2020
93,2020,Title,SHORT FILM (Animated),SHORT FILM (Animated),an1482221,Yes-People,tt12706728,Gísli Darri Halldórsson and Arnar Gunnarsson,"Gísli Darri Halldórsson, Arnar Gunnarsson","nm4496900,nm2727616",,,,,,2020
93,2020,Title,SHORT FILM (Live Action),SHORT FILM (Live Action),an1482198,Feeling Through,tt9280166,Doug Roland and Susan Ruzenski,"Doug Roland, Susan Ruzenski","nm3194313,nm10801720",,,,,,2020
93,2020,Title,SHORT FILM (Live Action),SHORT FILM (Live Action),an1480684,The Letter Room,tt11962160,Elvira Lind and Sofia Sondervan,"Elvira Lind, Sofia Sondervan","nm4895825,nm1001945",,,,,,2020
93,2020,Title,SHORT FILM (Live Action),SHORT FILM (Live Action),an1480687,The Present,tt11474480,Farah Nabulsi and Ossama Bawardi,"Farah Nabulsi, Ossama Bawardi","nm9048529,nm3050599",,,,,,2020
93,2020,Title,SHORT FILM (Live Action),SHORT FILM (Live Action),an1480685,Two Distant Strangers,tt13472984,Travon Free and Martin Desmond Roe,"Travon Free, Martin Desmond Roe","nm3579257,nm1804553",True,,,,,2020
93,2020,Title,SHORT FILM (Live Action),SHORT FILM (Live Action),an1482199,White Eye,tt10538710,Tomer Shushan and Shira Hochman,"Tomer Shushan, Shira Hochman","nm8781219,nm6735926",,,,,,2020
93,2020,Production,SOUND MIXING,SOUND,an1480732,Greyhound,tt6048922,"Warren Shaw, Michael Minkler, Beau Borders and David Wyman","Warren Shaw, Michael Minkler, Beau Borders, David Wyman","nm0790022,nm0591444,nm0003311,nm1049027",,,,,,2020
93,2020,Production,SOUND MIXING,SOUND,an1480731,Mank,tt10618286,"Ren Klyce, Jeremy Molod, David Parker, Nathan Nance and Drew Kunin","Ren Klyce, Jeremy Molod, David Parker, Nathan Nance, Drew Kunin","nm0460274,nm0597199,nm0662188,nm2315737,nm0475168",,,,,,2020
93,2020,Production,SOUND MIXING,SOUND,an1480733,News of the World,tt6878306,"Oliver Tarney, Mike Prestwood Smith, William Miller and John Pritchett","Oliver Tarney, Mike Prestwood Smith, William Miller, John Pritchett","nm0850549,nm0696523,nm7017920,nm0698099",,,,,,2020
93,2020,Production,SOUND MIXING,SOUND,an1482217,Soul,tt2948372,"Ren Klyce, Coya Elliott and David Parker","Ren Klyce, Coya Elliott, David Parker","nm0460274,nm0254208,nm0662188",,,,,,2020
93,2020,Production,SOUND MIXING,SOUND,an1480729,Sound of Metal,tt5363618,"Nicolas Becker, Jaime Baksht, Michellee Couttolenc, Carlos Cortés and Phillip Bladh","Nicolas Becker, Jaime Baksht, Michellee Couttolenc, Carlos Cortés, Phillip Bladh","nm0065545,nm0049254,nm2499159,nm3997636,nm3835694",True,,,,,2020
93,2020,Production,VISUAL EFFECTS,VISUAL EFFECTS,an1482219,Love and Monsters,tt2222042,"Matt Sloan, Genevieve Camilleri, Matt Everitt and Brian Cox","Matt Sloan, Genevieve Camilleri, Matt Everitt, Brian Cox","nm0805992,nm3784934,nm3051832,nm0184939",,,,,,2020
93,2020,Production,VISUAL EFFECTS,VISUAL EFFECTS,an1480712,The Midnight Sky,tt10539608,"Matthew Kasmir, Christopher Lawrence, Max Solomon and David Watkins","Matthew Kasmir, Christopher Lawrence, Max Solomon, David Watkins","nm0440683,nm1165856,nm1281289,nm0914247",,,,,,2020
93,2020,Production,VISUAL EFFECTS,VISUAL EFFECTS,an1480713,Mulan,tt4566758,"Sean Faden, Anders Langlands, Seth Maury and Steve Ingram","Sean Faden, Anders Langlands, Seth Maury, Steve Ingram","nm0264915,nm1619365,nm0561295,nm0409032",,,,,,2020
93,2020,Production,VISUAL EFFECTS,VISUAL EFFECTS,an1482208,The One and Only Ivan,tt3661394,"Nick Davis, Greg Fisher, Ben Jones and Santiago Colomo Martinez","Nick Davis, Greg Fisher, Ben Jones, Santiago Colomo Martinez","nm0002428,nm1049807,nm2932799,nm2979916",,,,,,2020
93,2020,Production,VISUAL EFFECTS,VISUAL EFFECTS,an1458387,Tenet,tt6723592,"Andrew Jackson, David Lee, Andrew Lockley and Scott Fisher","Andrew Jackson, David Lee, Andrew Lockley, Scott Fisher","nm1886497,nm2814296,nm0516916,nm0279782",True,,,,,2020
93,2020,Writing,WRITING (Adapted Screenplay),WRITING (Adapted Screenplay),an1482192,Borat Subsequent Moviefilm: Delivery of Prodigious Bribe to American Regime for Make Benefit Once Glorious Nation of Kazakhstan,tt13143964,Screenplay by Sacha Baron Cohen & Anthony Hines & Dan Swimer & Peter Baynham & Erica Rivinoja & Dan Mazer & Jena Friedman & Lee Kern; Story by Sacha Baron Cohen & Anthony Hines & Dan Swimer & Nina Pedrad,"Sacha Baron Cohen, Anthony Hines, Dan Swimer, Peter Baynham, Erica Rivinoja, Dan Mazer, Jena Friedman, Lee Kern, Nina Pedrad","nm0056187,nm0385630,nm2255631,nm0063165,nm1106214,nm0563243,nm2773070,nm1745272,nm4988577",,,,,,2020
93,2020,Writing,WRITING (Adapted Screenplay),WRITING (Adapted Screenplay),an1478576,The Father,tt10272386,Screenplay by Christopher Hampton and Florian Zeller,"Christopher Hampton, Florian Zeller","nm0358960,nm1725469",True,,,,,2020
93,2020,Writing,WRITING (Adapted Screenplay),WRITING (Adapted Screenplay),an1478570,Nomadland,tt9770150,Written for the screen by Chloé Zhao,Chloé Zhao,nm2125482,,,,,,2020
93,2020,Writing,WRITING (Adapted Screenplay),WRITING (Adapted Screenplay),an1478574,One Night in Miami...,tt10612922,Screenplay by Kemp Powers,Kemp Powers,nm5358492,,,,,,2020
93,2020,Writing,WRITING (Adapted Screenplay),WRITING (Adapted Screenplay),an1482195,The White Tiger,tt6571548,Written for the screen by Ramin Bahrani,Ramin Bahrani,nm1023919,,,,,,2020
93,2020,Writing,WRITING (Original Screenplay),WRITING (Original Screenplay),an1482196,Judas and the Black Messiah,tt9784798,Screenplay by Will Berson & Shaka King; Story by Will Berson & Shaka King and Kenny Lucas & Keith Lucas,"Will Berson, Shaka King, Kenny Lucas, Keith Lucas","nm0077768,nm3489851,nm3584219,nm5695570",,,,,,2020
93,2020,Writing,WRITING (Original Screenplay),WRITING (Original Screenplay),an1478568,Minari,tt10633456,Written by Lee Isaac Chung,Lee Isaac Chung,nm1818032,,,,,,2020
93,2020,Writing,WRITING (Original Screenplay),WRITING (Original Screenplay),an1478561,Promising Young Woman,tt9620292,Written by Emerald Fennell,Emerald Fennell,nm2193504,True,,,,,2020
93,2020,Writing,WRITING (Original Screenplay),WRITING (Original Screenplay),an1482197,Sound of Metal,tt5363618,Screenplay by Darius Marder & Abraham Marder; Story by Darius Marder & Derek Cianfrance,"Darius Marder, Abraham Marder, Derek Cianfrance","nm2942187,nm3473150,nm0161834",,,,,,2020
93,2020,Writing,WRITING (Original Screenplay),WRITING (Original Screenplay),an1478559,The Trial of the Chicago 7,tt1070874,Written by Aaron Sorkin,Aaron Sorkin,nm0815070,,,,,,2020
94,2021,Acting,ACTOR IN A LEADING ROLE,ACTOR IN A LEADING ROLE,an1638372,Being the Ricardos,tt4995540,Javier Bardem,Javier Bardem,nm0000849,,Desi Arnaz,,,,2021
94,2021,Acting,ACTOR IN A LEADING ROLE,ACTOR IN A LEADING ROLE,an1638369,The Power of the Dog,tt10293406,Benedict Cumberbatch,Benedict Cumberbatch,nm1212722,,Phil Burbank,,,,2021
94,2021,Acting,ACTOR IN A LEADING ROLE,ACTOR IN A LEADING ROLE,an1638371,"tick, tick...BOOM!",tt8721424,Andrew Garfield,Andrew Garfield,nm1940449,,Jon,,,,2021
94,2021,Acting,ACTOR IN A LEADING ROLE,ACTOR IN A LEADING ROLE,an1636310,King Richard,tt9620288,Will Smith,Will Smith,nm0000226,True,Richard Williams,,,,2021
94,2021,Acting,ACTOR IN A LEADING ROLE,ACTOR IN A LEADING ROLE,an1638370,The Tragedy of Macbeth,tt10095582,Denzel Washington,Denzel Washington,nm0000243,,Macbeth,,,,2021
94,2021,Acting,ACTOR IN A SUPPORTING ROLE,ACTOR IN A SUPPORTING ROLE,an1638361,Belfast,tt12789558,Ciarán Hinds,Ciarán Hinds,nm0001354,,Pop,,,,2021
94,2021,Acting,ACTOR IN A SUPPORTING ROLE,ACTOR IN A SUPPORTING ROLE,an1638359,CODA,tt10366460,Troy Kotsur,Troy Kotsur,nm1319274,True,Frank Rossi,,,,2021
94,2021,Acting,ACTOR IN A SUPPORTING ROLE,ACTOR IN A SUPPORTING ROLE,an1638367,The Power of the Dog,tt10293406,Jesse Plemons,Jesse Plemons,nm0687146,,George Burbank,,,,2021
94,2021,Acting,ACTOR IN A SUPPORTING ROLE,ACTOR IN A SUPPORTING ROLE,an1640968,Being the Ricardos,tt4995540,J.K. Simmons,J.K. Simmons,nm0799777,,William Frawley,,,,2021
94,2021,Acting,ACTOR IN A SUPPORTING ROLE,ACTOR IN A SUPPORTING ROLE,an1636309,The Power of the Dog,tt10293406,Kodi Smit-McPhee,Kodi Smit-McPhee,nm2240346,,Peter Gordon,,,,2021
94,2021,Acting,ACTRESS IN A LEADING ROLE,ACTRESS IN A LEADING ROLE,an1638564,The Eyes of Tammy Faye,tt9115530,Jessica Chastain,Jessica Chastain,nm1567113,True,Tammy Faye Bakker,,,,2021
94,2021,Acting,ACTRESS IN A LEADING ROLE,ACTRESS IN A LEADING ROLE,an1638563,The Lost Daughter,tt9100054,Olivia Colman,Olivia Colman,nm1469236,,Leda,,,,2021
94,2021,Acting,ACTRESS IN A LEADING ROLE,ACTRESS IN A LEADING ROLE,an1638566,Parallel Mothers,tt12618926,Penélope Cruz,Penélope Cruz,nm0004851,,Janis,,,,2021
94,2021,Acting,ACTRESS IN A LEADING ROLE,ACTRESS IN A LEADING ROLE,an1636308,Being the Ricardos,tt4995540,Nicole Kidman,Nicole Kidman,nm0000173,,Lucille Ball,,,,2021
94,2021,Acting,ACTRESS IN A LEADING ROLE,ACTRESS IN A LEADING ROLE,an1638568,Spencer,tt12536294,Kristen Stewart,Kristen Stewart,nm0829576,,Diana,,,,2021
94,2021,Acting,ACTRESS IN A SUPPORTING ROLE,ACTRESS IN A SUPPORTING ROLE,an1638383,The Lost Daughter,tt9100054,Jessie Buckley,Jessie Buckley,nm2976580,,Young Leda,,,,2021
94,2021,Acting,ACTRESS IN A SUPPORTING ROLE,ACTRESS IN A SUPPORTING ROLE,an1636307,West Side Story,tt3581652,Ariana DeBose,Ariana DeBose,nm3663196,True,Anita,,,,2021
94,2021,Acting,ACTRESS IN A SUPPORTING ROLE,ACTRESS IN A SUPPORTING ROLE,an1640970,Belfast,tt12789558,Judi Dench,Judi Dench,nm0001132,,Granny,,,,2021
94,2021,Acting,ACTRESS IN A SUPPORTING ROLE,ACTRESS IN A SUPPORTING ROLE,an1638377,The Power of the Dog,tt10293406,Kirsten Dunst,Kirsten Dunst,nm0000379,,Rose Gordon,,,,2021
94,2021,Acting,ACTRESS IN A SUPPORTING ROLE,ACTRESS IN A SUPPORTING ROLE,an1638378,King Richard,tt9620288,Aunjanue Ellis,Aunjanue Ellis,nm0254712,,Oracene 'Brandy' Williams,,,,2021
94,2021,Title,ANIMATED FEATURE FILM,ANIMATED FEATURE FILM,an1638385,Encanto,tt2953050,"Jared Bush, Byron Howard, Yvett Merino and Clark Spencer","Jared Bush, Byron Howard, Yvett Merino, Clark Spencer","nm1158544,nm0397174,nm2486917,nm1192875",True,,,,,2021
94,2021,Title,ANIMATED FEATURE FILM,ANIMATED FEATURE FILM,an1638387,Flee,tt8430054,"Jonas Poher Rasmussen, Monica Hellström, Signe Byrge Sørensen and Charlotte De La Gournerie","Jonas Poher Rasmussen, Monica Hellström, Signe Byrge Sørensen, Charlotte De La Gournerie","nm1853542,nm1445547,nm1718147,nm7753662",,,,,,2021
94,2021,Title,ANIMATED FEATURE FILM,ANIMATED FEATURE FILM,an1636318,Luca,tt12801262,Enrico Casarosa and Andrea Warren,"Enrico Casarosa, Andrea Warren","nm1154836,nm0912717",,,,,,2021
94,2021,Title,ANIMATED FEATURE FILM,ANIMATED FEATURE FILM,an1638386,The Mitchells vs. the Machines,tt7979580,"Mike Rianda, Phil Lord, Christopher Miller and Kurt Albrecht","Mike Rianda, Phil Lord, Christopher Miller, Kurt Albrecht","nm5106831,nm0520488,nm0588087,nm0016957",,,,,,2021
94,2021,Title,ANIMATED FEATURE FILM,ANIMATED FEATURE FILM,an1638389,Raya and the Last Dragon,tt5109280,"Don Hall, Carlos López Estrada, Osnat Shurer and Peter Del Vecho","Don Hall, Carlos López Estrada, Osnat Shurer, Peter Del Vecho","nm2320658,nm2788015,nm1575873,nm1275326",,,,,,2021
94,2021,Production,CINEMATOGRAPHY,CINEMATOGRAPHY,an1638511,Dune,tt1160419,Greig Fraser,Greig Fraser,nm0292132,True,,,,,2021
94,2021,Production,CINEMATOGRAPHY,CINEMATOGRAPHY,an1638516,Nightmare Alley,tt7740496,Dan Laustsen,Dan Laustsen,nm0491565,,,,,,2021
94,2021,Production,CINEMATOGRAPHY,CINEMATOGRAPHY,an1638512,The Power of the Dog,tt10293406,Ari Wegner,Ari Wegner,nm1645832,,,,,,2021
94,2021,Production,CINEMATOGRAPHY,CINEMATOGRAPHY,an1638515,The Tragedy of Macbeth,tt10095582,Bruno Delbonnel,Bruno Delbonnel,nm0216632,,,,,,2021
94,2021,Production,CINEMATOGRAPHY,CINEMATOGRAPHY,an1638513,West Side Story,tt3581652,Janusz Kaminski,Janusz Kaminski,nm0001405,,,,,,2021
94,2021,Production,COSTUME DESIGN,COSTUME DESIGN,an1636329,Cruella,tt3228774,Jenny Beavan,Jenny Beavan,nm0064746,True,,,,,2021
94,2021,Production,COSTUME DESIGN,COSTUME DESIGN,an1638506,Cyrano,tt12889404,Massimo Cantini Parrini and Jacqueline Durran,"Massimo Cantini Parrini, Jacqueline Durran","nm1964768,nm0244330",,,,,,2021
94,2021,Production,COSTUME DESIGN,COSTUME DESIGN,an1638501,Dune,tt1160419,Jacqueline West and Robert Morgan,"Jacqueline West, Robert Morgan","nm0922113,nm0604503",,,,,,2021
94,2021,Production,COSTUME DESIGN,COSTUME DESIGN,an1638503,Nightmare Alley,tt7740496,Luis Sequeira,Luis Sequeira,nm0784751,,,,,,2021
94,2021,Production,COSTUME DESIGN,COSTUME DESIGN,an1638502,West Side Story,tt3581652,Paul Tazewell,Paul Tazewell,nm3477899,,,,,,2021
94,2021,Directing,DIRECTING,DIRECTING,an1638554,Belfast,tt12789558,Kenneth Branagh,Kenneth Branagh,nm0000110,,,,,,2021
94,2021,Directing,DIRECTING,DIRECTING,an1638559,Drive My Car,tt14039582,Ryusuke Hamaguchi,Ryusuke Hamaguchi,nm3152327,,,,,,2021
94,2021,Directing,DIRECTING,DIRECTING,an1638557,Licorice Pizza,tt11271038,Paul Thomas Anderson,Paul Thomas Anderson,nm0000759,,,,,,2021
94,2021,Directing,DIRECTING,DIRECTING,an1636328,The Power of the Dog,tt10293406,Jane Campion,Jane Campion,nm0001005,True,,,,,2021
94,2021,Directing,DIRECTING,DIRECTING,an1638555,West Side Story,tt3581652,Steven Spielberg,Steven Spielberg,nm0000229,,,,,,2021
94,2021,Title,DOCUMENTARY (Feature),DOCUMENTARY (Feature),an1638597,Ascension,tt14505430,"Jessica Kingdon, Kira Simon-Kennedy and Nathan Truesdell","Jessica Kingdon, Kira Simon-Kennedy, Nathan Truesdell","nm4398489,nm5325825,nm1909515",,,,,,2021
94,2021,Title,DOCUMENTARY (Feature),DOCUMENTARY (Feature),an1638594,Attica,tt12482898,Stanley Nelson and Traci A. Curry,"Stanley Nelson, Traci A. Curry","nm0625747,nm3055381",,,,,,2021
94,2021,Title,DOCUMENTARY (Feature),DOCUMENTARY (Feature),an1636316,Flee,tt8430054,"Jonas Poher Rasmussen, Monica Hellström, Signe Byrge Sørensen and Charlotte De La Gournerie","Jonas Poher Rasmussen, Monica Hellström, Signe Byrge Sørensen, Charlotte De La Gournerie","nm1853542,nm1445547,nm1718147,nm7753662",,,,,,2021
94,2021,Title,DOCUMENTARY (Feature),DOCUMENTARY (Feature),an1638599,"Summer of Soul (...Or, When the Revolution Could Not Be Televised)",tt11422728,"Ahmir \""Questlove\"" Thompson, Joseph Patel, Robert Fyvolent and David Dinerstein","Ahmir \""Questlove\"" Thompson, Joseph Patel, Robert Fyvolent, David Dinerstein","nm0859821,nm1764919,nm1435457,nm2517209",True,,,,,2021
94,2021,Title,DOCUMENTARY (Feature),DOCUMENTARY (Feature),an1638598,Writing with Fire,tt13630174,Rintu Thomas and Sushmit Ghosh,"Rintu Thomas, Sushmit Ghosh","nm4045125,nm4424010",,,,,,2021
94,2021,Title,DOCUMENTARY (Short Subject),DOCUMENTARY (Short Subject),an1638404,Audible,tt12771540,Matt Ogens and Geoff McLean,"Matt Ogens, Geoff McLean","nm0644654,nm2458844",,,,,,2021
94,2021,Title,DOCUMENTARY (Short Subject),DOCUMENTARY (Short Subject),an1638402,Lead Me Home,tt15339848,Pedro Kos and Jon Shenk,"Pedro Kos, Jon Shenk","nm1310430,nm0791556",,,,,,2021
94,2021,Title,DOCUMENTARY (Short Subject),DOCUMENTARY (Short Subject),an1638400,The Queen of Basketball,tt14513236,Ben Proudfoot,Ben Proudfoot,nm3988897,True,,,,,2021
94,2021,Title,DOCUMENTARY (Short Subject),DOCUMENTARY (Short Subject),an1638403,Three Songs for Benazir,tt14608922,Elizabeth Mirzaei and Gulistan Mirzaei,"Elizabeth Mirzaei, Gulistan Mirzaei","nm4641608,nm7902132",,,,,,2021
94,2021,Title,DOCUMENTARY (Short Subject),DOCUMENTARY (Short Subject),an1636315,When We Were Bullies,tt13796488,Jay Rosenblatt,Jay Rosenblatt,nm0742401,,,,,,2021
94,2021,Production,FILM EDITING,FILM EDITING,an1638522,Don't Look Up,tt11286314,Hank Corwin,Hank Corwin,nm0181650,,,,,,2021
94,2021,Production,FILM EDITING,FILM EDITING,an1636327,Dune,tt1160419,Joe Walker,Joe Walker,nm0907863,True,,,,,2021
94,2021,Production,FILM EDITING,FILM EDITING,an1638526,King Richard,tt9620288,Pamela Martin,Pamela Martin,nm0552862,,,,,,2021
94,2021,Production,FILM EDITING,FILM EDITING,an1638523,The Power of the Dog,tt10293406,Peter Sciberras,Peter Sciberras,nm3038680,,,,,,2021
94,2021,Production,FILM EDITING,FILM EDITING,an1638532,"tick, tick...BOOM!",tt8721424,Myron Kerstein and Andrew Weisblum,"Myron Kerstein, Andrew Weisblum","nm0450005,nm0918733",,,,,,2021
94,2021,Title,INTERNATIONAL FEATURE FILM,INTERNATIONAL FEATURE FILM,an1640981,Drive My Car,tt14039582,Japan,,,True,,,,,2021
94,2021,Title,INTERNATIONAL FEATURE FILM,INTERNATIONAL FEATURE FILM,an1640980,Flee,tt8430054,Denmark,,,,,,,,2021
94,2021,Title,INTERNATIONAL FEATURE FILM,INTERNATIONAL FEATURE FILM,an1640979,The Hand of God,tt12680684,Italy,,,,,,,,2021
94,2021,Title,INTERNATIONAL FEATURE FILM,INTERNATIONAL FEATURE FILM,an1638475,Lunana: A Yak in the Classroom,tt10189300,Bhutan,,,,,,,,2021
94,2021,Title,INTERNATIONAL FEATURE FILM,INTERNATIONAL FEATURE FILM,an1640978,The Worst Person in the World,tt10370710,Norway,,,,,,,,2021
94,2021,Production,MAKEUP AND HAIRSTYLING,MAKEUP AND HAIRSTYLING,an1638498,Coming 2 America,tt6802400,"Mike Marino, Stacey Morris and Carla Farmer","Mike Marino, Stacey Morris, Carla Farmer","nm0002514,nm0606943,nm0267732",,,,,,2021
94,2021,Production,MAKEUP AND HAIRSTYLING,MAKEUP AND HAIRSTYLING,an1638494,Cruella,tt3228774,"Nadia Stacey, Naomi Donne and Julia Vernon","Nadia Stacey, Naomi Donne, Julia Vernon","nm2854751,nm0232644,nm1861004",,,,,,2021
94,2021,Production,MAKEUP AND HAIRSTYLING,MAKEUP AND HAIRSTYLING,an1638492,Dune,tt1160419,"Donald Mowat, Love Larson and Eva von Bahr","Donald Mowat, Love Larson, Eva von Bahr","nm0610244,nm1037627,nm0901913",,,,,,2021
94,2021,Production,MAKEUP AND HAIRSTYLING,MAKEUP AND HAIRSTYLING,an1636326,The Eyes of Tammy Faye,tt9115530,"Linda Dowds, Stephanie Ingram and Justin Raleigh","Linda Dowds, Stephanie Ingram, Justin Raleigh","nm0235722,nm0409031,nm0707679",True,,,,,2021
94,2021,Production,MAKEUP AND HAIRSTYLING,MAKEUP AND HAIRSTYLING,an1638493,House of Gucci,tt11214590,"Göran Lundström, Anna Carin Lock and Frederic Aspiras","Göran Lundström, Anna Carin Lock, Frederic Aspiras","nm0526615,nm2049258,nm3139710",,,,,,2021
94,2021,Music,MUSIC (Original Score),MUSIC (Original Score),an1638540,Don't Look Up,tt11286314,Nicholas Britell,Nicholas Britell,nm1615109,,,,,,2021
94,2021,Music,MUSIC (Original Score),MUSIC (Original Score),an1636325,Dune,tt1160419,Hans Zimmer,Hans Zimmer,nm0001877,True,,,,,2021
94,2021,Music,MUSIC (Original Score),MUSIC (Original Score),an1638544,Encanto,tt2953050,Germaine Franco,Germaine Franco,nm1184901,,,,,,2021
94,2021,Music,MUSIC (Original Score),MUSIC (Original Score),an1641039,Parallel Mothers,tt12618926,Alberto Iglesias,Alberto Iglesias,nm0407076,,,,,,2021
94,2021,Music,MUSIC (Original Score),MUSIC (Original Score),an1638541,The Power of the Dog,tt10293406,Jonny Greenwood,Jonny Greenwood,nm0339351,,,,,,2021
94,2021,Music,MUSIC (Original Song),MUSIC (Original Song),an1638608,King Richard,tt9620288,Music and Lyric by DIXSON and Beyoncé Knowles-Carter,"DIXSON, Beyoncé Knowles-Carter","nm13152182,nm0461498",,Be Alive,,,,2021
94,2021,Music,MUSIC (Original Song),MUSIC (Original Song),an1638605,Encanto,tt2953050,Music and Lyric by Lin-Manuel Miranda,Lin-Manuel Miranda,nm0592135,,Dos Oruguitas,,,,2021
94,2021,Music,MUSIC (Original Song),MUSIC (Original Song),an1638609,Belfast,tt12789558,Music and Lyric by Van Morrison,Van Morrison,nm0607341,,Down To Joy,,,,2021
94,2021,Music,MUSIC (Original Song),MUSIC (Original Song),an1636324,No Time to Die,tt2382320,Music and Lyric by Billie Eilish and Finneas O'Connell,"Billie Eilish, Finneas O'Connell","nm8483808,nm3906552",True,No Time To Die,,,,2021
94,2021,Music,MUSIC (Original Song),MUSIC (Original Song),an1638613,Four Good Days,tt10344522,Music and Lyric by Diane Warren,Diane Warren,nm0005534,,Somehow You Do,,,,2021
94,2021,Title,BEST PICTURE,BEST PICTURE,an1636312,Belfast,tt12789558,"Laura Berwick, Kenneth Branagh, Becca Kovacik and Tamar Thomas, Producers","Laura Berwick, Kenneth Branagh, Becca Kovacik, Tamar Thomas","nm2233031,nm0000110,nm2228812,nm0859561",,,,,,2021
94,2021,Title,BEST PICTURE,BEST PICTURE,an1638344,CODA,tt10366460,"Philippe Rousselet, Fabrice Gianfermi and Patrick Wachsberger, Producers","Philippe Rousselet, Fabrice Gianfermi, Patrick Wachsberger","nm0746041,nm1818350,nm0905163",True,,,,,2021
94,2021,Title,BEST PICTURE,BEST PICTURE,an1638350,Don't Look Up,tt11286314,"Adam McKay and Kevin Messick, Producers","Adam McKay, Kevin Messick","nm0570912,nm0582111",,,,,,2021
94,2021,Title,BEST PICTURE,BEST PICTURE,an1638349,Drive My Car,tt14039582,"Teruhisa Yamamoto, Producer",Teruhisa Yamamoto,nm6167249,,,,,,2021
94,2021,Title,BEST PICTURE,BEST PICTURE,an1638342,Dune,tt1160419,"Mary Parent, Denis Villeneuve and Cale Boyter, Producers","Mary Parent, Denis Villeneuve, Cale Boyter","nm0661289,nm0898288,nm1212547",,,,,,2021
94,2021,Title,BEST PICTURE,BEST PICTURE,an1638346,King Richard,tt9620288,"Tim White, Trevor White and Will Smith, Producers","Tim White, Trevor White, Will Smith","nm2807321,nm2809465,nm0000226",,,,,,2021
94,2021,Title,BEST PICTURE,BEST PICTURE,an1638341,Licorice Pizza,tt11271038,"Sara Murphy, Adam Somner and Paul Thomas Anderson, Producers","Sara Murphy, Adam Somner, Paul Thomas Anderson","nm2072976,nm0814114,nm0000759",,,,,,2021
94,2021,Title,BEST PICTURE,BEST PICTURE,an1638358,Nightmare Alley,tt7740496,"Guillermo del Toro, J. Miles Dale and Bradley Cooper, Producers","Guillermo del Toro, J. Miles Dale, Bradley Cooper","nm0868219,nm0197703,nm0177896",,,,,,2021
94,2021,Title,BEST PICTURE,BEST PICTURE,an1638343,The Power of the Dog,tt10293406,"Jane Campion, Tanya Seghatchian, Emile Sherman, Iain Canning and Roger Frappier, Producers","Jane Campion, Tanya Seghatchian, Emile Sherman, Iain Canning, Roger Frappier","nm0001005,nm0782036,nm0792431,nm2096617,nm0292024",,,,,,2021
94,2021,Title,BEST PICTURE,BEST PICTURE,an1638340,West Side Story,tt3581652,"Steven Spielberg and Kristie Macosko Krieger, Producers","Steven Spielberg, Kristie Macosko Krieger","nm0000229,nm1069736",,,,,,2021
94,2021,Production,ART DIRECTION,PRODUCTION DESIGN,an1636323,Dune,tt1160419,Production Design: Patrice Vermette; Set Decoration: Zsuzsanna Sipos,"Patrice Vermette, Zsuzsanna Sipos","nm0894411,nm4722060",True,,,,,2021
94,2021,Production,ART DIRECTION,PRODUCTION DESIGN,an1638460,Nightmare Alley,tt7740496,Production Design: Tamara Deverell; Set Decoration: Shane Vieau,"Tamara Deverell, Shane Vieau","nm0222383,nm0896580",,,,,,2021
94,2021,Production,ART DIRECTION,PRODUCTION DESIGN,an1638457,The Power of the Dog,tt10293406,Production Design: Grant Major; Set Decoration: Amber Richards,"Grant Major, Amber Richards","nm0538194,nm1400384",,,,,,2021
94,2021,Production,ART DIRECTION,PRODUCTION DESIGN,an1638459,The Tragedy of Macbeth,tt10095582,Production Design: Stefan Dechant; Set Decoration: Nancy Haigh,"Stefan Dechant, Nancy Haigh","nm0213754,nm0354101",,,,,,2021
94,2021,Production,ART DIRECTION,PRODUCTION DESIGN,an1638463,West Side Story,tt3581652,Production Design: Adam Stockhausen; Set Decoration: Rena DeAngelo,"Adam Stockhausen, Rena DeAngelo","nm1360914,nm0213076",,,,,,2021
94,2021,Title,SHORT FILM (Animated),SHORT FILM (Animated),an1638444,Affairs of the Art,tt14293560,Joanna Quinn and Les Mills,"Joanna Quinn, Les Mills","nm0703885,nm0995104",,,,,,2021
94,2021,Title,SHORT FILM (Animated),SHORT FILM (Animated),an1641029,Bestia,tt14825950,Hugo Covarrubias and Tevo Díaz,"Hugo Covarrubias, Tevo Díaz","nm4587241,nm0246746",,,,,,2021
94,2021,Title,SHORT FILM (Animated),SHORT FILM (Animated),an1638446,Boxballet,tt14825972,Anton Dyakov,Anton Dyakov,nm6436434,,,,,,2021
94,2021,Title,SHORT FILM (Animated),SHORT FILM (Animated),an1638437,Robin Robin,tt11332850,Dan Ojari and Mikey Please,"Dan Ojari, Mikey Please","nm4570900,nm3170529",,,,,,2021
94,2021,Title,SHORT FILM (Animated),SHORT FILM (Animated),an1638436,The Windshield Wiper,tt9464038,Alberto Mielgo and Leo Sanchez,"Alberto Mielgo, Leo Sanchez","nm2856960,nm1912965",True,,,,,2021
94,2021,Title,SHORT FILM (Live Action),SHORT FILM (Live Action),an1638396,Ala Kachuu - Take and Run,tt7914938,Maria Brendle and Nadine Lüchinger,"Maria Brendle, Nadine Lüchinger","nm6248692,nm6603553",,,,,,2021
94,2021,Title,SHORT FILM (Live Action),SHORT FILM (Live Action),an1638392,The Dress,tt12299764,Tadeusz Lysiak and Maciej Slesicki,"Tadeusz Lysiak, Maciej Slesicki","nm9472233,nm0805751",,,,,,2021
94,2021,Title,SHORT FILM (Live Action),SHORT FILM (Live Action),an1638395,The Long Goodbye,tt11924384,Aneil Karia and Riz Ahmed,"Aneil Karia, Riz Ahmed","nm4090848,nm1981893",True,,,,,2021
94,2021,Title,SHORT FILM (Live Action),SHORT FILM (Live Action),an1636313,On My Mind,tt15289736,Martin Strange-Hansen and Kim Magnusson,"Martin Strange-Hansen, Kim Magnusson","nm1015687,nm0536385",,,,,,2021
94,2021,Title,SHORT FILM (Live Action),SHORT FILM (Live Action),an1638394,Please Hold,tt11383280,K.D. Dávila and Levin Menekse,"K.D. Dávila, Levin Menekse","nm4944814,nm11049074",,,,,,2021
94,2021,Production,SOUND MIXING,SOUND,an1638489,Belfast,tt12789558,"Denise Yarde, Simon Chase, James Mather and Niv Adiri","Denise Yarde, Simon Chase, James Mather, Niv Adiri","nm1383719,nm1121283,nm0558450,nm1866364",,,,,,2021
94,2021,Production,SOUND MIXING,SOUND,an1636306,Dune,tt1160419,"Mac Ruth, Mark Mangini, Theo Green, Doug Hemphill and Ron Bartlett","Mac Ruth, Mark Mangini, Theo Green, Doug Hemphill, Ron Bartlett","nm0002314,nm0005625,nm1640468,nm0376153,nm0058897",True,,,,,2021
94,2021,Production,SOUND MIXING,SOUND,an1638487,No Time to Die,tt2382320,"Simon Hayes, Oliver Tarney, James Harrison, Paul Massey and Mark Taylor","Simon Hayes, Oliver Tarney, James Harrison, Paul Massey, Mark Taylor","nm1536532,nm0850549,nm0365639,nm0557338,nm0852837",,,,,,2021
94,2021,Production,SOUND MIXING,SOUND,an1638490,The Power of the Dog,tt10293406,"Richard Flynn, Robert Mackenzie and Tara Webb","Richard Flynn, Robert Mackenzie, Tara Webb","nm0283601,nm1464727,nm4155608",,,,,,2021
94,2021,Production,SOUND MIXING,SOUND,an1638486,West Side Story,tt3581652,"Tod A. Maitland, Gary Rydstrom, Brian Chumney, Andy Nelson and Shawn Murphy","Tod A. Maitland, Gary Rydstrom, Brian Chumney, Andy Nelson, Shawn Murphy","nm0537972,nm0003977,nm1014073,nm0625144,nm0004156",,,,,,2021
94,2021,Production,VISUAL EFFECTS,VISUAL EFFECTS,an1636320,Dune,tt1160419,"Paul Lambert, Tristan Myles, Brian Connor and Gerd Nefzer","Paul Lambert, Tristan Myles, Brian Connor, Gerd Nefzer","nm0995902,nm1629597,nm0175391,nm0275382",True,,,,,2021
94,2021,Production,VISUAL EFFECTS,VISUAL EFFECTS,an1638483,Free Guy,tt6264654,"Swen Gillberg, Bryan Grill, Nikos Kalaitzidis and Dan Sudick","Swen Gillberg, Bryan Grill, Nikos Kalaitzidis, Dan Sudick","nm1089828,nm0341985,nm0435479,nm0837203",,,,,,2021
94,2021,Production,VISUAL EFFECTS,VISUAL EFFECTS,an1638482,No Time to Die,tt2382320,"Charlie Noble, Joel Green, Jonathan Fawkner and Chris Corbould","Charlie Noble, Joel Green, Jonathan Fawkner, Chris Corbould","nm0633563,nm2539473,nm1000834,nm0179269",,,,,,2021
94,2021,Production,VISUAL EFFECTS,VISUAL EFFECTS,an1638477,Shang-Chi and the Legend of the Ten Rings,tt9376612,"Christopher Townsend, Joe Farrell, Sean Noel Walker and Dan Oliver","Christopher Townsend, Joe Farrell, Sean Noel Walker, Dan Oliver","nm0870102,nm1062239,nm2395514,nm0646807",,,,,,2021
94,2021,Production,VISUAL EFFECTS,VISUAL EFFECTS,an1638476,Spider-Man: No Way Home,tt10872600,"Kelly Port, Chris Waegner, Scott Edelstein and Dan Sudick","Kelly Port, Chris Waegner, Scott Edelstein, Dan Sudick","nm0691883,nm0905637,nm1131786,nm0837203",,,,,,2021
94,2021,Writing,WRITING (Adapted Screenplay),WRITING (Adapted Screenplay),an1638574,CODA,tt10366460,Screenplay by Siân Heder,Siân Heder,nm1571761,True,,,,,2021
94,2021,Writing,WRITING (Adapted Screenplay),WRITING (Adapted Screenplay),an1638577,Drive My Car,tt14039582,"Screenplay by Ryusuke Hamaguchi, Takamasa Oe","Ryusuke Hamaguchi, Takamasa Oe","nm3152327,nm5087531",,,,,,2021
94,2021,Writing,WRITING (Adapted Screenplay),WRITING (Adapted Screenplay),an1638575,Dune,tt1160419,Screenplay by Jon Spaihts and Denis Villeneuve and Eric Roth,"Jon Spaihts, Denis Villeneuve, Eric Roth","nm3123612,nm0898288,nm0744839",,,,,,2021
94,2021,Writing,WRITING (Adapted Screenplay),WRITING (Adapted Screenplay),an1638576,The Lost Daughter,tt9100054,Written by Maggie Gyllenhaal,Maggie Gyllenhaal,nm0350454,,,,,,2021
94,2021,Writing,WRITING (Adapted Screenplay),WRITING (Adapted Screenplay),an1636319,The Power of the Dog,tt10293406,Written by Jane Campion,Jane Campion,nm0001005,,,,,,2021
94,2021,Writing,WRITING (Original Screenplay),WRITING (Original Screenplay),an1636311,Belfast,tt12789558,Written by Kenneth Branagh,Kenneth Branagh,nm0000110,True,,,,,2021
94,2021,Writing,WRITING (Original Screenplay),WRITING (Original Screenplay),an1638584,Don't Look Up,tt11286314,Screenplay by Adam McKay; Story by Adam McKay & David Sirota,"Adam McKay, David Sirota","nm0570912,nm1998503",,,,,,2021
94,2021,Writing,WRITING (Original Screenplay),WRITING (Original Screenplay),an1638582,King Richard,tt9620288,Written by Zach Baylin,Zach Baylin,nm1598140,,,,,,2021
94,2021,Writing,WRITING (Original Screenplay),WRITING (Original Screenplay),an1638585,Licorice Pizza,tt11271038,Written by Paul Thomas Anderson,Paul Thomas Anderson,nm0000759,,,,,,2021
94,2021,Writing,WRITING (Original Screenplay),WRITING (Original Screenplay),an1638586,The Worst Person in the World,tt10370710,"Written by Eskil Vogt, Joachim Trier","Eskil Vogt, Joachim Trier","nm1258777,nm1258686",,,,,,2021
95,2022,Acting,ACTOR IN A LEADING ROLE,ACTOR IN A LEADING ROLE,an1825785,Elvis,tt3704428,Austin Butler,Austin Butler,nm2581521,,Elvis,,,,2022
95,2022,Acting,ACTOR IN A LEADING ROLE,ACTOR IN A LEADING ROLE,an1819948,The Banshees of Inisherin,tt11813216,Colin Farrell,Colin Farrell,nm0268199,,Pádraic Súilleabháin,,,,2022
95,2022,Acting,ACTOR IN A LEADING ROLE,ACTOR IN A LEADING ROLE,an1825784,The Whale,tt13833688,Brendan Fraser,Brendan Fraser,nm0000409,True,Charlie,,,,2022
95,2022,Acting,ACTOR IN A LEADING ROLE,ACTOR IN A LEADING ROLE,an1825788,Aftersun,tt19770238,Paul Mescal,Paul Mescal,nm8958770,,Calum,,,,2022
95,2022,Acting,ACTOR IN A LEADING ROLE,ACTOR IN A LEADING ROLE,an1825786,Living,tt9051908,Bill Nighy,Bill Nighy,nm0631490,,Williams,,,,2022
95,2022,Acting,ACTOR IN A SUPPORTING ROLE,ACTOR IN A SUPPORTING ROLE,an1825818,The Banshees of Inisherin,tt11813216,Brendan Gleeson,Brendan Gleeson,nm0322407,,Colm Doherty,,,,2022
95,2022,Acting,ACTOR IN A SUPPORTING ROLE,ACTOR IN A SUPPORTING ROLE,an1825824,Causeway,tt10192406,Brian Tyree Henry,Brian Tyree Henry,nm3109964,,James,,,,2022
95,2022,Acting,ACTOR IN A SUPPORTING ROLE,ACTOR IN A SUPPORTING ROLE,an1825820,The Fabelmans,tt14208870,Judd Hirsch,Judd Hirsch,nm0002139,,Uncle Boris,,,,2022
95,2022,Acting,ACTOR IN A SUPPORTING ROLE,ACTOR IN A SUPPORTING ROLE,an1825825,The Banshees of Inisherin,tt11813216,Barry Keoghan,Barry Keoghan,nm4422686,,Dominic Kearney,,,,2022
95,2022,Acting,ACTOR IN A SUPPORTING ROLE,ACTOR IN A SUPPORTING ROLE,an1825822,Everything Everywhere All at Once,tt6710474,Ke Huy Quan,Ke Huy Quan,nm0702841,True,Waymond Wang,,,,2022
95,2022,Acting,ACTRESS IN A LEADING ROLE,ACTRESS IN A LEADING ROLE,an1819949,Tár,tt14444726,Cate Blanchett,Cate Blanchett,nm0000949,,Lydia Tár,,,,2022
95,2022,Acting,ACTRESS IN A LEADING ROLE,ACTRESS IN A LEADING ROLE,an1825772,Blonde,tt1655389,Ana de Armas,Ana de Armas,nm1869101,,Norma Jeane,,,,2022
95,2022,Acting,ACTRESS IN A LEADING ROLE,ACTRESS IN A LEADING ROLE,an1834632,To Leslie,tt8129806,Andrea Riseborough,Andrea Riseborough,nm2057859,,Leslie,,,,2022
95,2022,Acting,ACTRESS IN A LEADING ROLE,ACTRESS IN A LEADING ROLE,an1825767,The Fabelmans,tt14208870,Michelle Williams,Michelle Williams,nm0931329,,Mitzi Fabelman,,,,2022
95,2022,Acting,ACTRESS IN A LEADING ROLE,ACTRESS IN A LEADING ROLE,an1825763,Everything Everywhere All at Once,tt6710474,Michelle Yeoh,Michelle Yeoh,nm0000706,True,Evelyn Wang,,,,2022
95,2022,Acting,ACTRESS IN A SUPPORTING ROLE,ACTRESS IN A SUPPORTING ROLE,an1825793,Black Panther: Wakanda Forever,tt9114286,Angela Bassett,Angela Bassett,nm0000291,,Ramonda,,,,2022
95,2022,Acting,ACTRESS IN A SUPPORTING ROLE,ACTRESS IN A SUPPORTING ROLE,an1825812,The Whale,tt13833688,Hong Chau,Hong Chau,nm2186865,,Liz,,,,2022
95,2022,Acting,ACTRESS IN A SUPPORTING ROLE,ACTRESS IN A SUPPORTING ROLE,an1819941,The Banshees of Inisherin,tt11813216,Kerry Condon,Kerry Condon,nm0174403,,Siobhán Súilleabháin,,,,2022
95,2022,Acting,ACTRESS IN A SUPPORTING ROLE,ACTRESS IN A SUPPORTING ROLE,an1825796,Everything Everywhere All at Once,tt6710474,Jamie Lee Curtis,Jamie Lee Curtis,nm0000130,True,Deirdre Beaubeirdra,,,,2022
95,2022,Acting,ACTRESS IN A SUPPORTING ROLE,ACTRESS IN A SUPPORTING ROLE,an1825794,Everything Everywhere All at Once,tt6710474,Stephanie Hsu,Stephanie Hsu,nm3513533,,Joy Wang/Jobu Tupaki,,,,2022
95,2022,Title,ANIMATED FEATURE FILM,ANIMATED FEATURE FILM,an1819954,Guillermo del Toro's Pinocchio,tt1488589,"Guillermo del Toro, Mark Gustafson, Gary Ungar and Alex Bulkley","Guillermo del Toro, Mark Gustafson, Gary Ungar, Alex Bulkley","nm0868219,nm0348993,nm1316083,nm0119946",True,,,,,2022
95,2022,Title,ANIMATED FEATURE FILM,ANIMATED FEATURE FILM,an1829459,Marcel the Shell with Shoes On,tt15339456,"Dean Fleischer Camp, Elisabeth Holm, Andrew Goldman, Caroline Kaplan and Paul Mezey","Dean Fleischer Camp, Elisabeth Holm, Andrew Goldman, Caroline Kaplan, Paul Mezey","nm3255797,nm3831085,nm2749806,nm0438210,nm0583796",,,,,,2022
95,2022,Title,ANIMATED FEATURE FILM,ANIMATED FEATURE FILM,an1829461,Puss in Boots: The Last Wish,tt3915174,Joel Crawford and Mark Swift,"Joel Crawford, Mark Swift","nm3150455,nm0842616",,,,,,2022
95,2022,Title,ANIMATED FEATURE FILM,ANIMATED FEATURE FILM,an1829464,The Sea Beast,tt9288046,Chris Williams and Jed Schlanger,"Chris Williams, Jed Schlanger","nm0930261,nm3155373",,,,,,2022
95,2022,Title,ANIMATED FEATURE FILM,ANIMATED FEATURE FILM,an1829460,Turning Red,tt8097030,Domee Shi and Lindsey Collins,"Domee Shi, Lindsey Collins","nm7626019,nm0172491",,,,,,2022
95,2022,Production,CINEMATOGRAPHY,CINEMATOGRAPHY,an1829433,All Quiet on the Western Front,tt1016150,James Friend,James Friend,nm2168099,True,,,,,2022
95,2022,Production,CINEMATOGRAPHY,CINEMATOGRAPHY,an1829434,"Bardo, False Chronicle of a Handful of Truths",tt14176542,Darius Khondji,Darius Khondji,nm0451787,,,,,,2022
95,2022,Production,CINEMATOGRAPHY,CINEMATOGRAPHY,an1829432,Elvis,tt3704428,Mandy Walker,Mandy Walker,nm0907999,,,,,,2022
95,2022,Production,CINEMATOGRAPHY,CINEMATOGRAPHY,an1829428,Empire of Light,tt14402146,Roger Deakins,Roger Deakins,nm0005683,,,,,,2022
95,2022,Production,CINEMATOGRAPHY,CINEMATOGRAPHY,an1829441,Tár,tt14444726,Florian Hoffmeister,Florian Hoffmeister,nm0389285,,,,,,2022
95,2022,Production,COSTUME DESIGN,COSTUME DESIGN,an1829448,Babylon,tt10640346,Mary Zophres,Mary Zophres,nm0957861,,,,,,2022
95,2022,Production,COSTUME DESIGN,COSTUME DESIGN,an1819943,Black Panther: Wakanda Forever,tt9114286,Ruth Carter,Ruth Carter,nm0141921,True,,,,,2022
95,2022,Production,COSTUME DESIGN,COSTUME DESIGN,an1829445,Elvis,tt3704428,Catherine Martin,Catherine Martin,nm0552039,,,,,,2022
95,2022,Production,COSTUME DESIGN,COSTUME DESIGN,an1829450,Everything Everywhere All at Once,tt6710474,Shirley Kurata,Shirley Kurata,nm0475599,,,,,,2022
95,2022,Production,COSTUME DESIGN,COSTUME DESIGN,an1829446,Mrs. Harris Goes to Paris,tt5151570,Jenny Beavan,Jenny Beavan,nm0064746,,,,,,2022
95,2022,Directing,DIRECTING,DIRECTING,an1825744,The Banshees of Inisherin,tt11813216,Martin McDonagh,Martin McDonagh,nm1732981,,,,,,2022
95,2022,Directing,DIRECTING,DIRECTING,an1825742,Everything Everywhere All at Once,tt6710474,Daniel Kwan and Daniel Scheinert,"Daniel Kwan, Daniel Scheinert","nm3453283,nm3215397",True,,,,,2022
95,2022,Directing,DIRECTING,DIRECTING,an1819953,The Fabelmans,tt14208870,Steven Spielberg,Steven Spielberg,nm0000229,,,,,,2022
95,2022,Directing,DIRECTING,DIRECTING,an1825743,Tár,tt14444726,Todd Field,Todd Field,nm0276062,,,,,,2022
95,2022,Directing,DIRECTING,DIRECTING,an1834633,Triangle of Sadness,tt7322224,Ruben Östlund,Ruben Östlund,nm1128037,,,,,,2022
95,2022,Title,DOCUMENTARY (Feature),DOCUMENTARY FEATURE FILM,an1819986,All That Breathes,tt16377862,"Shaunak Sen, Aman Mann and Teddy Leifer","Shaunak Sen, Aman Mann, Teddy Leifer","nm11182342,nm12325026,nm1746166",,,,,,2022
95,2022,Title,DOCUMENTARY (Feature),DOCUMENTARY FEATURE FILM,an1819987,All the Beauty and the Bloodshed,tt21374850,"Laura Poitras, Howard Gertler, John Lyons, Nan Goldin and Yoni Golijov","Laura Poitras, Howard Gertler, John Lyons, Nan Goldin, Yoni Golijov","nm0688636,nm0314971,nm0529092,nm0325667,nm3707417",,,,,,2022
95,2022,Title,DOCUMENTARY (Feature),DOCUMENTARY FEATURE FILM,an1819991,Fire of Love,tt16227014,"Sara Dosa, Shane Boris and Ina Fichman","Sara Dosa, Shane Boris, Ina Fichman","nm2393385,nm3312530,nm0275649",,,,,,2022
95,2022,Title,DOCUMENTARY (Feature),DOCUMENTARY FEATURE FILM,an1819994,A House Made of Splinters,tt16377920,Simon Lereng Wilmont and Monica Hellström,"Simon Lereng Wilmont, Monica Hellström","nm1802410,nm1445547",,,,,,2022
95,2022,Title,DOCUMENTARY (Feature),DOCUMENTARY FEATURE FILM,an1819998,Navalny,tt17041964,"Daniel Roher, Odessa Rae, Diane Becker, Melanie Miller and Shane Boris","Daniel Roher, Odessa Rae, Diane Becker, Melanie Miller, Shane Boris","nm4173215,nm1230874,nm2177487,nm0588953,nm3312530",True,,,,,2022
95,2022,Title,DOCUMENTARY (Short Subject),DOCUMENTARY SHORT FILM,an1820007,The Elephant Whisperers,tt23628262,Kartiki Gonsalves and Guneet Monga,"Kartiki Gonsalves, Guneet Monga","nm14232155,nm1944105",True,,,,,2022
95,2022,Title,DOCUMENTARY (Short Subject),DOCUMENTARY SHORT FILM,an1820010,Haulout,tt17162620,Evgenia Arbugaeva and Maxim Arbugaev,"Evgenia Arbugaeva, Maxim Arbugaev","nm8205908,nm8975290",,,,,,2022
95,2022,Title,DOCUMENTARY (Short Subject),DOCUMENTARY SHORT FILM,an1820013,How Do You Measure a Year?,tt15026956,Jay Rosenblatt,Jay Rosenblatt,nm0742401,,,,,,2022
95,2022,Title,DOCUMENTARY (Short Subject),DOCUMENTARY SHORT FILM,an1820014,The Martha Mitchell Effect,tt16379454,Anne Alvergue and Beth Levison,"Anne Alvergue, Beth Levison","nm1290869,nm1109901",,,,,,2022
95,2022,Title,DOCUMENTARY (Short Subject),DOCUMENTARY SHORT FILM,an1820017,Stranger at the Gate,tt20784118,Joshua Seftel and Conall Jones,"Joshua Seftel, Conall Jones","nm0781733,nm2261114",,,,,,2022
95,2022,Production,FILM EDITING,FILM EDITING,an1829483,The Banshees of Inisherin,tt11813216,Mikkel E.G. Nielsen,Mikkel E.G. Nielsen,nm1182055,,,,,,2022
95,2022,Production,FILM EDITING,FILM EDITING,an1829472,Elvis,tt3704428,Matt Villa and Jonathan Redmond,"Matt Villa, Jonathan Redmond","nm0897637,nm0975108",,,,,,2022
95,2022,Production,FILM EDITING,FILM EDITING,an1829470,Everything Everywhere All at Once,tt6710474,Paul Rogers,Paul Rogers,nm6846971,True,,,,,2022
95,2022,Production,FILM EDITING,FILM EDITING,an1829479,Tár,tt14444726,Monika Willi,Monika Willi,nm0929889,,,,,,2022
95,2022,Production,FILM EDITING,FILM EDITING,an1819938,Top Gun: Maverick,tt1745960,Eddie Hamilton,Eddie Hamilton,nm0357835,,,,,,2022
95,2022,Title,INTERNATIONAL FEATURE FILM,INTERNATIONAL FEATURE FILM,an1820034,All Quiet on the Western Front,tt1016150,Germany,,,True,,,,,2022
95,2022,Title,INTERNATIONAL FEATURE FILM,INTERNATIONAL FEATURE FILM,an1820024,"Argentina, 1985",tt15301048,Argentina,,,,,,,,2022
95,2022,Title,INTERNATIONAL FEATURE FILM,INTERNATIONAL FEATURE FILM,an1820028,Close,tt9660502,Belgium,,,,,,,,2022
95,2022,Title,INTERNATIONAL FEATURE FILM,INTERNATIONAL FEATURE FILM,an1820043,EO,tt19652910,Poland,,,,,,,,2022
95,2022,Title,INTERNATIONAL FEATURE FILM,INTERNATIONAL FEATURE FILM,an1820036,The Quiet Girl,tt15109082,Ireland,,,,,,,,2022
95,2022,Production,MAKEUP AND HAIRSTYLING,MAKEUP AND HAIRSTYLING,an1820051,All Quiet on the Western Front,tt1016150,Heike Merker and Linda Eisenhamerová,"Heike Merker, Linda Eisenhamerová","nm0580922,nm1227443",,,,,,2022
95,2022,Production,MAKEUP AND HAIRSTYLING,MAKEUP AND HAIRSTYLING,an1820054,The Batman,tt1877830,"Naomi Donne, Mike Marino and Mike Fontaine","Naomi Donne, Mike Marino, Mike Fontaine","nm0232644,nm0002514,nm2885534",,,,,,2022
95,2022,Production,MAKEUP AND HAIRSTYLING,MAKEUP AND HAIRSTYLING,an1820055,Black Panther: Wakanda Forever,tt9114286,Camille Friend and Joel Harlow,"Camille Friend, Joel Harlow","nm0295518,nm0363355",,,,,,2022
95,2022,Production,MAKEUP AND HAIRSTYLING,MAKEUP AND HAIRSTYLING,an1820058,Elvis,tt3704428,"Mark Coulier, Jason Baird and Aldo Signoretti","Mark Coulier, Jason Baird, Aldo Signoretti","nm0183418,nm0047878,nm0797532",,,,,,2022
95,2022,Production,MAKEUP AND HAIRSTYLING,MAKEUP AND HAIRSTYLING,an1820060,The Whale,tt13833688,"Adrien Morot, Judy Chin and Annemarie Bradley","Adrien Morot, Judy Chin, Annemarie Bradley","nm0606110,nm0155275,nm1095471",True,,,,,2022
95,2022,Music,MUSIC (Original Score),MUSIC (Original Score),an1820063,All Quiet on the Western Front,tt1016150,Volker Bertelmann,Volker Bertelmann,nm2890617,True,,,,,2022
95,2022,Music,MUSIC (Original Score),MUSIC (Original Score),an1820065,Babylon,tt10640346,Justin Hurwitz,Justin Hurwitz,nm3225654,,,,,,2022
95,2022,Music,MUSIC (Original Score),MUSIC (Original Score),an1820066,The Banshees of Inisherin,tt11813216,Carter Burwell,Carter Burwell,nm0001980,,,,,,2022
95,2022,Music,MUSIC (Original Score),MUSIC (Original Score),an1820070,Everything Everywhere All at Once,tt6710474,Son Lux,Son Lux,nm4954433,,,,,,2022
95,2022,Music,MUSIC (Original Score),MUSIC (Original Score),an1820071,The Fabelmans,tt14208870,John Williams,John Williams,nm0002354,,,,,,2022
95,2022,Music,MUSIC (Original Song),MUSIC (Original Song),an1820087,Tell It like a Woman,tt5850650,Music and Lyric by Diane Warren,Diane Warren,nm0005534,,Applause,,,,2022
95,2022,Music,MUSIC (Original Song),MUSIC (Original Song),an1820089,Top Gun: Maverick,tt1745960,Music and Lyric by Lady Gaga and BloodPop,"Lady Gaga, BloodPop","nm3078932,nm8475165",,Hold My Hand,,,,2022
95,2022,Music,MUSIC (Original Song),MUSIC (Original Song),an1820080,Black Panther: Wakanda Forever,tt9114286,"Music by Tems, Rihanna, Ryan Coogler and Ludwig Goransson; Lyric by Tems and Ryan Coogler","Tems, Rihanna, Ryan Coogler, Ludwig Goransson","nm12478182,nm1982597,nm3363032,nm3234869",,Lift Me Up,,,,2022
95,2022,Music,MUSIC (Original Song),MUSIC (Original Song),an1820084,RRR,tt8178634,Music by M.M. Keeravaani; Lyric by Chandrabose,"M.M. Keeravaani, Chandrabose","nm0444807,nm0151513",True,Naatu Naatu,,,,2022
95,2022,Music,MUSIC (Original Song),MUSIC (Original Song),an1820081,Everything Everywhere All at Once,tt6710474,"Music by Ryan Lott, David Byrne and Mitski; Lyric by Ryan Lott and David Byrne","Ryan Lott, David Byrne, Mitski","nm4843730,nm0126154,nm7105950",,This Is A Life,,,,2022
95,2022,Title,BEST PICTURE,BEST PICTURE,an1825729,All Quiet on the Western Front,tt1016150,"Malte Grunert, Producer",Malte Grunert,nm0344612,,,,,,2022
95,2022,Title,BEST PICTURE,BEST PICTURE,an1825722,Avatar: The Way of Water,tt1630029,"James Cameron and Jon Landau, Producers","James Cameron, Jon Landau","nm0000116,nm0484457",,,,,,2022
95,2022,Title,BEST PICTURE,BEST PICTURE,an1825717,The Banshees of Inisherin,tt11813216,"Graham Broadbent, Pete Czernin and Martin McDonagh, Producers","Graham Broadbent, Pete Czernin, Martin McDonagh","nm0110357,nm0194446,nm1732981",,,,,,2022
95,2022,Title,BEST PICTURE,BEST PICTURE,an1819950,Elvis,tt3704428,"Baz Luhrmann, Catherine Martin, Gail Berman, Patrick McCormick and Schuyler Weiss, Producers","Baz Luhrmann, Catherine Martin, Gail Berman, Patrick McCormick, Schuyler Weiss","nm0525303,nm0552039,nm0075762,nm0566590,nm3419045",,,,,,2022
95,2022,Title,BEST PICTURE,BEST PICTURE,an1825716,Everything Everywhere All at Once,tt6710474,"Daniel Kwan, Daniel Scheinert and Jonathan Wang, Producers","Daniel Kwan, Daniel Scheinert, Jonathan Wang","nm3453283,nm3215397,nm4139352",True,,,,,2022
95,2022,Title,BEST PICTURE,BEST PICTURE,an1825719,The Fabelmans,tt14208870,"Kristie Macosko Krieger, Steven Spielberg and Tony Kushner, Producers","Kristie Macosko Krieger, Steven Spielberg, Tony Kushner","nm1069736,nm0000229,nm1065785",,,,,,2022
95,2022,Title,BEST PICTURE,BEST PICTURE,an1825721,Tár,tt14444726,"Todd Field, Alexandra Milchan and Scott Lambert, Producers","Todd Field, Alexandra Milchan, Scott Lambert","nm0276062,nm0586968,nm0483300",,,,,,2022
95,2022,Title,BEST PICTURE,BEST PICTURE,an1825715,Top Gun: Maverick,tt1745960,"Tom Cruise, Christopher McQuarrie, David Ellison and Jerry Bruckheimer, Producers","Tom Cruise, Christopher McQuarrie, David Ellison, Jerry Bruckheimer","nm0000129,nm0003160,nm1911103,nm0000988",,,,,,2022
95,2022,Title,BEST PICTURE,BEST PICTURE,an1825728,Triangle of Sadness,tt7322224,"Erik Hemmendorff and Philippe Bober, Producers","Erik Hemmendorff, Philippe Bober","nm1615036,nm0090350",,,,,,2022
95,2022,Title,BEST PICTURE,BEST PICTURE,an1825725,Women Talking,tt13669038,"Dede Gardner, Jeremy Kleiner and Frances McDormand, Producers","Dede Gardner, Jeremy Kleiner, Frances McDormand","nm0306890,nm1250070,nm0000531",,,,,,2022
95,2022,Production,ART DIRECTION,PRODUCTION DESIGN,an1829492,All Quiet on the Western Front,tt1016150,Production Design: Christian M. Goldbeck; Set Decoration: Ernestine Hipper,"Christian M. Goldbeck, Ernestine Hipper","nm1024392,nm0386157",True,,,,,2022
95,2022,Production,ART DIRECTION,PRODUCTION DESIGN,an1829486,Avatar: The Way of Water,tt1630029,Production Design: Dylan Cole and Ben Procter; Set Decoration: Vanessa Cole,"Dylan Cole, Ben Procter, Vanessa Cole","nm1304499,nm1929546,nm1521435",,,,,,2022
95,2022,Production,ART DIRECTION,PRODUCTION DESIGN,an1819939,Babylon,tt10640346,Production Design: Florencia Martin; Set Decoration: Anthony Carlino,"Florencia Martin, Anthony Carlino","nm3151515,nm2518113",,,,,,2022
95,2022,Production,ART DIRECTION,PRODUCTION DESIGN,an1829488,Elvis,tt3704428,Production Design: Catherine Martin and Karen Murphy; Set Decoration: Bev Dunn,"Catherine Martin, Karen Murphy, Bev Dunn","nm0552039,nm0614422,nm1427646",,,,,,2022
95,2022,Production,ART DIRECTION,PRODUCTION DESIGN,an1829485,The Fabelmans,tt14208870,Production Design: Rick Carter; Set Decoration: Karen O'Hara,"Rick Carter, Karen O'Hara","nm0141437,nm0641286",,,,,,2022
95,2022,Title,SHORT FILM (Animated),SHORT FILM (Animated),an1820097,"The Boy, the Mole, the Fox and the Horse",tt22667880,Charlie Mackesy and Matthew Freud,"Charlie Mackesy, Matthew Freud","nm12104786,nm2516361",True,,,,,2022
95,2022,Title,SHORT FILM (Animated),SHORT FILM (Animated),an1820099,The Flying Sailor,tt20240228,Amanda Forbis and Wendy Tilby,"Amanda Forbis, Wendy Tilby","nm0285428,nm0863195",,,,,,2022
95,2022,Title,SHORT FILM (Animated),SHORT FILM (Animated),an1820101,Ice Merchants,tt19781688,João Gonzalez and Bruno Caetano,"João Gonzalez, Bruno Caetano","nm11993514,nm4289854",,,,,,2022
95,2022,Title,SHORT FILM (Animated),SHORT FILM (Animated),an1820104,My Year of Dicks,tt17663790,Sara Gunnarsdóttir and Pamela Ribon,"Sara Gunnarsdóttir, Pamela Ribon","nm3613609,nm0962596",,,,,,2022
95,2022,Title,SHORT FILM (Animated),SHORT FILM (Animated),an1820106,An Ostrich Told Me the World Is Fake and I Think I Believe It,tt20115114,Lachlan Pendragon,Lachlan Pendragon,nm13638368,,,,,,2022
95,2022,Title,SHORT FILM (Live Action),SHORT FILM (Live Action),an1820122,An Irish Goodbye,tt14625872,Tom Berkeley and Ross White,"Tom Berkeley, Ross White","nm5627389,nm8504330",True,,,,,2022
95,2022,Title,SHORT FILM (Live Action),SHORT FILM (Live Action),an1820123,Ivalu,tt22054902,Anders Walter and Rebecca Pruzan,"Anders Walter, Rebecca Pruzan","nm2225334,nm9608033",,,,,,2022
95,2022,Title,SHORT FILM (Live Action),SHORT FILM (Live Action),an1820124,Le Pupille,tt20215392,Alice Rohrwacher and Alfonso Cuarón,"Alice Rohrwacher, Alfonso Cuarón","nm3114621,nm0190859",,,,,,2022
95,2022,Title,SHORT FILM (Live Action),SHORT FILM (Live Action),an1834631,Night Ride,tt12566792,Eirik Tveiten and Gaute Lid Larssen,"Eirik Tveiten, Gaute Lid Larssen","nm5012126,nm0489118",,,,,,2022
95,2022,Title,SHORT FILM (Live Action),SHORT FILM (Live Action),an1820129,The Red Suitcase,tt22763378,Cyrus Neshvad,Cyrus Neshvad,nm1293977,,,,,,2022
95,2022,Production,SOUND MIXING,SOUND,an1820136,All Quiet on the Western Front,tt1016150,"Viktor Prášil, Frank Kruse, Markus Stemler, Lars Ginzel and Stefan Korte","Viktor Prášil, Frank Kruse, Markus Stemler, Lars Ginzel, Stefan Korte","nm3920810,nm0006838,nm2028874,nm1038597,nm0466745",,,,,,2022
95,2022,Production,SOUND MIXING,SOUND,an1820137,Avatar: The Way of Water,tt1630029,"Julian Howarth, Gwendolyn Yates Whittle, Dick Bernstein, Christopher Boyes, Gary Summers and Michael Hedges","Julian Howarth, Gwendolyn Yates Whittle, Dick Bernstein, Christopher Boyes, Gary Summers, Michael Hedges","nm0397719,nm0946705,nm0077031,nm0102110,nm0838707,nm0373276",,,,,,2022
95,2022,Production,SOUND MIXING,SOUND,an1820139,The Batman,tt1877830,"Stuart Wilson, William Files, Douglas Murray and Andy Nelson","Stuart Wilson, William Files, Douglas Murray, Andy Nelson","nm0934184,nm0276877,nm0614923,nm0625144",,,,,,2022
95,2022,Production,SOUND MIXING,SOUND,an1820141,Elvis,tt3704428,"David Lee, Wayne Pashley, Andy Nelson and Michael Keller","David Lee, Wayne Pashley, Andy Nelson, Michael Keller","nm1325883,nm0664563,nm0625144,nm0445728",,,,,,2022
95,2022,Production,SOUND MIXING,SOUND,an1820145,Top Gun: Maverick,tt1745960,"Mark Weingarten, James H. Mather, Al Nelson, Chris Burdon and Mark Taylor","Mark Weingarten, James H. Mather, Al Nelson, Chris Burdon, Mark Taylor","nm0918319,nm0558450,nm0625131,nm0121006,nm0852837",True,,,,,2022
95,2022,Production,VISUAL EFFECTS,VISUAL EFFECTS,an1820146,All Quiet on the Western Front,tt1016150,"Frank Petzold, Viktor Müller, Markus Frank and Kamil Jafar","Frank Petzold, Viktor Müller, Markus Frank, Kamil Jafar","nm0004182,nm0612260,nm5856743,nm1141645",,,,,,2022
95,2022,Production,VISUAL EFFECTS,VISUAL EFFECTS,an1820147,Avatar: The Way of Water,tt1630029,"Joe Letteri, Richard Baneham, Eric Saindon and Daniel Barrett","Joe Letteri, Richard Baneham, Eric Saindon, Daniel Barrett","nm0504784,nm0051824,nm0756590,nm2280778",True,,,,,2022
95,2022,Production,VISUAL EFFECTS,VISUAL EFFECTS,an1820148,The Batman,tt1877830,"Dan Lemmon, Russell Earl, Anders Langlands and Dominic Tuohy","Dan Lemmon, Russell Earl, Anders Langlands, Dominic Tuohy","nm0501424,nm0247270,nm1619365,nm0876716",,,,,,2022
95,2022,Production,VISUAL EFFECTS,VISUAL EFFECTS,an1820149,Black Panther: Wakanda Forever,tt9114286,"Geoffrey Baumann, Craig Hammack, R. Christopher White and Dan Sudick","Geoffrey Baumann, Craig Hammack, R. Christopher White, Dan Sudick","nm1231518,nm0358342,nm0925341,nm0837203",,,,,,2022
95,2022,Production,VISUAL EFFECTS,VISUAL EFFECTS,an1820156,Top Gun: Maverick,tt1745960,"Ryan Tudhope, Seth Hill, Bryan Litson and Scott R. Fisher","Ryan Tudhope, Seth Hill, Bryan Litson, Scott R. Fisher","nm0876095,nm6325157,nm1849618,nm0279782",,,,,,2022
95,2022,Writing,WRITING (Adapted Screenplay),WRITING (Adapted Screenplay),an1829399,All Quiet on the Western Front,tt1016150,"Screenplay - Edward Berger, Lesley Paterson & Ian Stokell","Screenplay - Edward Berger, Lesley Paterson, Ian Stokell","nm0074163,nm0665510,nm1748106",,,,,,2022
95,2022,Writing,WRITING (Adapted Screenplay),WRITING (Adapted Screenplay),an1829392,Glass Onion: A Knives Out Mystery,tt11564570,Written by Rian Johnson,Rian Johnson,nm0426059,,,,,,2022
95,2022,Writing,WRITING (Adapted Screenplay),WRITING (Adapted Screenplay),an1829395,Living,tt9051908,Written by Kazuo Ishiguro,Kazuo Ishiguro,nm0410958,,,,,,2022
95,2022,Writing,WRITING (Adapted Screenplay),WRITING (Adapted Screenplay),an1829400,Top Gun: Maverick,tt1745960,Screenplay by Ehren Kruger and Eric Warren Singer and Christopher McQuarrie; Story by Peter Craig and Justin Marks,"Ehren Kruger, Eric Warren Singer, Christopher McQuarrie, Peter Craig, Justin Marks","nm0472567,nm2545235,nm0003160,nm0185976,nm1098479",,,,,,2022
95,2022,Writing,WRITING (Adapted Screenplay),WRITING (Adapted Screenplay),an1819946,Women Talking,tt13669038,Screenplay by Sarah Polley,Sarah Polley,nm0001631,True,,,,,2022
95,2022,Writing,WRITING (Original Screenplay),WRITING (Original Screenplay),an1829413,The Banshees of Inisherin,tt11813216,Written by Martin McDonagh,Martin McDonagh,nm1732981,,,,,,2022
95,2022,Writing,WRITING (Original Screenplay),WRITING (Original Screenplay),an1819947,Everything Everywhere All at Once,tt6710474,Written by Daniel Kwan & Daniel Scheinert,"Daniel Kwan, Daniel Scheinert","nm3453283,nm3215397",True,,,,,2022
95,2022,Writing,WRITING (Original Screenplay),WRITING (Original Screenplay),an1829415,The Fabelmans,tt14208870,Written by Steven Spielberg & Tony Kushner,"Steven Spielberg, Tony Kushner","nm0000229,nm1065785",,,,,,2022
95,2022,Writing,WRITING (Original Screenplay),WRITING (Original Screenplay),an1829416,Tár,tt14444726,Written by Todd Field,Todd Field,nm0276062,,,,,,2022
95,2022,Writing,WRITING (Original Screenplay),WRITING (Original Screenplay),an1829417,Triangle of Sadness,tt7322224,Written by Ruben Östlund,Ruben Östlund,nm1128037,,,,,,2022
95,2022,Special,AWARD OF COMMENDATION,AWARD OF COMMENDATION,an1856652,Welcome to Chechnya,tt11394200,,Ryan Laney,nm0485642,True,,,To Ryan Laney for his innovative adaptation and deployment of AI-driven facial veiling technology used to protect the identities while preserving the visual relatability of subjects in documentary filmmaking as exemplified in Welcome to Chechnya (2020).,,2022
96,2023,Acting,ACTOR IN A LEADING ROLE,ACTOR IN A LEADING ROLE,an2043506,Maestro,tt5535276,Bradley Cooper,Bradley Cooper,nm0177896,,Leonard Bernstein,,,,2023
96,2023,Acting,ACTOR IN A LEADING ROLE,ACTOR IN A LEADING ROLE,an2043507,Rustin,tt14160834,Colman Domingo,Colman Domingo,nm0231458,,Bayard Rustin,,,,2023
96,2023,Acting,ACTOR IN A LEADING ROLE,ACTOR IN A LEADING ROLE,an2043505,The Holdovers,tt14849194,Paul Giamatti,Paul Giamatti,nm0316079,,Paul Hunham,,,,2023
96,2023,Acting,ACTOR IN A LEADING ROLE,ACTOR IN A LEADING ROLE,an2043504,Oppenheimer,tt15398776,Cillian Murphy,Cillian Murphy,nm0614165,True,J. Robert Oppenheimer,,,,2023
96,2023,Acting,ACTOR IN A LEADING ROLE,ACTOR IN A LEADING ROLE,an2043508,American Fiction,tt23561236,Jeffrey Wright,Jeffrey Wright,nm0942482,,Thelonious ‘Monk’ Ellison,,,,2023
96,2023,Acting,ACTOR IN A SUPPORTING ROLE,ACTOR IN A SUPPORTING ROLE,an2043534,American Fiction,tt23561236,Sterling K. Brown,Sterling K. Brown,nm1250791,,Clifford Ellison,,,,2023
96,2023,Acting,ACTOR IN A SUPPORTING ROLE,ACTOR IN A SUPPORTING ROLE,an2043533,Killers of the Flower Moon,tt5537002,Robert De Niro,Robert De Niro,nm0000134,,William Hale,,,,2023
96,2023,Acting,ACTOR IN A SUPPORTING ROLE,ACTOR IN A SUPPORTING ROLE,an2043531,Oppenheimer,tt15398776,Robert Downey Jr.,Robert Downey Jr.,nm0000375,True,Lewis Strauss,,,,2023
96,2023,Acting,ACTOR IN A SUPPORTING ROLE,ACTOR IN A SUPPORTING ROLE,an2043532,Barbie,tt1517268,Ryan Gosling,Ryan Gosling,nm0331516,,Ken,,,,2023
96,2023,Acting,ACTOR IN A SUPPORTING ROLE,ACTOR IN A SUPPORTING ROLE,an2043536,Poor Things,tt14230458,Mark Ruffalo,Mark Ruffalo,nm0749263,,Duncan Wedderburn,,,,2023
96,2023,Acting,ACTRESS IN A LEADING ROLE,ACTRESS IN A LEADING ROLE,an2043498,Nyad,tt5302918,Annette Bening,Annette Bening,nm0000906,,Diana Nyad,,,,2023
96,2023,Acting,ACTRESS IN A LEADING ROLE,ACTRESS IN A LEADING ROLE,an2043493,Killers of the Flower Moon,tt5537002,Lily Gladstone,Lily Gladstone,nm4291409,,Mollie Burkhart,,,,2023
96,2023,Acting,ACTRESS IN A LEADING ROLE,ACTRESS IN A LEADING ROLE,an2043497,Anatomy of a Fall,tt17009710,Sandra Hüller,Sandra Hüller,nm1197689,,Sandra,,,,2023
96,2023,Acting,ACTRESS IN A LEADING ROLE,ACTRESS IN A LEADING ROLE,an2043495,Maestro,tt5535276,Carey Mulligan,Carey Mulligan,nm1659547,,Felicia Montealegre,,,,2023
96,2023,Acting,ACTRESS IN A LEADING ROLE,ACTRESS IN A LEADING ROLE,an2043494,Poor Things,tt14230458,Emma Stone,Emma Stone,nm1297015,True,Bella Baxter,,,,2023
96,2023,Acting,ACTRESS IN A SUPPORTING ROLE,ACTRESS IN A SUPPORTING ROLE,an2043515,Oppenheimer,tt15398776,Emily Blunt,Emily Blunt,nm1289434,,Kitty Oppenheimer,,,,2023
96,2023,Acting,ACTRESS IN A SUPPORTING ROLE,ACTRESS IN A SUPPORTING ROLE,an2043514,The Color Purple,tt1200263,Danielle Brooks,Danielle Brooks,nm5335029,,Sofia,,,,2023
96,2023,Acting,ACTRESS IN A SUPPORTING ROLE,ACTRESS IN A SUPPORTING ROLE,an2043526,Barbie,tt1517268,America Ferrera,America Ferrera,nm1065229,,Gloria,,,,2023
96,2023,Acting,ACTRESS IN A SUPPORTING ROLE,ACTRESS IN A SUPPORTING ROLE,an2043516,Nyad,tt5302918,Jodie Foster,Jodie Foster,nm0000149,,Bonnie Stoll,,,,2023
96,2023,Acting,ACTRESS IN A SUPPORTING ROLE,ACTRESS IN A SUPPORTING ROLE,an2043513,The Holdovers,tt14849194,Da'Vine Joy Randolph,Da'Vine Joy Randolph,nm5007768,True,Mary Lamb,,,,2023
96,2023,Title,ANIMATED FEATURE FILM,ANIMATED FEATURE FILM,an2045987,The Boy and the Heron,tt6587046,Hayao Miyazaki and Toshio Suzuki,"Hayao Miyazaki, Toshio Suzuki","nm0594503,nm0840699",True,,,,,2023
96,2023,Title,ANIMATED FEATURE FILM,ANIMATED FEATURE FILM,an2045988,Elemental,tt15789038,Peter Sohn and Denise Ream,"Peter Sohn, Denise Ream","nm0812307,nm0714066",,,,,,2023
96,2023,Title,ANIMATED FEATURE FILM,ANIMATED FEATURE FILM,an2045990,Nimona,tt19500164,"Nick Bruno, Troy Quane, Karen Ryan and Julie Zackary","Nick Bruno, Troy Quane, Karen Ryan, Julie Zackary","nm2939767,nm0702863,nm2350901,nm1771554",,,,,,2023
96,2023,Title,ANIMATED FEATURE FILM,ANIMATED FEATURE FILM,an2046066,Robot Dreams,tt13429870,"Pablo Berger, Ibon Cormenzana, Ignasi Estapé and Sandra Tapia Díaz","Pablo Berger, Ibon Cormenzana, Ignasi Estapé, Sandra Tapia Díaz","nm0074311,nm1028742,nm3882588,nm3609890",,,,,,2023
96,2023,Title,ANIMATED FEATURE FILM,ANIMATED FEATURE FILM,an2045986,Spider-Man: Across the Spider-Verse,tt9362722,"Kemp Powers, Justin K. Thompson, Phil Lord, Christopher Miller and Amy Pascal","Kemp Powers, Justin K. Thompson, Phil Lord, Christopher Miller, Amy Pascal","nm5358492,nm1042511,nm0520488,nm0588087,nm1166871",,,,,,2023
96,2023,Production,CINEMATOGRAPHY,CINEMATOGRAPHY,an2043582,El Conde,tt21113540,Edward Lachman,Edward Lachman,nm0005767,,,,,,2023
96,2023,Production,CINEMATOGRAPHY,CINEMATOGRAPHY,an2043579,Killers of the Flower Moon,tt5537002,Rodrigo Prieto,Rodrigo Prieto,nm0006509,,,,,,2023
96,2023,Production,CINEMATOGRAPHY,CINEMATOGRAPHY,an2043580,Maestro,tt5535276,Matthew Libatique,Matthew Libatique,nm0508732,,,,,,2023
96,2023,Production,CINEMATOGRAPHY,CINEMATOGRAPHY,an2043578,Oppenheimer,tt15398776,Hoyte van Hoytema,Hoyte van Hoytema,nm0887227,True,,,,,2023
96,2023,Production,CINEMATOGRAPHY,CINEMATOGRAPHY,an2043581,Poor Things,tt14230458,Robbie Ryan,Robbie Ryan,nm0752811,,,,,,2023
96,2023,Production,COSTUME DESIGN,COSTUME DESIGN,an2043621,Barbie,tt1517268,Jacqueline Durran,Jacqueline Durran,nm0244330,,,,,,2023
96,2023,Production,COSTUME DESIGN,COSTUME DESIGN,an2043625,Killers of the Flower Moon,tt5537002,Jacqueline West,Jacqueline West,nm0922113,,,,,,2023
96,2023,Production,COSTUME DESIGN,COSTUME DESIGN,an2043624,Napoleon,tt13287846,Janty Yates and Dave Crossman,"Janty Yates, Dave Crossman","nm0946765,nm0189366",,,,,,2023
96,2023,Production,COSTUME DESIGN,COSTUME DESIGN,an2043623,Oppenheimer,tt15398776,Ellen Mirojnick,Ellen Mirojnick,nm0592465,,,,,,2023
96,2023,Production,COSTUME DESIGN,COSTUME DESIGN,an2043622,Poor Things,tt14230458,Holly Waddington,Holly Waddington,nm3052795,True,,,,,2023
96,2023,Directing,DIRECTING,DIRECTING,an2043486,Anatomy of a Fall,tt17009710,Justine Triet,Justine Triet,nm2630323,,,,,,2023
96,2023,Directing,DIRECTING,DIRECTING,an2043483,Killers of the Flower Moon,tt5537002,Martin Scorsese,Martin Scorsese,nm0000217,,,,,,2023
96,2023,Directing,DIRECTING,DIRECTING,an2043479,Oppenheimer,tt15398776,Christopher Nolan,Christopher Nolan,nm0634240,True,,,,,2023
96,2023,Directing,DIRECTING,DIRECTING,an2043482,Poor Things,tt14230458,Yorgos Lanthimos,Yorgos Lanthimos,nm0487166,,,,,,2023
96,2023,Directing,DIRECTING,DIRECTING,an2043484,The Zone of Interest,tt7160372,Jonathan Glazer,Jonathan Glazer,nm0322242,,,,,,2023
96,2023,Title,DOCUMENTARY (Feature),DOCUMENTARY FEATURE FILM,an2026442,Bobi Wine: The People's President,tt21376900,"Moses Bwayo, Christopher Sharp and John Battsek","Moses Bwayo, Christopher Sharp, John Battsek","nm8400181,nm14109806,nm0061557",,,,,,2023
96,2023,Title,DOCUMENTARY (Feature),DOCUMENTARY FEATURE FILM,an2026444,The Eternal Memory,tt24082488,Maite Alberdi,Maite Alberdi,nm3073146,,,,,,2023
96,2023,Title,DOCUMENTARY (Feature),DOCUMENTARY FEATURE FILM,an2026445,Four Daughters,tt27502426,Kaouther Ben Hania and Nadim Cheikhrouha,"Kaouther Ben Hania, Nadim Cheikhrouha","nm4141599,nm2329106",,,,,,2023
96,2023,Title,DOCUMENTARY (Feature),DOCUMENTARY FEATURE FILM,an2026453,To Kill a Tiger,tt21688772,"Nisha Pahuja, Cornelia Principe and David Oppenheim","Nisha Pahuja, Cornelia Principe, David Oppenheim","nm1263934,nm0697759,nm2361303",,,,,,2023
96,2023,Title,DOCUMENTARY (Feature),DOCUMENTARY FEATURE FILM,an2026454,20 Days in Mariupol,tt24082438,"Mstyslav Chernov, Michelle Mizner and Raney Aronson-Rath","Mstyslav Chernov, Michelle Mizner, Raney Aronson-Rath","nm13512939,nm2365390,nm1948067",True,,,,,2023
96,2023,Title,DOCUMENTARY (Short Subject),DOCUMENTARY SHORT FILM,an2026484,The ABCs of Book Banning,tt29361805,Sheila Nevins and Trish Adlesic,"Sheila Nevins, Trish Adlesic","nm0627521,nm0012267",,,,,,2023
96,2023,Title,DOCUMENTARY (Short Subject),DOCUMENTARY SHORT FILM,an2026485,The Barber of Little Rock,tt28627868,John Hoffman and Christine Turner,"John Hoffman, Christine Turner","nm0388968,nm1423114",,,,,,2023
96,2023,Title,DOCUMENTARY (Short Subject),DOCUMENTARY SHORT FILM,an2026492,Island in Between,tt30523942,S. Leo Chiang and Jean Tsien,"S. Leo Chiang, Jean Tsien","nm0156981,nm0874994",,,,,,2023
96,2023,Title,DOCUMENTARY (Short Subject),DOCUMENTARY SHORT FILM,an2026493,The Last Repair Shop,tt29118186,Ben Proudfoot and Kris Bowers,"Ben Proudfoot, Kris Bowers","nm3988897,nm3929283",True,,,,,2023
96,2023,Title,DOCUMENTARY (Short Subject),DOCUMENTARY SHORT FILM,an2026495,Nai Nai & Wài Pó,tt26218316,Sean Wang and Sam Davis,"Sean Wang, Sam Davis","nm7648876,nm4085454",,,,,,2023
96,2023,Production,FILM EDITING,FILM EDITING,an2043597,Anatomy of a Fall,tt17009710,Laurent Sénéchal,Laurent Sénéchal,nm1927930,,,,,,2023
96,2023,Production,FILM EDITING,FILM EDITING,an2043596,The Holdovers,tt14849194,Kevin Tent,Kevin Tent,nm0855188,,,,,,2023
96,2023,Production,FILM EDITING,FILM EDITING,an2043599,Killers of the Flower Moon,tt5537002,Thelma Schoonmaker,Thelma Schoonmaker,nm0774817,,,,,,2023
96,2023,Production,FILM EDITING,FILM EDITING,an2043594,Oppenheimer,tt15398776,Jennifer Lame,Jennifer Lame,nm2352780,True,,,,,2023
96,2023,Production,FILM EDITING,FILM EDITING,an2043598,Poor Things,tt14230458,Yorgos Mavropsaridis,Yorgos Mavropsaridis,nm0561430,,,,,,2023
96,2023,Title,INTERNATIONAL FEATURE FILM,INTERNATIONAL FEATURE FILM,an2026506,Io Capitano,tt14225838,Italy,,,,,,,,2023
96,2023,Title,INTERNATIONAL FEATURE FILM,INTERNATIONAL FEATURE FILM,an2026507,Perfect Days,tt27503384,Japan,,,,,,,,2023
96,2023,Title,INTERNATIONAL FEATURE FILM,INTERNATIONAL FEATURE FILM,an2026510,Society of the Snow,tt16277242,Spain,,,,,,,,2023
96,2023,Title,INTERNATIONAL FEATURE FILM,INTERNATIONAL FEATURE FILM,an2026503,The Teachers' Lounge,tt26612950,Germany,,,,,,,,2023
96,2023,Title,INTERNATIONAL FEATURE FILM,INTERNATIONAL FEATURE FILM,an2026513,The Zone of Interest,tt7160372,United Kingdom,,,True,,,,,2023
96,2023,Production,MAKEUP AND HAIRSTYLING,MAKEUP AND HAIRSTYLING,an2026516,Golda,tt14454876,"Karen Hartley Thomas, Suzi Battersby and Ashra Kelly-Blue","Karen Hartley Thomas, Suzi Battersby, Ashra Kelly-Blue","nm0366857,nm3038497,nm12307106",,,,,,2023
96,2023,Production,MAKEUP AND HAIRSTYLING,MAKEUP AND HAIRSTYLING,an2026519,Maestro,tt5535276,"Kazu Hiro, Kay Georgiou and Lori McCoy-Bell","Kazu Hiro, Kay Georgiou, Lori McCoy-Bell","nm0875308,nm0313789,nm0566776",,,,,,2023
96,2023,Production,MAKEUP AND HAIRSTYLING,MAKEUP AND HAIRSTYLING,an2026521,Oppenheimer,tt15398776,Luisa Abel,Luisa Abel,nm0008468,,,,,,2023
96,2023,Production,MAKEUP AND HAIRSTYLING,MAKEUP AND HAIRSTYLING,an2026522,Poor Things,tt14230458,"Nadia Stacey, Mark Coulier and Josh Weston","Nadia Stacey, Mark Coulier, Josh Weston","nm2854751,nm0183418,nm2095782",True,,,,,2023
96,2023,Production,MAKEUP AND HAIRSTYLING,MAKEUP AND HAIRSTYLING,an2026523,Society of the Snow,tt16277242,"Ana López-Puigcerver, David Martí and Montse Ribé","Ana López-Puigcerver, David Martí, Montse Ribé","nm0529913,nm0554480,nm1556767",,,,,,2023
96,2023,Music,MUSIC (Original Score),MUSIC (Original Score),an2026524,American Fiction,tt23561236,Laura Karpman,Laura Karpman,nm0440017,,,,,,2023
96,2023,Music,MUSIC (Original Score),MUSIC (Original Score),an2026531,Indiana Jones and the Dial of Destiny,tt1462764,John Williams,John Williams,nm0002354,,,,,,2023
96,2023,Music,MUSIC (Original Score),MUSIC (Original Score),an2026532,Killers of the Flower Moon,tt5537002,Robbie Robertson,Robbie Robertson,nm0005371,,,,,,2023
96,2023,Music,MUSIC (Original Score),MUSIC (Original Score),an2026533,Oppenheimer,tt15398776,Ludwig Göransson,Ludwig Göransson,nm3234869,True,,,,,2023
96,2023,Music,MUSIC (Original Score),MUSIC (Original Score),an2026534,Poor Things,tt14230458,Jerskin Fendrix,Jerskin Fendrix,nm14930772,,,,,,2023
96,2023,Music,MUSIC (Original Song),MUSIC (Original Song),an2026562,Flamin' Hot,tt8105234,Music and Lyric by Diane Warren,Diane Warren,nm0005534,,The Fire Inside,,,,2023
96,2023,Music,MUSIC (Original Song),MUSIC (Original Song),an2026556,Barbie,tt1517268,Music and Lyric by Mark Ronson and Andrew Wyatt,"Mark Ronson, Andrew Wyatt","nm1053148,nm1961278",,I'm Just Ken,,,,2023
96,2023,Music,MUSIC (Original Song),MUSIC (Original Song),an2026550,American Symphony,tt28865980,Music and Lyric by Jon Batiste and Dan Wilson,"Jon Batiste, Dan Wilson","nm4456022,nm0933239",,It Never Went Away,,,,2023
96,2023,Music,MUSIC (Original Song),MUSIC (Original Song),an2026567,Killers of the Flower Moon,tt5537002,Music and Lyric by Scott George,Scott George,nm15238867,,Wahzhazhe (A Song For My People),,,,2023
96,2023,Music,MUSIC (Original Song),MUSIC (Original Song),an2026557,Barbie,tt1517268,Music and Lyric by Billie Eilish and Finneas O'Connell,"Billie Eilish, Finneas O'Connell","nm8483808,nm3906552",True,What Was I Made For?,,,,2023
96,2023,Title,BEST PICTURE,BEST PICTURE,an2043471,American Fiction,tt23561236,"Ben LeClair, Nikos Karamigios, Cord Jefferson and Jermaine Johnson, Producers","Ben LeClair, Nikos Karamigios, Cord Jefferson, Jermaine Johnson","nm1444110,nm5068841,nm6852255,nm3905822",,,,,,2023
96,2023,Title,BEST PICTURE,BEST PICTURE,an2043467,Anatomy of a Fall,tt17009710,"Marie-Ange Luciani and David Thion, Producers","Marie-Ange Luciani, David Thion","nm4352455,nm0858196",,,,,,2023
96,2023,Title,BEST PICTURE,BEST PICTURE,an2043462,Barbie,tt1517268,"David Heyman, Margot Robbie, Tom Ackerley and Robbie Brenner, Producers","David Heyman, Margot Robbie, Tom Ackerley, Robbie Brenner","nm0382268,nm3053338,nm3943537,nm0107509",,,,,,2023
96,2023,Title,BEST PICTURE,BEST PICTURE,an2043465,The Holdovers,tt14849194,"Mark Johnson, Producer",Mark Johnson,nm0425741,,,,,,2023
96,2023,Title,BEST PICTURE,BEST PICTURE,an2043463,Killers of the Flower Moon,tt5537002,"Dan Friedkin, Bradley Thomas, Martin Scorsese and Daniel Lupi, Producers","Dan Friedkin, Bradley Thomas, Martin Scorsese, Daniel Lupi","nm6679051,nm0858554,nm0000217,nm0526917",,,,,,2023
96,2023,Title,BEST PICTURE,BEST PICTURE,an2043469,Maestro,tt5535276,"Bradley Cooper, Steven Spielberg, Fred Berner, Amy Durning and Kristie Macosko Krieger, Producers","Bradley Cooper, Steven Spielberg, Fred Berner, Amy Durning, Kristie Macosko Krieger","nm0177896,nm0000229,nm0076681,nm1570573,nm1069736",,,,,,2023
96,2023,Title,BEST PICTURE,BEST PICTURE,an2043461,Oppenheimer,tt15398776,"Emma Thomas, Charles Roven and Christopher Nolan, Producers","Emma Thomas, Charles Roven, Christopher Nolan","nm0858799,nm0746273,nm0634240",True,,,,,2023
96,2023,Title,BEST PICTURE,BEST PICTURE,an2043468,Past Lives,tt13238346,"David Hinojosa, Christine Vachon and Pamela Koffler, Producers","David Hinojosa, Christine Vachon, Pamela Koffler","nm3065267,nm0882927,nm0463025",,,,,,2023
96,2023,Title,BEST PICTURE,BEST PICTURE,an2043464,Poor Things,tt14230458,"Ed Guiney, Andrew Lowe, Yorgos Lanthimos and Emma Stone, Producers","Ed Guiney, Andrew Lowe, Yorgos Lanthimos, Emma Stone","nm0347384,nm1103466,nm0487166,nm1297015",,,,,,2023
96,2023,Title,BEST PICTURE,BEST PICTURE,an2043470,The Zone of Interest,tt7160372,"James Wilson, Producer",James Wilson,nm1034914,,,,,,2023
96,2023,Production,ART DIRECTION,PRODUCTION DESIGN,an2043610,Barbie,tt1517268,Production Design: Sarah Greenwood; Set Decoration: Katie Spencer,"Sarah Greenwood, Katie Spencer","nm0339391,nm0818005",,,,,,2023
96,2023,Production,ART DIRECTION,PRODUCTION DESIGN,an2043613,Killers of the Flower Moon,tt5537002,Production Design: Jack Fisk; Set Decoration: Adam Willis,"Jack Fisk, Adam Willis","nm0279926,nm1853964",,,,,,2023
96,2023,Production,ART DIRECTION,PRODUCTION DESIGN,an2043618,Napoleon,tt13287846,Production Design: Arthur Max; Set Decoration: Elli Griff,"Arthur Max, Elli Griff","nm0561480,nm0341066",,,,,,2023
96,2023,Production,ART DIRECTION,PRODUCTION DESIGN,an2043611,Oppenheimer,tt15398776,Production Design: Ruth De Jong; Set Decoration: Claire Kaufman,"Ruth De Jong, Claire Kaufman","nm1968338,nm0442114",,,,,,2023
96,2023,Production,ART DIRECTION,PRODUCTION DESIGN,an2043612,Poor Things,tt14230458,Production Design: James Price and Shona Heath; Set Decoration: Zsuzsa Mihalek,"James Price, Shona Heath, Zsuzsa Mihalek","nm1483016,nm4257419,nm1386368",True,,,,,2023
96,2023,Title,SHORT FILM (Animated),SHORT FILM (Animated),an2026608,Letter to a Pig,tt10346066,Tal Kantor and Amit R. Gicelter,"Tal Kantor, Amit R. Gicelter","nm7722734,nm1206834",,,,,,2023
96,2023,Title,SHORT FILM (Animated),SHORT FILM (Animated),an2026609,Ninety-Five Senses,tt11020596,Jerusha Hess and Jared Hess,"Jerusha Hess, Jared Hess","nm1415801,nm0381478",,,,,,2023
96,2023,Title,SHORT FILM (Animated),SHORT FILM (Animated),an2026611,Our Uniform,tt28058015,Yegane Moghaddam,Yegane Moghaddam,nm10057416,,,,,,2023
96,2023,Title,SHORT FILM (Animated),SHORT FILM (Animated),an2026612,Pachyderme,tt20862526,Stéphanie Clément and Marc Rius,"Stéphanie Clément, Marc Rius","nm13730667,nm12877825",,,,,,2023
96,2023,Title,SHORT FILM (Animated),SHORT FILM (Animated),an2026618,WAR IS OVER! Inspired by the Music of John & Yoko,tt29795707,Dave Mullins and Brad Booker,"Dave Mullins, Brad Booker","nm0612391,nm0095374",True,,,,,2023
96,2023,Title,SHORT FILM (Live Action),SHORT FILM (Live Action),an2026620,The After,tt28532006,Misan Harriman and Nicky Bentham,"Misan Harriman, Nicky Bentham","nm12325486,nm1726830",,,,,,2023
96,2023,Title,SHORT FILM (Live Action),SHORT FILM (Live Action),an2045999,Invincible,tt22749100,Vincent René-Lortie and Samuel Caron,"Vincent René-Lortie, Samuel Caron","nm6118227,nm9108328",,,,,,2023
96,2023,Title,SHORT FILM (Live Action),SHORT FILM (Live Action),an2026629,Knight of Fortune,tt26600054,Lasse Lyskjær Noer and Christian Norlyk,"Lasse Lyskjær Noer, Christian Norlyk","nm10210418,nm10210414",,,,,,2023
96,2023,Title,SHORT FILM (Live Action),SHORT FILM (Live Action),an2026631,"Red, White and Blue",tt27759823,Nazrin Choudhury and Sara McFarlane,"Nazrin Choudhury, Sara McFarlane","nm1135653,nm10626793",,,,,,2023
96,2023,Title,SHORT FILM (Live Action),SHORT FILM (Live Action),an2026644,The Wonderful Story of Henry Sugar,tt16968450,Wes Anderson and Steven Rales,"Wes Anderson, Steven Rales","nm0027572,nm2262509",True,,,,,2023
96,2023,Production,SOUND MIXING,SOUND,an2026648,The Creator,tt11858890,"Ian Voigt, Erik Aadahl, Ethan Van der Ryn, Tom Ozanich and Dean Zupancic","Ian Voigt, Erik Aadahl, Ethan Van der Ryn, Tom Ozanich, Dean Zupancic","nm0901189,nm0007321,nm0886399,nm0654696,nm0958711",,,,,,2023
96,2023,Production,SOUND MIXING,SOUND,an2026652,Maestro,tt5535276,"Steven A. Morrow, Richard King, Jason Ruder, Tom Ozanich and Dean Zupancic","Steven A. Morrow, Richard King, Jason Ruder, Tom Ozanich, Dean Zupancic","nm0607551,nm0455185,nm1720819,nm0654696,nm0958711",,,,,,2023
96,2023,Production,SOUND MIXING,SOUND,an2026653,Mission: Impossible - Dead Reckoning Part One,tt9603212,"Chris Munro, James H. Mather, Chris Burdon and Mark Taylor","Chris Munro, James H. Mather, Chris Burdon, Mark Taylor","nm0613101,nm0558450,nm0121006,nm0852837",,,,,,2023
96,2023,Production,SOUND MIXING,SOUND,an2026656,Oppenheimer,tt15398776,"Willie Burton, Richard King, Gary A. Rizzo and Kevin O'Connell","Willie Burton, Richard King, Gary A. Rizzo, Kevin O'Connell","nm0123770,nm0455185,nm0729886,nm0640114",,,,,,2023
96,2023,Production,SOUND MIXING,SOUND,an2026657,The Zone of Interest,tt7160372,Tarn Willers and Johnnie Burn,"Tarn Willers, Johnnie Burn","nm1353680,nm1908855",True,,,,,2023
96,2023,Production,VISUAL EFFECTS,VISUAL EFFECTS,an2026658,The Creator,tt11858890,"Jay Cooper, Ian Comley, Andrew Roberts and Neil Corbould","Jay Cooper, Ian Comley, Andrew Roberts, Neil Corbould","nm0178134,nm2026173,nm1209102,nm0179273",,,,,,2023
96,2023,Production,VISUAL EFFECTS,VISUAL EFFECTS,an2026660,Godzilla Minus One,tt23289160,"Takashi Yamazaki, Kiyoko Shibuya, Masaki Takahashi and Tatsuji Nojima","Takashi Yamazaki, Kiyoko Shibuya, Masaki Takahashi, Tatsuji Nojima","nm0945724,nm2181714,nm15597114,nm10213275",True,,,,,2023
96,2023,Production,VISUAL EFFECTS,VISUAL EFFECTS,an2026661,Guardians of the Galaxy Vol. 3,tt6791350,"Stephane Ceretti, Alexis Wajsbrot, Guy Williams and Theo Bialek","Stephane Ceretti, Alexis Wajsbrot, Guy Williams, Theo Bialek","nm0148547,nm2528062,nm1401413,nm1322273",,,,,,2023
96,2023,Production,VISUAL EFFECTS,VISUAL EFFECTS,an2026663,Mission: Impossible - Dead Reckoning Part One,tt9603212,"Alex Wuttke, Simone Coco, Jeff Sutherland and Neil Corbould","Alex Wuttke, Simone Coco, Jeff Sutherland, Neil Corbould","nm1239209,nm3719408,nm0840112,nm0179273",,,,,,2023
96,2023,Production,VISUAL EFFECTS,VISUAL EFFECTS,an2026664,Napoleon,tt13287846,"Charley Henley, Luc-Ewen Martin-Fenouillet, Simone Coco and Neil Corbould","Charley Henley, Luc-Ewen Martin-Fenouillet, Simone Coco, Neil Corbould","nm0377111,nm4808108,nm3719408,nm0179273",,,,,,2023
96,2023,Writing,WRITING (Adapted Screenplay),WRITING (Adapted Screenplay),an2043542,American Fiction,tt23561236,Written for the screen by Cord Jefferson,Cord Jefferson,nm6852255,True,,,,,2023
96,2023,Writing,WRITING (Adapted Screenplay),WRITING (Adapted Screenplay),an2043540,Barbie,tt1517268,Written by Greta Gerwig & Noah Baumbach,"Greta Gerwig, Noah Baumbach","nm1950086,nm0000876",,,,,,2023
96,2023,Writing,WRITING (Adapted Screenplay),WRITING (Adapted Screenplay),an2043541,Oppenheimer,tt15398776,Written for the screen by Christopher Nolan,Christopher Nolan,nm0634240,,,,,,2023
96,2023,Writing,WRITING (Adapted Screenplay),WRITING (Adapted Screenplay),an2043543,Poor Things,tt14230458,Screenplay by Tony McNamara,Tony McNamara,nm1110111,,,,,,2023
96,2023,Writing,WRITING (Adapted Screenplay),WRITING (Adapted Screenplay),an2043546,The Zone of Interest,tt7160372,Written by Jonathan Glazer,Jonathan Glazer,nm0322242,,,,,,2023
96,2023,Writing,WRITING (Original Screenplay),WRITING (Original Screenplay),an2043565,Anatomy of a Fall,tt17009710,Screenplay - Justine Triet and Arthur Harari,"Screenplay - Justine Triet, Arthur Harari","nm2630323,nm1932959",True,,,,,2023
96,2023,Writing,WRITING (Original Screenplay),WRITING (Original Screenplay),an2043566,The Holdovers,tt14849194,Written by David Hemingson,David Hemingson,nm0376003,,,,,,2023
96,2023,Writing,WRITING (Original Screenplay),WRITING (Original Screenplay),an2043570,Maestro,tt5535276,Written by Bradley Cooper & Josh Singer,"Bradley Cooper, Josh Singer","nm0177896,nm1802857",,,,,,2023
96,2023,Writing,WRITING (Original Screenplay),WRITING (Original Screenplay),an2043567,May December,tt13651794,Screenplay by Samy Burch; Story by Samy Burch & Alex Mechanik,"Samy Burch, Alex Mechanik","nm2092552,nm2553112",,,,,,2023
96,2023,Writing,WRITING (Original Screenplay),WRITING (Original Screenplay),an2043568,Past Lives,tt13238346,Written by Celine Song,Celine Song,nm10227660,,,,,,2023
97,2024,Acting,ACTOR IN A LEADING ROLE,ACTOR IN A LEADING ROLE,fake_nomid012,The Brutalist,tt8999762,Adrien Brody,Adrien Brody,nm0004778,True,László Tóth,,,,2024
97,2024,Acting,ACTOR IN A LEADING ROLE,ACTOR IN A LEADING ROLE,fake_nomid010,A Complete Unknown,tt11563598,Timothée Chalamet,Timothée Chalamet,nm3154303,,Bob Dylan,,,,2024
97,2024,Acting,ACTOR IN A LEADING ROLE,ACTOR IN A LEADING ROLE,fake_nomid013,Sing Sing,tt28479262,Colman Domingo,Colman Domingo,nm0231458,,Divine G,,,,2024
97,2024,Acting,ACTOR IN A LEADING ROLE,ACTOR IN A LEADING ROLE,fake_nomid011,Conclave,tt20215234,Ralph Fiennes,Ralph Fiennes,nm0000146,,Lawrence,,,,2024
97,2024,Acting,ACTOR IN A LEADING ROLE,ACTOR IN A LEADING ROLE,fake_nomid014,The Apprentice,tt8368368,Sebastian Stan,Sebastian Stan,nm1659221,,Donald Trump,,,,2024
97,2024,Acting,ACTOR IN A SUPPORTING ROLE,ACTOR IN A SUPPORTING ROLE,fake_nomid022,Anora,tt28607951,Yura Borisov,Yura Borisov,nm5426973,,Igor,,,,2024
97,2024,Acting,ACTOR IN A SUPPORTING ROLE,ACTOR IN A SUPPORTING ROLE,fake_nomid020,A Real Pain,tt21823606,Kieran Culkin,Kieran Culkin,nm0001085,True,Benji Kaplan,,,,2024
97,2024,Acting,ACTOR IN A SUPPORTING ROLE,ACTOR IN A SUPPORTING ROLE,fake_nomid021,A Complete Unknown,tt11563598,Edward Norton,Edward Norton,nm0001570,,Pete Seeger,,,,2024
97,2024,Acting,ACTOR IN A SUPPORTING ROLE,ACTOR IN A SUPPORTING ROLE,fake_nomid023,The Brutalist,tt8999762,Guy Pearce,Guy Pearce,nm0001602,,Harrison Leo Van Buren Sr.,,,,2024
97,2024,Acting,ACTOR IN A SUPPORTING ROLE,ACTOR IN A SUPPORTING ROLE,fake_nomid024,The Apprentice,tt8368368,Jeremy Strong,Jeremy Strong,nm0834989,,Roy Cohn,,,,2024
97,2024,Acting,ACTRESS IN A LEADING ROLE,ACTRESS IN A LEADING ROLE,fake_nomid019,Wicked,tt1262426,Cynthia Erivo,Cynthia Erivo,nm7248827,,Elphaba,,,,2024
97,2024,Acting,ACTRESS IN A LEADING ROLE,ACTRESS IN A LEADING ROLE,fake_nomid018,Emilia Pérez,tt20221436,Karla Sofía Gascón,Karla Sofía Gascón,nm1035423,,Emilia/Manitas,,,,2024
97,2024,Acting,ACTRESS IN A LEADING ROLE,ACTRESS IN A LEADING ROLE,fake_nomid015,Anora,tt28607951,Mikey Madison,Mikey Madison,nm5700898,True,Ani,,,,2024
97,2024,Acting,ACTRESS IN A LEADING ROLE,ACTRESS IN A LEADING ROLE,fake_nomid017,The Substance,tt17526714,Demi Moore,Demi Moore,nm0000193,,Elisabeth Sparkle,,,,2024
97,2024,Acting,ACTRESS IN A LEADING ROLE,ACTRESS IN A LEADING ROLE,fake_nomid016,I'm Still Here,tt14961016,Fernanda Torres,Fernanda Torres,nm0868639,,Eunice Paiva,,,,2024
97,2024,Acting,ACTRESS IN A SUPPORTING ROLE,ACTRESS IN A SUPPORTING ROLE,fake_nomid028,A Complete Unknown,tt11563598,Monica Barbaro,Monica Barbaro,nm4834815,,Joan Baez,,,,2024
97,2024,Acting,ACTRESS IN A SUPPORTING ROLE,ACTRESS IN A SUPPORTING ROLE,fake_nomid026,Wicked,tt1262426,Ariana Grande,Ariana Grande,nm3812858,,Galinda/Glinda,,,,2024
97,2024,Acting,ACTRESS IN A SUPPORTING ROLE,ACTRESS IN A SUPPORTING ROLE,fake_nomid029,The Brutalist,tt8999762,Felicity Jones,Felicity Jones,nm0428065,,Erzébet Tóth,,,,2024
97,2024,Acting,ACTRESS IN A SUPPORTING ROLE,ACTRESS IN A SUPPORTING ROLE,fake_nomid027,Conclave,tt20215234,Isabella Rossellini,Isabella Rossellini,nm0000618,,Sister Agnes,,,,2024
97,2024,Acting,ACTRESS IN A SUPPORTING ROLE,ACTRESS IN A SUPPORTING ROLE,fake_nomid025,Emilia Pérez,tt20221436,Zoe Saldaña,Zoe Saldaña,nm0757855,True,Rita,,,,2024
97,2024,Title,ANIMATED FEATURE FILM,ANIMATED FEATURE FILM,fake_nomid096,Flow,tt4772188,"Gints Zilbalodis, Matiss Kaža, Ron Dyens and Gregory Zalcman","Gints Zilbalodis, Matiss Kaža, Ron Dyens, Gregory Zalcman","nm6478535,nm5186633,nm1054433,nm3537684",True,,,,,2024
97,2024,Title,ANIMATED FEATURE FILM,ANIMATED FEATURE FILM,fake_nomid097,Inside Out 2,tt22022452,Kelsey Mann and Mark Nielsen,"Kelsey Mann, Mark Nielsen","nm1626375,nm0630923",,,,,,2024
97,2024,Title,ANIMATED FEATURE FILM,ANIMATED FEATURE FILM,fake_nomid099,Memoir of a Snail,tt23770030,Adam Elliot and Liz Kearney,"Adam Elliot, Liz Kearney","nm0254178,nm2782306",,,,,,2024
97,2024,Title,ANIMATED FEATURE FILM,ANIMATED FEATURE FILM,fake_nomid098,Wallace & Gromit: Vengeance Most Fowl,tt17163970,"Nick Park, Merlin Crossingham and Richard Beek","Nick Park, Merlin Crossingham, Richard Beek","nm0661910,nm1271549,nm1485380",,,,,,2024
97,2024,Title,ANIMATED FEATURE FILM,ANIMATED FEATURE FILM,fake_nomid095,The Wild Robot,tt29623480,Chris Sanders and Jeff Hermann,"Chris Sanders, Jeff Hermann","nm0761498,nm1915863",,,,,,2024
97,2024,Title,SHORT FILM (Animated),ANIMATED SHORT FILM,fake_nomid100,Beautiful Men,tt30835281,Nicolas Keppens and Brecht Van Elslande,"Nicolas Keppens, Brecht Van Elslande","nm9479994,nm8653244",,,,,,2024
97,2024,Title,SHORT FILM (Animated),ANIMATED SHORT FILM,fake_nomid101,In the Shadow of the Cypress,tt28768883,Shirin Sohani and Hossein Molayemi,"Shirin Sohani, Hossein Molayemi","nm11580481,nm5548859",True,,,,,2024
97,2024,Title,SHORT FILM (Animated),ANIMATED SHORT FILM,fake_nomid102,Magic Candies,tt31888603,Daisuke Nishio and Takashi Washio,"Daisuke Nishio, Takashi Washio","nm0632788,nm2911605",,,,,,2024
97,2024,Title,SHORT FILM (Animated),ANIMATED SHORT FILM,fake_nomid103,Wander to Wonder,tt28768679,Nina Gantz and Stienette Bosklopper,"Nina Gantz, Stienette Bosklopper","nm2441981,nm0097975",,,,,,2024
97,2024,Title,SHORT FILM (Animated),ANIMATED SHORT FILM,fake_nomid104,Yuck!,tt28356173,Loïc Espuche and Juliette Marquet,"Loïc Espuche, Juliette Marquet","nm7167768,nm9489851",,,,,,2024
97,2024,Production,CINEMATOGRAPHY,CINEMATOGRAPHY,fake_nomid045,The Brutalist,tt8999762,Lol Crawley,Lol Crawley,nm0187018,True,,,,,2024
97,2024,Production,CINEMATOGRAPHY,CINEMATOGRAPHY,fake_nomid047,Dune: Part Two,tt15239678,Greig Fraser,Greig Fraser,nm0292132,,,,,,2024
97,2024,Production,CINEMATOGRAPHY,CINEMATOGRAPHY,fake_nomid049,Emilia Pérez,tt20221436,Paul Guilhaume,Paul Guilhaume,nm5243556,,,,,,2024
97,2024,Production,CINEMATOGRAPHY,CINEMATOGRAPHY,fake_nomid048,Maria,tt22893404,Ed Lachman,Ed Lachman,nm0005767,,,,,,2024
97,2024,Production,CINEMATOGRAPHY,CINEMATOGRAPHY,fake_nomid046,Nosferatu,tt5040012,Jarin Blaschke,Jarin Blaschke,nm1144916,,,,,,2024
97,2024,Production,COSTUME DESIGN,COSTUME DESIGN,fake_nomid062,A Complete Unknown,tt11563598,Arianne Phillips,Arianne Phillips,nm0680218,,,,,,2024
97,2024,Production,COSTUME DESIGN,COSTUME DESIGN,fake_nomid063,Conclave,tt20215234,Lisy Christl,Lisy Christl,nm0160425,,,,,,2024
97,2024,Production,COSTUME DESIGN,COSTUME DESIGN,fake_nomid064,Gladiator II,tt9218128,Janty Yates and Dave Crossman,"Janty Yates, Dave Crossman","nm0946765,nm0189366",,,,,,2024
97,2024,Production,COSTUME DESIGN,COSTUME DESIGN,fake_nomid061,Nosferatu,tt5040012,Linda Muir,Linda Muir,nm0611379,,,,,,2024
97,2024,Production,COSTUME DESIGN,COSTUME DESIGN,fake_nomid060,Wicked,tt1262426,Paul Tazewell,Paul Tazewell,nm3477899,True,,,,,2024
97,2024,Directing,DIRECTING,DIRECTING,fake_nomid032,Anora,tt28607951,Sean Baker,Sean Baker,nm0048918,True,,,,,2024
97,2024,Directing,DIRECTING,DIRECTING,fake_nomid030,The Brutalist,tt8999762,Brady Corbet,Brady Corbet,nm1227232,,,,,,2024
97,2024,Directing,DIRECTING,DIRECTING,fake_nomid034,A Complete Unknown,tt11563598,James Mangold,James Mangold,nm0003506,,,,,,2024
97,2024,Directing,DIRECTING,DIRECTING,fake_nomid031,Emilia Pérez,tt20221436,Jacques Audiard,Jacques Audiard,nm0002191,,,,,,2024
97,2024,Directing,DIRECTING,DIRECTING,fake_nomid033,The Substance,tt17526714,Coralie Fargeat,Coralie Fargeat,nm0267287,,,,,,2024
97,2024,Title,DOCUMENTARY (Feature),DOCUMENTARY FEATURE FILM,fake_nomid090,Black Box Diaries,tt30227076,"Shiori Ito, Eric Nyari and Hanna Aqvilin","Shiori Ito, Eric Nyari, Hanna Aqvilin","nm10340152,nm3552229,nm8687719",,,,,,2024
97,2024,Title,DOCUMENTARY (Feature),DOCUMENTARY FEATURE FILM,fake_nomid091,No Other Land,tt30953759,"Basel Adra, Rachel Szor, Hamdan Ballal and Yuval Abraham","Basel Adra, Rachel Szor, Hamdan Ballal, Yuval Abraham","nm15732719,nm15732722,nm15732720,nm15732721",True,,,,,2024
97,2024,Title,DOCUMENTARY (Feature),DOCUMENTARY FEATURE FILM,fake_nomid092,Porcelain War,tt30294282,"Brendan Bellomo, Slava Leontyev, Aniela Sidorska and Paula DuPre' Pesmen","Brendan Bellomo, Slava Leontyev, Aniela Sidorska, Paula DuPre' Pesmen","nm2252386,nm13731165,nm4527585,nm0243462",,,,,,2024
97,2024,Title,DOCUMENTARY (Feature),DOCUMENTARY FEATURE FILM,fake_nomid093,Soundtrack to a Coup d'Etat,tt14452174,"Johan Grimonprez, Daan Milius and Rémi Grellety","Johan Grimonprez, Daan Milius, Rémi Grellety","nm1431615,nm4210363,nm4009159",,,,,,2024
97,2024,Title,DOCUMENTARY (Feature),DOCUMENTARY FEATURE FILM,fake_nomid094,Sugarcane,tt30319854,"Julian Brave NoiseCat, Emily Kassie and Kellen Quinn","Julian Brave NoiseCat, Emily Kassie, Kellen Quinn","nm11927478,nm3354131,nm2062930",,,,,,2024
97,2024,Title,DOCUMENTARY (Short Subject),DOCUMENTARY SHORT FILM,fake_nomid110,Death by Numbers,tt33385063,Kim A. Snyder and Janique L. Robillard,"Kim A. Snyder, Janique L. Robillard","nm0811502,nm4953625",,,,,,2024
97,2024,Title,DOCUMENTARY (Short Subject),DOCUMENTARY SHORT FILM,fake_nomid111,"I Am Ready, Warden",tt31556921,Smriti Mundhra and Maya Gnyp,"Smriti Mundhra, Maya Gnyp","nm0612731,nm3849774",,,,,,2024
97,2024,Title,DOCUMENTARY (Short Subject),DOCUMENTARY SHORT FILM,fake_nomid112,Incident,tt27990245,Bill Morrison and Jamie Kalven,"Bill Morrison, Jamie Kalven","nm0994484,nm7758108",,,,,,2024
97,2024,Title,DOCUMENTARY (Short Subject),DOCUMENTARY SHORT FILM,fake_nomid113,Instruments of a Beating Heart,tt32280470,Ema Ryan Yamazaki and Eric Nyari,"Ema Ryan Yamazaki, Eric Nyari","nm3655292,nm3552229",,,,,,2024
97,2024,Title,DOCUMENTARY (Short Subject),DOCUMENTARY SHORT FILM,fake_nomid114,The Only Girl in the Orchestra,tt29497240,Molly O'Brien and Lisa Remington,"Molly O'Brien, Lisa Remington","nm0639739,nm1919152",True,,,,,2024
97,2024,Production,FILM EDITING,FILM EDITING,fake_nomid051,Anora,tt28607951,Sean Baker,Sean Baker,nm0048918,True,,,,,2024
97,2024,Production,FILM EDITING,FILM EDITING,fake_nomid054,The Brutalist,tt8999762,David Jancso,David Jancso,nm0417347,,,,,,2024
97,2024,Production,FILM EDITING,FILM EDITING,fake_nomid050,Conclave,tt20215234,Nick Emerson,Nick Emerson,nm2512313,,,,,,2024
97,2024,Production,FILM EDITING,FILM EDITING,fake_nomid052,Emilia Pérez,tt20221436,Juliette Welfling,Juliette Welfling,nm0919761,,,,,,2024
97,2024,Production,FILM EDITING,FILM EDITING,fake_nomid053,Wicked,tt1262426,Myron Kerstein,Myron Kerstein,nm0450005,,,,,,2024
97,2024,Title,INTERNATIONAL FEATURE FILM,INTERNATIONAL FEATURE FILM,fake_nomid117,Emilia Pérez,tt20221436,France,,,,,,,,2024
97,2024,Title,INTERNATIONAL FEATURE FILM,INTERNATIONAL FEATURE FILM,fake_nomid119,Flow,tt4772188,Latvia,,,,,,,,2024
97,2024,Title,INTERNATIONAL FEATURE FILM,INTERNATIONAL FEATURE FILM,fake_nomid116,The Girl with the Needle,tt10236164,Denmark,,,,,,,,2024
97,2024,Title,INTERNATIONAL FEATURE FILM,INTERNATIONAL FEATURE FILM,fake_nomid115,I'm Still Here,tt14961016,Brazil,,,True,,,,,2024
97,2024,Title,INTERNATIONAL FEATURE FILM,INTERNATIONAL FEATURE FILM,fake_nomid118,The Seed of the Sacred Fig,tt32178949,Germany,,,,,,,,2024
97,2024,Production,MAKEUP AND HAIRSTYLING,MAKEUP AND HAIRSTYLING,fake_nomid070,A Different Man,tt21097228,"Mike Marino, David Presto and Crystal Jurado","Mike Marino, David Presto, Crystal Jurado","nm0002514,nm1404648,nm10455135",,,,,,2024
97,2024,Production,MAKEUP AND HAIRSTYLING,MAKEUP AND HAIRSTYLING,fake_nomid071,Emilia Pérez,tt20221436,"Julia Floch Carbonel, Emmanuel Janvier and Jean-Christophe Spadaccini","Julia Floch Carbonel, Emmanuel Janvier, Jean-Christophe Spadaccini","nm2086842,nm13243014,nm0816504",,,,,,2024
97,2024,Production,MAKEUP AND HAIRSTYLING,MAKEUP AND HAIRSTYLING,fake_nomid072,Nosferatu,tt5040012,"David White, Traci Loader and Suzanne Stokes-Munton","David White, Traci Loader, Suzanne Stokes-Munton","nm0924675,nm0516365,nm0831404",,,,,,2024
97,2024,Production,MAKEUP AND HAIRSTYLING,MAKEUP AND HAIRSTYLING,fake_nomid073,The Substance,tt17526714,"Pierre-Olivier Persin, Stéphanie Guillon and Marilyne Scarselli","Pierre-Olivier Persin, Stéphanie Guillon, Marilyne Scarselli","nm1031952,nm1213050,nm3388862",True,,,,,2024
97,2024,Production,MAKEUP AND HAIRSTYLING,MAKEUP AND HAIRSTYLING,fake_nomid074,Wicked,tt1262426,"Frances Hannon, Laura Blount and Sarah Nuth","Frances Hannon, Laura Blount, Sarah Nuth","nm0360470,nm3368818,nm2942968",,,,,,2024
97,2024,Music,MUSIC (Original Score),MUSIC (Original Score),fake_nomid075,The Brutalist,tt8999762,Daniel Blumberg,Daniel Blumberg,nm11771045,True,,,,,2024
97,2024,Music,MUSIC (Original Score),MUSIC (Original Score),fake_nomid076,Conclave,tt20215234,Volker Bertelmann,Volker Bertelmann,nm2890617,,,,,,2024
97,2024,Music,MUSIC (Original Score),MUSIC (Original Score),fake_nomid077,Emilia Pérez,tt20221436,Clément Ducol and Camille,"Clément Ducol, Camille","nm4711393,nm1722079",,,,,,2024
97,2024,Music,MUSIC (Original Score),MUSIC (Original Score),fake_nomid078,Wicked,tt1262426,John Powell and Stephen Schwartz,"John Powell, Stephen Schwartz","nm0694173,nm0777451",,,,,,2024
97,2024,Music,MUSIC (Original Score),MUSIC (Original Score),fake_nomid079,The Wild Robot,tt29623480,Kris Bowers,Kris Bowers,nm3929283,,,,,,2024
97,2024,Music,MUSIC (Original Song),MUSIC (Original Song),fake_nomid081,Emilia Pérez,tt20221436,"Music by Clément Ducol and Camille; Lyric by Clément Ducol, Camille and Jacques Audiard","Clément Ducol, Camille, Jacques Audiard","nm4711393,nm1722079,nm0002191",True,El Mal,,,,2024
97,2024,Music,MUSIC (Original Song),MUSIC (Original Song),fake_nomid084,The Six Triple Eight,tt24458622,Music and Lyric by Diane Warren,Diane Warren,nm0005534,,The Journey,,,,2024
97,2024,Music,MUSIC (Original Song),MUSIC (Original Song),fake_nomid083,Sing Sing,tt28479262,Music and Lyric by Abraham Alexander and Adrian Quesada,"Abraham Alexander, Adrian Quesada","nm11153958,nm2557663",,Like A Bird,,,,2024
97,2024,Music,MUSIC (Original Song),MUSIC (Original Song),fake_nomid082,Emilia Pérez,tt20221436,Music and Lyric by Camille and Clément Ducol,"Camille, Clément Ducol","nm1722079,nm4711393",,Mi Camino,,,,2024
97,2024,Music,MUSIC (Original Song),MUSIC (Original Song),fake_nomid080,Elton John: Never Too Late,tt20316978,"Music and Lyric by Elton John, Brandi Carlile, Andrew Watt and Bernie Taupin","Elton John, Brandi Carlile, Andrew Watt, Bernie Taupin","nm0005056,nm1848488,nm3353159,nm0005479",,Never Too Late,,,,2024
97,2024,Title,BEST PICTURE,BEST PICTURE,fake_nomid002,Anora,tt28607951,"Alex Coco, Samantha Quan and Sean Baker, Producers","Alex Coco, Samantha Quan, Sean Baker","nm7866544,nm1013476,nm0048918",True,,,,,2024
97,2024,Title,BEST PICTURE,BEST PICTURE,fake_nomid004,The Brutalist,tt8999762,"Nick Gordon, Brian Young, Andrew Morrison, D.J. Gugenheim and Brady Corbet, Producers","Nick Gordon, Brian Young, Andrew Morrison, D.J. Gugenheim, Brady Corbet","nm0330482,nm1491945,nm6513341,nm1486759,nm1227232",,,,,,2024
97,2024,Title,BEST PICTURE,BEST PICTURE,fake_nomid008,A Complete Unknown,tt11563598,"Fred Berger, James Mangold and Alex Heineman, Producers","Fred Berger, James Mangold, Alex Heineman","nm1757754,nm0003506,nm2670366",,,,,,2024
97,2024,Title,BEST PICTURE,BEST PICTURE,fake_nomid003,Conclave,tt20215234,"Tessa Ross, Juliette Howell and Michael A. Jackman, Producers","Tessa Ross, Juliette Howell, Michael A. Jackman","nm0743882,nm0397998,nm0413182",,,,,,2024
97,2024,Title,BEST PICTURE,BEST PICTURE,fake_nomid005,Dune: Part Two,tt15239678,"Mary Parent, Cale Boyter, Tanya Lapointe and Denis Villeneuve, Producers","Mary Parent, Cale Boyter, Tanya Lapointe, Denis Villeneuve","nm0661289,nm1212547,nm7069070,nm0898288",,,,,,2024
97,2024,Title,BEST PICTURE,BEST PICTURE,fake_nomid006,Emilia Pérez,tt20221436,"Pascal Caucheteux and Jacques Audiard, Producers","Pascal Caucheteux, Jacques Audiard","nm0146434,nm0002191",,,,,,2024
97,2024,Title,BEST PICTURE,BEST PICTURE,fake_nomid009,I'm Still Here,tt14961016,"Maria Carlota Bruno and Rodrigo Teixeira, Producers","Maria Carlota Bruno, Rodrigo Teixeira","nm1750060,nm2095560",,,,,,2024
97,2024,Title,BEST PICTURE,BEST PICTURE,fake_nomid007,Nickel Boys,tt23055660,"Dede Gardner, Jeremy Kleiner and Joslyn Barnes, Producers","Dede Gardner, Jeremy Kleiner, Joslyn Barnes","nm0306890,nm1250070,nm0055656",,,,,,2024
97,2024,Title,BEST PICTURE,BEST PICTURE,fake_nomid001,The Substance,tt17526714,"Coralie Fargeat and Tim Bevan & Eric Fellner, Producers","Coralie Fargeat, Tim Bevan, Eric Fellner","nm0267287,nm0079677,nm0271479",,,,,,2024
97,2024,Title,BEST PICTURE,BEST PICTURE,fake_nomid000,Wicked,tt1262426,"Marc Platt, Producer",Marc Platt,nm0686887,,,,,,2024
97,2024,Production,ART DIRECTION,PRODUCTION DESIGN,fake_nomid056,The Brutalist,tt8999762,Production Design: Judy Becker; Set Decoration: Patricia Cuccia,"Judy Becker, Patricia Cuccia","nm0065473,nm0190966",,,,,,2024
97,2024,Production,ART DIRECTION,PRODUCTION DESIGN,fake_nomid059,Conclave,tt20215234,Production Design: Suzie Davies; Set Decoration: Cynthia Sleiter,"Suzie Davies, Cynthia Sleiter","nm0203990,nm0003775",,,,,,2024
97,2024,Production,ART DIRECTION,PRODUCTION DESIGN,fake_nomid057,Dune: Part Two,tt15239678,Production Design: Patrice Vermette; Set Decoration: Shane Vieau,"Patrice Vermette, Shane Vieau","nm0894411,nm0896580",,,,,,2024
97,2024,Production,ART DIRECTION,PRODUCTION DESIGN,fake_nomid058,Nosferatu,tt5040012,Production Design: Craig Lathrop; Set Decoration: Beatrice Brentnerová,"Craig Lathrop, Beatrice Brentnerová","nm0490154,nm1492239",,,,,,2024
97,2024,Production,ART DIRECTION,PRODUCTION DESIGN,fake_nomid055,Wicked,tt1262426,Production Design: Nathan Crowley; Set Decoration: Lee Sandales,"Nathan Crowley, Lee Sandales","nm0189769,nm0761227",True,,,,,2024
97,2024,Title,SHORT FILM (Live Action),SHORT FILM (Live Action),fake_nomid107,A Lien,tt27655666,Sam Cutler-Kreutz and David Cutler-Kreutz,"Sam Cutler-Kreutz, David Cutler-Kreutz","nm4972708,nm9877582",,,,,,2024
97,2024,Title,SHORT FILM (Live Action),SHORT FILM (Live Action),fake_nomid105,Anuja,tt27654431,Adam J. Graves and Suchitra Mattai,"Adam J. Graves, Suchitra Mattai","nm12809780,nm11820954",,,,,,2024
97,2024,Title,SHORT FILM (Live Action),SHORT FILM (Live Action),fake_nomid109,I'm Not a Robot,tt19837932,Victoria Warmerdam and Trent,"Victoria Warmerdam, Trent","nm6255610,nm0686692",True,,,,,2024
97,2024,Title,SHORT FILM (Live Action),SHORT FILM (Live Action),fake_nomid106,The Last Ranger,tt15802124,Cindy Lee and Darwin Shaw,"Cindy Lee, Darwin Shaw","nm8305829,nm0787430",,,,,,2024
97,2024,Title,SHORT FILM (Live Action),SHORT FILM (Live Action),fake_nomid108,The Man Who Could Not Remain Silent,tt20519854,Nebojša Slijepcevic and Danijel Pek,"Nebojša Slijepcevic, Danijel Pek","nm1196483,nm4148941",,,,,,2024
97,2024,Production,SOUND MIXING,SOUND,fake_nomid065,A Complete Unknown,tt11563598,"Tod A. Maitland, Donald Sylvester, Ted Caplan, Paul Massey and David Giammarco","Tod A. Maitland, Donald Sylvester, Ted Caplan, Paul Massey, David Giammarco","nm0537972,nm0843219,nm0135242,nm0557338,nm0316102",,,,,,2024
97,2024,Production,SOUND MIXING,SOUND,fake_nomid066,Dune: Part Two,tt15239678,"Gareth John, Richard King, Ron Bartlett and Doug Hemphill","Gareth John, Richard King, Ron Bartlett, Doug Hemphill","nm0424163,nm0455185,nm0058897,nm0376153",True,,,,,2024
97,2024,Production,SOUND MIXING,SOUND,fake_nomid067,Emilia Pérez,tt20221436,"Erwan Kerzanet, Aymeric Devoldère, Maxence Dussère, Cyril Holtz and Niels Barletta","Erwan Kerzanet, Aymeric Devoldère, Maxence Dussère, Cyril Holtz, Niels Barletta","nm1052723,nm0222862,nm5687717,nm0392652,nm4069968",,,,,,2024
97,2024,Production,SOUND MIXING,SOUND,fake_nomid068,Wicked,tt1262426,"Simon Hayes, Nancy Nugent Title, Jack Dolman, Andy Nelson and John Marquis","Simon Hayes, Nancy Nugent Title, Jack Dolman, Andy Nelson, John Marquis","nm1536532,nm0637810,nm3387973,nm0625144,nm1308738",,,,,,2024
97,2024,Production,SOUND MIXING,SOUND,fake_nomid069,The Wild Robot,tt29623480,"Randy Thom, Brian Chumney, Gary A. Rizzo and Leff Lefferts","Randy Thom, Brian Chumney, Gary A. Rizzo, Leff Lefferts","nm0858378,nm1014073,nm0729886,nm1396496",,,,,,2024
97,2024,Production,VISUAL EFFECTS,VISUAL EFFECTS,fake_nomid085,Alien: Romulus,tt18412256,"Eric Barba, Nelson Sepulveda-Fauser, Daniel Macarin and Shane Mahan","Eric Barba, Nelson Sepulveda-Fauser, Daniel Macarin, Shane Mahan","nm0053146,nm0784700,nm1652052,nm0536752",,,,,,2024
97,2024,Production,VISUAL EFFECTS,VISUAL EFFECTS,fake_nomid086,Better Man,tt14260836,"Luke Millar, David Clayton, Keith Herft and Peter Stubbs","Luke Millar, David Clayton, Keith Herft, Peter Stubbs","nm1515480,nm2238085,nm1981800,nm0835934",,,,,,2024
97,2024,Production,VISUAL EFFECTS,VISUAL EFFECTS,fake_nomid087,Dune: Part Two,tt15239678,"Paul Lambert, Stephen James, Rhys Salcombe and Gerd Nefzer","Paul Lambert, Stephen James, Rhys Salcombe, Gerd Nefzer","nm0995902,nm2133637,nm2399047,nm0275382",True,,,,,2024
97,2024,Production,VISUAL EFFECTS,VISUAL EFFECTS,fake_nomid088,Kingdom of the Planet of the Apes,tt11389872,"Erik Winquist, Stephen Unterfranz, Paul Story and Rodney Burke","Erik Winquist, Stephen Unterfranz, Paul Story, Rodney Burke","nm0935445,nm0881359,nm0832737,nm0121849",,,,,,2024
97,2024,Production,VISUAL EFFECTS,VISUAL EFFECTS,fake_nomid089,Wicked,tt1262426,"Pablo Helman, Jonathan Fawkner, David Shirk and Paul Corbould","Pablo Helman, Jonathan Fawkner, David Shirk, Paul Corbould","nm0375666,nm1000834,nm1874068,nm0179274",,,,,,2024
97,2024,Writing,WRITING (Adapted Screenplay),WRITING (Adapted Screenplay),fake_nomid041,A Complete Unknown,tt11563598,Screenplay by James Mangold and Jay Cocks,"James Mangold, Jay Cocks","nm0003506,nm0168379",,,,,,2024
97,2024,Writing,WRITING (Adapted Screenplay),WRITING (Adapted Screenplay),fake_nomid040,Conclave,tt20215234,Screenplay by Peter Straughan,Peter Straughan,nm1661186,True,,,,,2024
97,2024,Writing,WRITING (Adapted Screenplay),WRITING (Adapted Screenplay),fake_nomid042,Emilia Pérez,tt20221436,"Screenplay by Jacques Audiard; In collaboration with Thomas Bidegain, Léa Mysius and Nicolas Livecchi","Jacques Audiard, In collaboration with Thomas Bidegain, Léa Mysius, Nicolas Livecchi","nm0002191,nm0081179,nm5674565,nm5365694",,,,,,2024
97,2024,Writing,WRITING (Adapted Screenplay),WRITING (Adapted Screenplay),fake_nomid043,Nickel Boys,tt23055660,Screenplay by RaMell Ross & Joslyn Barnes,"RaMell Ross, Joslyn Barnes","nm8840476,nm0055656",,,,,,2024
97,2024,Writing,WRITING (Adapted Screenplay),WRITING (Adapted Screenplay),fake_nomid044,Sing Sing,tt28479262,"Screenplay by Clint Bentley, Greg Kwedar; Story by Clint Bentley, Greg Kwedar, Clarence Maclin, John \""Divine G\"" Whitfield","Clint Bentley, Greg Kwedar, Clarence Maclin, John \""Divine G\"" Whitfield","nm3286079,nm3613117,nm13697094,nm5874224",,,,,,2024
97,2024,Writing,WRITING (Original Screenplay),WRITING (Original Screenplay),fake_nomid035,Anora,tt28607951,Written by Sean Baker,Sean Baker,nm0048918,True,,,,,2024
97,2024,Writing,WRITING (Original Screenplay),WRITING (Original Screenplay),fake_nomid036,The Brutalist,tt8999762,"Written by Brady Corbet, Mona Fastvold","Brady Corbet, Mona Fastvold","nm1227232,nm2178754",,,,,,2024
97,2024,Writing,WRITING (Original Screenplay),WRITING (Original Screenplay),fake_nomid037,A Real Pain,tt21823606,Written by Jesse Eisenberg,Jesse Eisenberg,nm0251986,,,,,,2024
97,2024,Writing,WRITING (Original Screenplay),WRITING (Original Screenplay),fake_nomid039,September 5,tt28082769,"Written by Moritz Binder, Tim Fehlbaum; Co-Written by Alex David","Moritz Binder, Tim Fehlbaum, Alex David","nm9415549,nm2959497,nm1017048",,,,,,2024
97,2024,Writing,WRITING (Original Screenplay),WRITING (Original Screenplay),fake_nomid038,The Substance,tt17526714,Written by Coralie Fargeat,Coralie Fargeat,nm0267287,,,,,,2024
